:020000041008E2
:1000000000000828159D0C104DA90C10A9A50C1076
:1000100051A90C1055A90C1059A90C100000000092
:100020000000000000000000000000005DA60C10B1
:100030005DA90C100000000061A90C1065A90C104E
:100040009F990C10C5990C10EB990C10119A0C107B
:10005000379A0C105D9A0C10839A0C10A99A0C1008
:1000600069A90C106DA90C1071A90C1075A90C10C0
:1000700079A90C107DA90C1081A90C1085A90C1070
:1000800010271027102710271027102710271027B8
:1000900010271027102710271027102710271027A8
:1000A0001027102710271027102710271027102798
:1000B0001027102710271027102710271027102788
:1000C0001027102710271027102710271027102778
:1000D0001027102710271027102710271027102768
:1000E0001027102710271027102710271027102758
:1000F0001027102710271027102710271027102748
:100100001027102710271027102710271027102737
:100110001027102710271027102710271027102727
:100120001027102710271027102710271027102717
:100130001027102710271027102710271027102707
:1001400010271027102710271027102710271027F7
:1001500010271027102710271027102710271027E7
:1001600010271027102710271027102710271027D7
:1001700010271027102710271027102710271027C7
:1001800010271027102710271027102710271027B7
:1001900010271027102710271027102710271027A7
:1001A0001027102710271027102710271027102797
:1001B0001027102710271027102710271027102787
:1001C0001027102710271027102710271027102777
:1001D0001027102710271027102710271027102767
:1001E0001027102710271027102710271027102757
:1001F0001027102710271027102710271027102747
:100200001027102710271027102710271027102736
:100210001027102710271027102710271027102726
:100220001027102710271027102710271027102716
:100230001027102710271027102710271027102706
:1002400010271027102710271027102710271027F6
:10025000102710271027102710271027102710FB12
:1002600004FBF7FAEBFADEFAD1FAC3FAB5FAA7FA09
:1002700098FA89FA79FA69FA58FA46FA34FA20FAB9
:100280000AFAF3F9DAF9BDF99BF96DF9102710278D
:1002900010271027102710271027102710271027A6
:1002A0001027102710271027102710271027102796
:1002B0001027102710271027102710271027102786
:1002C0001027102710271027102710271027102776
:1002D0001027102710271027102710271027102766
:1002E0001027102710271027102710271027102756
:1002F0001027102710271027102710271027102746
:100300001027102710271027102710271027102735
:100310001027102710271027102710271027102725
:100320001027102710271027102710271027102715
:100330001027102710271027102710271027102705
:1003400010271027102710271027102710271027F5
:1003500010271027102710271027102710271027E5
:1003600010271027102710271027102710271027D5
:1003700010271027102710271027102710271027C5
:1003800010271027102710271027102710271027B5
:1003900010271027102710271027102710271027A5
:1003A0001027102710271027102710271027102795
:1003B0001027102710271027102710271027102785
:1003C0001027102710271027102710271027102775
:1003D0001027102710271027102710271027102765
:1003E0001027102710271027102710271027102755
:1003F0001027102710271027102710271027102745
:100400001027102710271027102710271027102734
:100410001027102710271027102710271027102724
:100420001027102710271027102710271027102714
:100430001027102710271027102710271027102704
:1004400010271027102710271027102710271027F4
:1004500010271027102710271027102710271027E4
:1004600010271027102710271027102710271027D4
:1004700010271027102710271027102710271027C4
:1004800010271027102710271027102710271027B4
:1004900010271027102710271027102710271027A4
:1004A0001027102710271027102710271027102794
:1004B0001027102710271027102710271027102784
:1004C0001027102710271027102710271027102774
:1004D0001027102710271027102710271027102764
:1004E0001027102710271027102710271027102754
:1004F0001027102710271027102710271027102744
:100500001027102710271027102710271027102733
:100510001027102710271027102710271027102723
:100520001027102710271027102710271027102713
:100530001027102710271027102710271027102703
:1005400010271027102710271027102710271027F3
:1005500010271027102710271027102710271027E3
:1005600010271027102710271027102710271027D3
:1005700010271027102710271027102710271027C3
:1005800010271027102710271027102710271027B3
:1005900010271027102710271027102710271027A3
:1005A0001027102710271027102710271027102793
:1005B0001027102710271027102710271027102783
:1005C0001027102710271027102710271027102773
:1005D0001027102710271027102710271027102763
:1005E0001027102710271027102710271027102753
:1005F0001027102710271027102710271027102743
:10060000102710271027102710271027C4FCBDFC27
:10061000B6FCAFFCA7FCA0FC99FC92FC8BFC83FC15
:100620007CFC74FC6DFC65FC5EFC56FC4FFC47FCDE
:100630003FFC37FC30FC28FC20FC18FC10FC07FCBD
:10064000FFFBF7FBEFFBE6FBDEFBD5FBCDFBC4FBC3
:10065000BBFBB2FBAAFBA1FB97FB8EFB85FB7CFBE4
:1006600072FB69FB5FFB55FB4BFB41FB37FB2DFB33
:1006700023FB18FB0EFB03FBF8FAEDFAE1FAD6FABE
:10068000CAFABEFAB2FAA6FA99FA8CFA7FFA72FAA4
:1006900064FA56FA47FA38FA28FA18FA07FAF6F915
:1006A000E4F9D0F9BCF9A6F98EF974F956F932F9E2
:1006B00002F91027102710271027102710271027BE
:1006C0001027102710271027102710271027102772
:1006D0001027102710271027102710271027102762
:1006E0001027102710271027102710271027102752
:1006F0001027102710271027102710271027102742
:100700001027102710271027102710271027102731
:100710001027102710271027102710271027102721
:100720001027102710271027102710271027102711
:100730001027102710271027102710271027102701
:1007400010271027102710271027102710271027F1
:1007500010271027102710271027102710271027E1
:1007600010271027102710271027102710271027D1
:1007700010271027102710271027102710271027C1
:1007800010271027102710271027102710271027B1
:1007900010271027102710271027102710271027A1
:1007A0001027102710271027102710271027102791
:1007B0001027102710271027102710271027102781
:1007C0001027102710271027102710271027102771
:1007D0001027102710271027102710271027102761
:1007E0001027102710271027102710271027102751
:1007F0001027102710271027102710271027102741
:100800001027102710271027102710271027102730
:100810001027102710271027102710271027102720
:100820001027102710271027102710271027102710
:100830001027102710271027102710271027102700
:1008400010271027102710271027102710271027F0
:1008500010271027102710271027102710271027E0
:1008600010271027102710271027102710271027D0
:1008700010271027102710271027102710271027C0
:1008800010271027102710271027102710271027B0
:1008900010271027102710271027102710271027A0
:1008A0001027102710271027102710271027102790
:1008B0001027102710271027102710271027102780
:1008C0001027102710271027102710271027102770
:1008D0001027102710271027102710271027102760
:1008E0001027102710271027102710271027102750
:1008F0001027102710271027102710271027102740
:10090000102710271027102710271027102710272F
:10091000102710271027102710271027102710271F
:10092000102710271027102710271027102710270F
:1009300010271027102710271027102710271027FF
:1009400010271027102710271027102710271027EF
:1009500010271027102710271027102710271027DF
:1009600010271027102710271027102710271027CF
:1009700010271027102710271027102710271027BF
:1009800010271027102710271027102710271027AF
:10099000102710271027102710271027102710279F
:1009A000102710271027102710271027102710278F
:1009B000102710271027102710271027E1FDDBFD37
:1009C000D6FDD0FDCAFDC4FDBFFDB9FDB3FDADFD33
:1009D000A7FDA1FD9BFD96FD90FD8AFD84FD7EFD9A
:1009E00078FD72FD6CFD65FD5FFD59FD53FD4DFD0C
:1009F00047FD40FD3AFD34FD2EFD27FD21FD1BFD89
:100A000014FD0EFD07FD01FDFAFCF4FCEDFCE7FC16
:100A1000E0FCD9FCD3FCCCFCC5FCBFFCB8FCB1FCB1
:100A2000AAFCA3FC9CFC95FC8EFC87FC80FC79FC5A
:100A300072FC6BFC63FC5CFC55FC4EFC46FC3FFC12
:100A400037FC30FC28FC21FC19FC11FC0AFC02FCE0
:100A5000FAFBF2FBEAFBE2FBDAFBD2FBCAFBC2FBCE
:100A6000B9FBB1FBA9FBA0FB98FB8FFB86FB7EFBD0
:100A700075FB6CFB63FB5AFB51FB48FB3EFB35FBF4
:100A80002BFB22FB18FB0EFB05FBFBFAF0FAE6FA48
:100A9000DCFAD1FAC7FABCFAB1FAA6FA9BFA8FFAD5
:100AA00084FA78FA6CFA60FA54FA47FA3AFA2DFAAC
:100AB0001FFA12FA03FAF5F9E6F9D6F9C6F9B6F90A
:100AC000A5F993F980F96CF957F941F929F90EF96B
:100AD000EFF8CAF896F810271027102710271027CC
:100AE000102710271027102710271027102710274E
:100AF000102710271027102710271027102710273E
:100B0000102710271027102710271027102710272D
:100B1000102710271027102710271027102710271D
:100B2000102710271027102710271027102710270D
:100B300010271027102710271027102710271027FD
:100B400010271027102710271027102710271027ED
:100B500010271027102710271027102710271027DD
:100B600010271027102710271027102710271027CD
:100B700010271027102710271027102710271027BD
:100B800010271027102710271027102710271027AD
:100B9000102710271027102710271027102710279D
:100BA000102710271027102710271027102710278D
:100BB000102710271027102710271027102710277D
:100BC000102710271027102710271027102710276D
:100BD000102710271027102710271027102710275D
:100BE000102710271027102710271027102710274D
:100BF000102710271027102710271027102710273D
:100C0000102710271027102710271027102710272C
:100C1000102710271027102710271027102710271C
:100C2000102710271027102710271027102710270C
:100C300010271027102710271027102710271027FC
:100C400010271027102710271027102710271027EC
:100C500010271027102710271027102710271027DC
:100C600010271027102710271027102710271027CC
:100C700010271027102710271027102710271027BC
:100C800010271027102710271027102710271027AC
:100C9000102710271027102710271027102710279C
:100CA000102710271027102710271027102710278C
:100CB000102710271027102710271027102710277C
:100CC000102710271027102710271027102710276C
:100CD000102710271027102710271027102710275C
:100CE000102710271027102710271027102710274C
:100CF000102710271027102710271027102710273C
:100D0000102710271027102710271027102710272B
:100D1000102710271027102710271027102710271B
:100D2000102710271027102710271027102710270B
:100D300010271027102710271027102710271027FB
:100D400010271027102710271027102710271027EB
:100D500010271027102710271027102710271027DB
:100D60001027102710271027102710271027C5FE3F
:100D7000C0FEBBFEB5FEB0FEABFEA6FEA1FE9CFE15
:100D800097FE92FE8DFE88FE82FE7DFE78FE73FE4B
:100D90006EFE69FE63FE5EFE59FE54FE4EFE49FE87
:100DA00044FE3EFE39FE34FE2EFE29FE23FE1EFECC
:100DB00019FE13FE0EFE08FE03FEFDFDF8FDF2FD1A
:100DC000EDFDE7FDE1FDDCFDD6FDD1FDCBFDC5FD73
:100DD000C0FDBAFDB4FDAEFDA9FDA3FD9DFD97FDCF
:100DE00092FD8CFD86FD80FD7AFD74FD6EFD68FD33
:100DF00062FD5CFD56FD50FD4AFD44FD3EFD38FDA3
:100E000032FD2CFD25FD1FFD19FD13FD0CFD06FD1A
:100E100000FDF9FCF3FCEDFCE6FCE0FCD9FCD3FCA6
:100E2000CCFCC6FCBFFCB9FCB2FCABFCA5FC9EFC38
:100E300097FC90FC8AFC83FC7CFC75FC6EFC67FCD8
:100E400060FC59FC52FC4BFC44FC3DFC35FC2EFC88
:100E500027FC20FC18FC11FC09FC02FCFAFBF3FB4C
:100E6000EBFBE4FBDCFBD4FBCDFBC5FBBDFBB5FB27
:100E7000ADFBA5FB9DFB95FB8DFB84FB7CFB74FB15
:100E80006BFB63FB5AFB52FB49FB41FB38FB2FFB1F
:100E900026FB1DFB14FB0BFB02FBF8FAEFFAE5FA4D
:100EA000DCFAD2FAC8FABEFAB4FAAAFAA0FA96FAAA
:100EB0008BFA81FA76FA6BFA60FA55FA4AFA3FFA37
:100EC00033FA27FA1BFA0FFA03FAF6F9E9F9DCF913
:100ED000CEF9C1F9B3F9A4F995F986F977F966F96C
:100EE00056F944F932F91FF90BF9F6F8DFF8C6F8AC
:100EF000ABF88CF867F835F8102710271027102763
:100F00001027102710271027102710271027102729
:100F10001027102710271027102710271027102719
:100F20001027102710271027102710271027102709
:100F300010271027102710271027102710271027F9
:100F400010271027102710271027102710271027E9
:100F500010271027102710271027102710271027D9
:100F600010271027102710271027102710271027C9
:100F700010271027102710271027102710271027B9
:100F800010271027102710271027102710271027A9
:100F90001027102710271027102710271027102799
:100FA0001027102710271027102710271027102789
:100FB0001027102710271027102710271027102779
:100FC0001027102710271027102710271027102769
:100FD0001027102710271027102710271027102759
:100FE0001027102710271027102710271027102749
:100FF0001027102710271027102710271027102739
:101000001027102710271027102710271027102728
:101010001027102710271027102710271027102718
:101020001027102710271027102710271027102708
:1010300010271027102710271027102710271027F8
:1010400010271027102710271027102710271027E8
:1010500010271027102710271027102710271027D8
:1010600010271027102710271027102710271027C8
:1010700010271027102710271027102710271027B8
:1010800010271027102710271027102710271027A8
:101090001027102710271027102710271027102798
:1010A0001027102710271027102710271027102788
:1010B0001027102710271027102710271027102778
:1010C0001027102710271027102710271027102768
:1010D0001027102710271027102710271027102758
:1010E0001027102710271027102710271027102748
:1010F0001027102710271027102710271027102738
:101100001027102710271027102710271027102727
:101110001027102710271027102710271027102717
:101120008BFF87FF82FF7EFF79FF74FF70FF6BFFED
:1011300066FF62FF5DFF58FF54FF4FFF4AFF46FF07
:1011400041FF3CFF38FF33FF2EFF29FF25FF20FF23
:101150001BFF16FF11FF0DFF08FF03FFFEFEF9FE48
:10116000F4FEF0FEEBFEE6FEE1FEDCFED7FED2FE74
:10117000CDFEC8FEC3FEBEFEB9FEB4FEAFFEAAFEA3
:10118000A5FEA0FE9BFE96FE91FE8CFE87FE82FED3
:101190007DFE77FE72FE6DFE68FE63FE5EFE58FE0B
:1011A00053FE4EFE49FE43FE3EFE39FE34FE2EFE49
:1011B00029FE24FE1EFE19FE13FE0EFE09FE03FE8E
:1011C000FEFDF8FDF3FDEDFDE8FDE2FDDDFDD7FDE3
:1011D000D2FDCCFDC7FDC1FDBBFDB6FDB0FDABFD35
:1011E000A5FD9FFD99FD94FD8EFD88FD82FD7DFD91
:1011F00077FD71FD6BFD65FD5FFD5AFD54FD4EFDF4
:1012000048FD42FD3CFD36FD30FD2AFD24FD1EFD5E
:1012100017FD11FD0BFD05FDFFFCF9FCF2FCECFCDC
:10122000E6FCE0FCD9FCD3FCCCFCC6FCC0FCB9FC61
:10123000B3FCACFCA6FC9FFC99FC92FC8CFC85FCEE
:101240007EFC78FC71FC6AFC63FC5DFC56FC4FFC88
:1012500048FC41FC3AFC33FC2CFC25FC1EFC17FC32
:1012600010FC09FC01FCFAFBF3FBECFBE4FBDDFBEF
:10127000D5FBCEFBC6FBBFFBB7FBB0FBA8FBA0FBBF
:1012800099FB91FB89FB81FB79FB71FB69FB61FB9E
:1012900059FB51FB49FB41FB38FB30FB27FB1FFB94
:1012A00016FB0EFB05FBFCFAF4FAEBFAE2FAD9FAAC
:1012B000D0FAC7FABDFAB4FAABFAA1FA98FA8EFAE4
:1012C00084FA7AFA70FA66FA5CFA52FA48FA3DFA47
:1012D00033FA28FA1DFA12FA07FAFCF9F0F9E5F9DF
:1012E000D9F9CDF9C1F9B5F9A8F99BF98EF981F9C8
:1012F00073F965F957F949F93AF92BF91BF90BF923
:10130000FAF8E8F8D6F8C3F8AFF89AF884F86CF869
:1013100052F834F812F8E6F79CF710271027102738
:101320001027102710271027102710271027102705
:1013300010271027102710271027102710271027F5
:1013400010271027102710271027102710271027E5
:1013500010271027102710271027102710271027D5
:1013600010271027102710271027102710271027C5
:1013700010271027102710271027102710271027B5
:1013800010271027102710271027102710271027A5
:101390001027102710271027102710271027102795
:1013A0001027102710271027102710271027102785
:1013B0001027102710271027102710271027102775
:1013C0001027102710271027102710271027102765
:1013D0001027102710271027102710271027102755
:1013E0001027102710271027102710271027102745
:1013F0001027102710271027102710271027102735
:101400001027102710271027102710271027102724
:101410001027102710271027102710271027102714
:101420001027102710271027102710271027102704
:1014300010271027102710271027102710271027F4
:1014400010271027102710271027102710271027E4
:1014500010271027102710271027102710271027D4
:1014600010271027102710271027102710271027C4
:1014700010271027102710271027102710271027B4
:1014800010271027102710271027102710271027A4
:101490001027102710271027102710271027102794
:1014A0001027102710271027102710271027102784
:1014B0001027102710271027102710271027102774
:1014C0001027102710271027102710271027102764
:1014D000102710273B00360032002E002A0025007E
:1014E00021001D001800140010000B00070003006D
:1014F000FEFFFAFFF6FFF1FFEDFFE8FFE4FFE0FF7C
:10150000DBFFD7FFD2FFCEFFC9FFC5FFC0FFBCFF87
:10151000B8FFB3FFAFFFAAFFA6FFA1FF9DFF98FF93
:1015200093FF8FFF8AFF86FF81FF7DFF78FF73FFA8
:101530006FFF6AFF66FF61FF5CFF58FF53FF4EFFBE
:101540004AFF45FF40FF3CFF37FF32FF2DFF29FFD9
:1015500024FF1FFF1AFF16FF11FF0CFF07FF02FFFA
:10156000FEFEF9FEF4FEEFFEEAFEE5FEE1FEDCFE25
:10157000D7FED2FECDFEC8FEC3FEBEFEB9FEB4FE4F
:10158000AFFEAAFEA5FEA0FE9BFE96FE91FE8CFE7F
:1015900087FE82FE7DFE78FE73FE6EFE68FE63FEB1
:1015A0005EFE59FE54FE4FFE49FE44FE3FFE3AFEEB
:1015B00035FE2FFE2AFE25FE1FFE1AFE15FE0FFE2B
:1015C0000AFE05FEFFFDFAFDF5FDEFFDEAFDE4FD77
:1015D000DFFDD9FDD4FDCEFDC9FDC3FDBEFDB8FDC7
:1015E000B3FDADFDA8FDA2FD9CFD97FD91FD8BFD1A
:1015F00086FD80FD7AFD75FD6FFD69FD63FD5EFD75
:1016000058FD52FD4CFD46FD40FD3BFD35FD2FFDD7
:1016100029FD23FD1DFD17FD11FD0BFD05FDFFFC43
:10162000F9FCF2FCECFCE6FCE0FCDAFCD4FCCDFCC2
:10163000C7FCC1FCBBFCB4FCAEFCA8FCA1FC9BFC41
:1016400094FC8EFC88FC81FC7BFC74FC6DFC67FCCC
:1016500060FC5AFC53FC4CFC46FC3FFC38FC31FC63
:101660002AFC24FC1DFC16FC0FFC08FC01FCFAFB08
:10167000F3FBECFBE5FBDEFBD7FBCFFBC8FBC1FBC1
:10168000BAFBB2FBABFBA4FB9CFB95FB8DFB86FB83
:101690007EFB76FB6FFB67FB5FFB58FB50FB48FB59
:1016A00040FB38FB30FB28FB20FB18FB10FB07FB43
:1016B000FFFAF7FAEEFAE6FADDFAD5FACCFAC4FA4E
:1016C000BBFAB2FAA9FAA0FA97FA8EFA85FA7CFA6E
:1016D00073FA69FA60FA56FA4DFA43FA39FA30FAAF
:1016E00026FA1CFA12FA07FAFDF9F3F9E8F9DDF91E
:1016F000D2F9C8F9BCF9B1F9A6F99AF98FF983F9C9
:1017000077F96BF95EF952F945F938F92BF91DF9BA
:101710000FF901F9F3F8E4F8D5F8C5F8B5F8A5F82C
:1017200094F882F86FF85CF848F832F81BF803F880
:10173000E8F7C9F7A6F779F725F71027102710273C
:1017400010271027102710271027102710271027E1
:1017500010271027102710271027102710271027D1
:1017600010271027102710271027102710271027C1
:1017700010271027102710271027102710271027B1
:1017800010271027102710271027102710271027A1
:101790001027102710271027102710271027102791
:1017A0001027102710271027102710271027102781
:1017B0001027102710271027102710271027102771
:1017C0001027102710271027102710271027102761
:1017D0001027102710271027102710271027102751
:1017E0001027102710271027102710271027102741
:1017F0001027102710271027102710271027102731
:101800001027102710271027102710271027102720
:101810001027102710271027102710271027102710
:101820001027102710271027102710271027102700
:1018300010271027102710271027102710271027F0
:1018400010271027102710271027102710271027E0
:1018500010271027102710271027102710271027D0
:1018600010271027102710271027102710271027C0
:1018700010271027102710271027102710271027B0
:1018800010271027102710271027D900D500D100C6
:10189000CD00C900C500C100BD00B900B400B00052
:1018A000AC00A800A400A0009C00980093008F004A
:1018B0008B00870083007F007B00760072006E0043
:1018C0006A00660061005D005900550050004C0040
:1018D000480044003F003B00370033002E002A0040
:1018E000260021001D001900140010000C00070044
:1018F0000300FFFFFAFFF6FFF2FFEDFFE9FFE4FF51
:10190000E0FFDCFFD7FFD3FFCEFFCAFFC5FFC1FF5B
:10191000BDFFB8FFB4FFAFFFABFFA6FFA2FF9DFF67
:1019200099FF94FF8FFF8BFF86FF82FF7DFF79FF7A
:1019300074FF6FFF6BFF66FF62FF5DFF58FF54FF90
:101940004FFF4AFF46FF41FF3CFF38FF33FF2EFFAA
:101950002AFF25FF20FF1BFF17FF12FF0DFF08FFC7
:1019600004FFFFFEFAFEF5FEF0FEEBFEE7FEE2FEF0
:10197000DDFED8FED3FECEFEC9FEC5FEC0FEBBFE18
:10198000B6FEB1FEACFEA7FEA2FE9DFE98FE93FE43
:101990008EFE89FE84FE7FFE7AFE75FE70FE6BFE73
:1019A00065FE60FE5BFE56FE51FE4CFE47FE41FEAC
:1019B0003CFE37FE32FE2DFE27FE22FE1DFE18FEE7
:1019C00012FE0DFE08FE03FEFDFDF8FDF3FDEDFD2C
:1019D000E8FDE2FDDDFDD8FDD2FDCDFDC7FDC2FD78
:1019E000BCFDB7FDB1FDACFDA6FDA1FD9BFD96FDC7
:1019F00090FD8BFD85FD7FFD7AFD74FD6EFD69FD1B
:101A000063FD5DFD58FD52FD4CFD46FD41FD3BFD76
:101A100035FD2FFD29FD23FD1EFD18FD12FD0CFDDA
:101A200006FD00FDFAFCF4FCEEFCE8FCE2FCDCFC4C
:101A3000D6FCD0FCC9FCC3FCBDFCB7FCB1FCABFCC4
:101A4000A4FC9EFC98FC92FC8BFC85FC7FFC78FC43
:101A500072FC6BFC65FC5EFC58FC52FC4BFC44FCCD
:101A60003EFC37FC31FC2AFC23FC1DFC16FC0FFC61
:101A700009FC02FCFBFBF4FBEDFBE6FBDFFBD8FB08
:101A8000D2FBCBFBC3FBBCFBB5FBAEFBA7FBA0FBB8
:101A900099FB92FB8AFB83FB7CFB74FB6DFB65FB74
:101AA0005EFB57FB4FFB47FB40FB38FB31FB29FB41
:101AB00021FB19FB11FB0AFB02FBFAFAF2FAEAFA24
:101AC000E2FAD9FAD1FAC9FAC1FAB8FAB0FAA8FA20
:101AD0009FFA97FA8EFA85FA7DFA74FA6BFA62FA2F
:101AE00059FA50FA47FA3EFA35FA2CFA23FA19FA5B
:101AF00010FA06FAFCF9F3F9E9F9DFF9D5F9CBF9AF
:101B0000C1F9B7F9ACF9A2F997F98DF982F977F92A
:101B10006CF961F955F94AF93EF932F926F91AF9E1
:101B20000EF902F9F5F8E8F8DBF8CDF8C0F8B2F8EC
:101B3000A4F895F886F877F868F858F847F836F872
:101B400024F812F8FFF7EBF7D6F7BFF7A7F78DF7F2
:101B500071F750F728F7F1F61027102710271027F4
:101B600010271027102710271027102710271027BD
:101B700010271027102710271027102710271027AD
:101B8000102710271027102710271027102710279D
:101B9000102710271027102710271027102710278D
:101BA000102710271027102710271027102710277D
:101BB000102710271027102710271027102710276D
:101BC000102710271027102710271027102710275D
:101BD000102710271027102710271027102710274D
:101BE000102710271027102710271027102710273D
:101BF000102710271027102710271027102710272D
:101C0000102710271027102710271027102710271C
:101C1000102710271027102710271027102710270C
:101C200010271027102710271027102710271027FC
:101C300010271027102710271027102710271027EC
:101C40006E016A01660162015E015A01570153018A
:101C50004F014B01470143013F013B013701330174
:101C60002F012B012701230120011C011801140160
:101C700010010C01080104010001FC00F800F4004F
:101C8000F000EC00E800E400DF00DB00D700D30048
:101C9000CF00CB00C700C300BF00BB00B700B3003C
:101CA000AF00AA00A600A2009E009A009600920033
:101CB0008D008900850081007D007900740070002E
:101CC0006C00680064005F005B00570053004E002A
:101CD0004A00460042003D003900350031002C002A
:101CE000280024001F001B00170012000E000A002D
:101CF00005000100FDFFF8FFF4FFF0FFEBFFE7FF39
:101D0000E2FFDEFFD9FFD5FFD1FFCCFFC8FFC3FF45
:101D1000BFFFBAFFB6FFB1FFADFFA8FFA4FF9FFF53
:101D20009BFF96FF92FF8DFF89FF84FF80FF7BFF63
:101D300077FF72FF6DFF69FF64FF60FF5BFF56FF77
:101D400052FF4DFF48FF44FF3FFF3AFF36FF31FF90
:101D50002CFF28FF23FF1EFF19FF15FF10FF0BFFAD
:101D600007FF02FFFDFEF8FEF3FEEFFEEAFEE5FED2
:101D7000E0FEDBFED6FED2FECDFEC8FEC3FEBEFEFA
:101D8000B9FEB4FEAFFEAAFEA5FEA1FE9CFE97FE24
:101D900092FE8DFE88FE83FE7EFE79FE74FE6FFE4F
:101DA00069FE64FE5FFE5AFE55FE50FE4BFE46FE87
:101DB00041FE3CFE36FE31FE2CFE27FE22FE1CFEBE
:101DC00017FE12FE0DFE08FE02FEFDFDF8FDF2FDFF
:101DD000EDFDE8FDE2FDDDFDD8FDD2FDCDFDC8FD48
:101DE000C2FDBDFDB7FDB2FDADFDA7FDA2FD9CFD91
:101DF00097FD91FD8CFD86FD81FD7BFD75FD70FDE0
:101E00006AFD65FD5FFD59FD54FD4EFD48FD43FD36
:101E10003DFD37FD31FD2CFD26FD20FD1AFD14FD95
:101E20000FFD09FD03FDFDFCF7FCF1FCEBFCE5FCFF
:101E3000DFFCDAFCD4FCCEFCC8FCC1FCBBFCB5FC6E
:101E4000AFFCA9FCA3FC9DFC97FC91FC8AFC84FCE4
:101E50007EFC78FC71FC6BFC65FC5FFC58FC52FC62
:101E60004CFC45FC3FFC38FC32FC2BFC25FC1EFCEA
:101E700018FC11FC0BFC04FCFDFBF7FBF0FBE9FB81
:101E8000E3FBDCFBD5FBCEFBC7FBC1FBBAFBB3FB23
:101E9000ACFBA5FB9EFB97FB90FB89FB82FB7BFBCE
:101EA00074FB6DFB65FB5EFB57FB50FB48FB41FB86
:101EB0003AFB32FB2BFB23FB1CFB14FB0DFB05FB4E
:101EC000FDFAF6FAEEFAE6FADFFAD7FACFFAC7FA2F
:101ED000BFFAB7FAAFFAA7FA9FFA97FA8FFA86FA1B
:101EE0007EFA76FA6DFA65FA5DFA54FA4BFA43FA1D
:101EF0003AFA31FA29FA20FA17FA0EFA05FAFCF939
:101F0000F3F9EAF9E0F9D7F9CEF9C4F9BBF9B1F977
:101F1000A7F99DF994F98AF980F975F96BF961F9D6
:101F200056F94CF941F937F92CF921F916F90AF962
:101F3000FFF8F4F8E8F8DCF8D0F8C4F8B8F8ACF832
:101F40009FF892F885F878F86AF85DF84FF840F84D
:101F500032F823F813F804F8F3F7E3F7D2F7C0F7F1
:101F6000ADF79AF786F771F75BF743F729F70DF7A7
:101F7000EDF6C7F695F61027102710271027102723
:101F80001027102710271027102710271027102799
:101F90001027102710271027102710271027102789
:101FA0001027102710271027102710271027102779
:101FB0001027102710271027102710271027102769
:101FC0001027102710271027102710271027102759
:101FD0001027102710271027102710271027102749
:101FE0001027102710271027102710271027102739
:101FF000102710271027FB01F701F401F001EC0175
:10200000E801E501E101DD01D901D601D201CE01EE
:10201000CA01C701C301BF01BB01B701B401B001CF
:10202000AC01A801A401A1019D01990195019101B3
:102030008D018A01860182017E017A017601720199
:102040006F016B01670163015F015B015701530180
:102050004F014B014701440140013C01380134016B
:1020600030012C012801240120011C011801140158
:1020700010010C01080104010001FC00F800F4004B
:10208000F000EC00E800E400E000DC00D800D40040
:10209000CF00CB00C700C300BF00BB00B700B30038
:1020A000AF00AB00A600A2009E009A00960092002E
:1020B0008E008900850081007D0079007400700029
:1020C0006C00680064005F005B00570053004E0026
:1020D0004A00460042003D003900350030002C0027
:1020E000280024001F001B00170012000E000A0029
:1020F00005000100FDFFF8FFF4FFEFFFEBFFE7FF36
:10210000E2FFDEFFD9FFD5FFD1FFCCFFC8FFC3FF41
:10211000BFFFBAFFB6FFB1FFADFFA8FFA4FF9FFF4F
:102120009BFF96FF92FF8DFF89FF84FF80FF7BFF5F
:1021300077FF72FF6DFF69FF64FF60FF5BFF56FF73
:1021400052FF4DFF49FF44FF3FFF3BFF36FF31FF8A
:102150002DFF28FF23FF1FFF1AFF15FF10FF0CFFA5
:1021600007FF02FFFDFEF9FEF4FEEFFEEAFEE5FECC
:10217000E1FEDCFED7FED2FECDFEC8FEC4FEBFFEF1
:10218000BAFEB5FEB0FEABFEA6FEA1FE9CFE98FE1A
:1021900093FE8EFE89FE84FE7FFE7AFE75FE70FE43
:1021A0006BFE66FE61FE5CFE57FE51FE4CFE47FE76
:1021B00042FE3DFE38FE33FE2EFE29FE23FE1EFEAD
:1021C00019FE14FE0FFE0AFE04FEFFFDFAFDF5FDEA
:1021D000EFFDEAFDE5FDE0FDDAFDD5FDD0FDCAFD30
:1021E000C5FDC0FDBAFDB5FDAFFDAAFDA5FD9FFD76
:1021F0009AFD94FD8FFD89FD84FD7EFD79FD73FDC3
:102200006EFD68FD63FD5DFD58FD52FD4CFD47FD13
:1022100041FD3CFD36FD30FD2BFD25FD1FFD19FD6B
:1022200014FD0EFD08FD02FDFDFCF7FCF1FCEBFCCE
:10223000E5FCE0FCDAFCD4FCCEFCC8FCC2FCBCFC37
:10224000B6FCB0FCAAFCA4FC9EFC98FC92FC8CFCA6
:1022500086FC80FC7AFC73FC6DFC67FC61FC5BFC1B
:1022600054FC4EFC48FC42FC3BFC35FC2FFC28FC9B
:1022700022FC1CFC15FC0FFC08FC02FCFBFBF5FB24
:10228000EEFBE8FBE1FBDBFBD4FBCDFBC7FBC0FBBC
:10229000B9FBB3FBACFBA5FB9EFB97FB91FB8AFB59
:1022A00083FB7CFB75FB6EFB67FB60FB59FB52FB02
:1022B0004BFB44FB3DFB36FB2EFB27FB20FB19FBB6
:1022C00011FB0AFB03FBFBFAF4FAECFAE5FADDFA80
:1022D000D6FACEFAC7FABFFAB7FAB0FAA8FAA0FA55
:1022E00098FA91FA89FA81FA79FA71FA69FA61FA37
:1022F00059FA50FA48FA40FA38FA2FFA27FA1EFA31
:1023000016FA0DFA05FAFCF9F4F9EBF9E2F9D9F944
:10231000D0F9C8F9BFF9B5F9ACF9A3F99AF991F96F
:1023200087F97EF974F96BF961F957F94EF944F9B7
:102330003AF930F926F91CF911F907F9FCF8F2F825
:10234000E7F8DCF8D1F8C6F8BBF8B0F8A5F899F8CA
:102350008DF882F876F86AF85DF851F844F838F8A4
:102360002BF81DF810F802F8F4F7E6F7D8F7C9F7DC
:10237000BAF7AAF79AF78AF779F768F756F743F7A3
:1023800030F71CF706F7F0F6D8F6BEF6A1F681F6A0
:102390005CF62BF610271027102710271027102780
:1023A0001027102710271027102710271027102775
:1023B00010271027102710271027690265026202D4
:1023C0005E025A025702530250024C024802450272
:1023D00041023D023A02360232022F022B0227024C
:1023E000230220021C021802150211020D020A0229
:1023F00006020202FE01FB01F701F301EF01EC010D
:10240000E801E401E001DD01D901D501D101CD01EF
:10241000CA01C601C201BE01BA01B701B301AF01D1
:10242000AB01A701A301A0019C01980194019001B7
:102430008C018901850181017D017901750171019D
:102440006D016901660162015E015A015601520186
:102450004E014A01460142013E013A013601320174
:102460002E012A01260122011E011A011601120164
:102470000E010A0106010201FE00FA00F600F20058
:10248000EE00EA00E600E200DE00DA00D600D2004C
:10249000CE00CA00C500C100BD00B900B500B10042
:1024A000AD00A900A500A0009C0098009400900039
:1024B0008C00870083007F007B00770072006E0035
:1024C0006A00660062005D005900550051004C0032
:1024D0004800440040003B00370033002E002A0033
:1024E000260021001D001900140010000C00070038
:1024F0000300FFFFFAFFF6FFF2FFEDFFE9FFE4FF45
:10250000E0FFDCFFD7FFD3FFCEFFCAFFC6FFC1FF4E
:10251000BDFFB8FFB4FFAFFFABFFA6FFA2FF9DFF5B
:1025200099FF94FF90FF8BFF87FF82FF7EFF79FF6B
:1025300074FF70FF6BFF67FF62FF5EFF59FF54FF80
:1025400050FF4BFF47FF42FF3DFF39FF34FF2FFF96
:102550002BFF26FF21FF1DFF18FF13FF0EFF0AFFB1
:1025600005FF00FFFBFEF7FEF2FEEDFEE8FEE4FED7
:10257000DFFEDAFED5FED0FECCFEC7FEC2FEBDFEFB
:10258000B8FEB3FEAEFEAAFEA5FEA0FE9BFE96FE22
:1025900091FE8CFE87FE82FE7DFE78FE73FE6EFE4F
:1025A00069FE64FE5FFE5AFE55FE50FE4BFE46FE7F
:1025B00041FE3CFE37FE32FE2DFE28FE23FE1DFEB0
:1025C00018FE13FE0EFE09FE04FEFFFDF9FDF4FDEC
:1025D000EFFDEAFDE4FDDFFDDAFDD5FDCFFDCAFD2F
:1025E000C5FDC0FDBAFDB5FDB0FDAAFDA5FD9FFD71
:1025F0009AFD95FD8FFD8AFD84FD7FFD7AFD74FDBA
:102600006FFD69FD64FD5EFD59FD53FD4EFD48FD06
:1026100043FD3DFD37FD32FD2CFD27FD21FD1BFD5A
:1026200016FD10FD0AFD05FDFFFCF9FCF3FCEEFCB8
:10263000E8FCE2FCDCFCD7FCD1FCCBFCC5FCBFFC1D
:10264000B9FCB3FCAEFCA8FCA2FC9CFC96FC90FC84
:102650008AFC84FC7EFC78FC72FC6CFC66FC60FCF2
:1026600059FC53FC4DFC47FC41FC3BFC34FC2EFC6C
:1026700028FC22FC1CFC15FC0FFC09FC02FCFCFBEA
:10268000F6FBEFFBE9FBE2FBDCFBD5FBCFFBC8FB7A
:10269000C2FBBBFBB5FBAEFBA8FBA1FB9AFB94FB0B
:1026A0008DFB86FB80FB79FB72FB6BFB64FB5EFBA7
:1026B00057FB50FB49FB42FB3BFB34FB2DFB26FB4E
:1026C0001FFB18FB11FB0AFB03FBFCFAF4FAEDFA03
:1026D000E6FADFFAD7FAD0FAC9FAC1FABAFAB2FAC8
:1026E000ABFAA3FA9CFA94FA8DFA85FA7EFA76FA96
:1026F0006EFA66FA5FFA57FA4FFA47FA3FFA37FA74
:102700002FFA27FA1FFA17FA0FFA07FAFEF9F6F965
:10271000EEF9E5F9DDF9D5F9CCF9C4F9BBF9B2F96F
:10272000AAF9A1F998F98FF987F97EF975F96CF989
:1027300063F959F950F947F93EF934F92BF921F9C0
:1027400018F90EF904F9FAF8F1F8E7F8DDF8D3F81A
:10275000C8F8BEF8B4F8A9F89FF894F889F87EF89C
:1027600074F868F85DF852F847F83BF82FF824F849
:1027700018F80BF8FFF7F3F7E6F7D9F7CCF7BFF740
:10278000B2F7A4F796F788F77AF76BF75CF74DF78F
:102790003DF72DF71CF70BF7FAF6E8F6D5F6C1F67C
:1027A000ADF697F68F028C028802850281027D02C7
:1027B0007A02760272026F026B02680264026002A1
:1027C0005D025902550252024E024A02470243027A
:1027D0003F023C023802340230022D022902250257
:1027E00022021E021A02160213020F020B02070235
:1027F00004020002FC01F801F501F101ED01E9011B
:10280000E601E201DE01DA01D601D301CF01CB01FD
:10281000C701C301C001BC01B801B401B001AC01E2
:10282000A901A501A1019D019901950191018E01C7
:102830008A01860182017E017A01760172016E01B0
:102840006A01670163015F015B01570153014F0199
:102850004B01470143013F013B01370133012F0188
:102860002B01270123011F011B01170113010F0178
:102870000B0107010301FF00FB00F700F300EF006D
:10288000EB00E700E300DF00DA00D600D200CE0064
:10289000CA00C600C200BE00BA00B600B100AD005A
:1028A000A900A500A1009D009800940090008C0054
:1028B000880084007F007B00770073006F006A004F
:1028C000660062005E005900550051004D0048004E
:1028D000440040003C00370033002F002A0026004F
:1028E00022001D001900150010000C000800030054
:1028F000FFFFFBFFF6FFF2FFEEFFE9FFE5FFE0FF62
:10290000DCFFD8FFD3FFCFFFCAFFC6FFC1FFBDFF6B
:10291000B9FFB4FFB0FFABFFA7FFA2FF9EFF99FF77
:1029200095FF90FF8CFF87FF83FF7EFF79FF75FF88
:1029300070FF6CFF67FF63FF5EFF59FF55FF50FF9D
:102940004CFF47FF42FF3EFF39FF35FF30FF2BFFB3
:1029500027FF22FF1DFF19FF14FF0FFF0AFF06FFCD
:1029600001FFFCFEF8FEF3FEEEFEE9FEE4FEE0FEF3
:10297000DBFED6FED1FECDFEC8FEC3FEBEFEB9FE16
:10298000B4FEB0FEABFEA6FEA1FE9CFE97FE92FE3C
:102990008DFE89FE84FE7FFE7AFE75FE70FE6BFE64
:1029A00066FE61FE5CFE57FE52FE4DFE48FE43FE93
:1029B0003EFE39FE34FE2FFE2AFE25FE1FFE1AFEC5
:1029C00015FE10FE0BFE06FE01FEFCFDF6FDF1FD00
:1029D000ECFDE7FDE2FDDCFDD7FDD2FDCDFDC8FD40
:1029E000C2FDBDFDB8FDB2FDADFDA8FDA3FD9DFD81
:1029F00098FD93FD8DFD88FD82FD7DFD78FD72FDC6
:102A00006DFD67FD62FD5DFD57FD52FD4CFD47FD0F
:102A100041FD3CFD36FD31FD2BFD25FD20FD1AFD60
:102A200015FD0FFD09FD04FDFEFCF9FCF3FCEDFCBA
:102A3000E8FCE2FCDCFCD6FCD1FCCBFCC5FCBFFC1A
:102A4000BAFCB4FCAEFCA8FCA2FC9CFC97FC91FC7C
:102A50008BFC85FC7FFC79FC73FC6DFC67FC61FCE6
:102A60005BFC55FC4FFC49FC43FC3DFC37FC31FC56
:102A70002BFC24FC1EFC18FC12FC0CFC06FCFFFBCF
:102A8000F9FBF3FBEDFBE6FBE0FBDAFBD3FBCDFB55
:102A9000C7FBC0FBBAFBB3FBADFBA6FBA0FB99FBDE
:102AA00093FB8CFB86FB7FFB79FB72FB6BFB65FB6F
:102AB0005EFB57FB51FB4AFB43FB3CFB36FB2FFB0A
:102AC00028FB21FB1AFB13FB0CFB05FBFFFAF8FAB2
:102AD000F1FAE9FAE2FADBFAD4FACDFAC6FABFFA69
:102AE000B8FAB0FAA9FAA2FA9BFA93FA8CFA85FA24
:102AF0007DFA76FA6EFA67FA5FFA58FA50FA48FAEF
:102B000041FA39FA31FA2AFA22FA1AFA12FA0BFAC7
:102B100003FAFBF9F3F9EBF9E3F9DBF9D3F9CAF9B5
:102B2000C2F9BAF9B2F9A9F9A1F999F990F988F9B4
:102B30007FF977F96EF966F95DF954F94CF943F9C3
:102B40003AF931F928F91FF916F90DF904F9FAF8EB
:102B5000F1F8E8F8DEF8D5F8CBF8C2F8B8F8AEF836
:102B6000A4F89BF891F887F87DF872F868F85EF899
:102B700053F849F83EF833F829F81EF813F808F826
:102B8000FCF7F1F7E6F7DAF7CEF7C3F7B7F7B402D9
:102B9000B102AD02AA02A602A2029F029B02980203
:102BA000940290028D028902850282027E027A02DC
:102BB000770273026F026C026802640261025D02B6
:102BC0005902560252024E024B0247024302400291
:102BD0003C023802340231022D022902260222026E
:102BE0001E021A02170213020F020B02080204024D
:102BF0000002FC01F801F501F101ED01E901E60136
:102C0000E201DE01DA01D601D201CF01CB01C70119
:102C1000C301BF01BB01B801B401B001AC01A801FF
:102C2000A401A0019D019901950191018D018901E6
:102C3000850181017D017A01760172016E016A01CF
:102C4000660162015E015A01560152014E014A01BC
:102C5000460142013E013A01360132012E012A01AC
:102C6000260122011E011A01160112010E010A019C
:102C700006010201FE00FA00F600F200EE00EA0092
:102C8000E600E200DE00D900D500D100CD00C90089
:102C9000C500C100BD00B900B400B000AC00A80080
:102CA000A400A0009B00970093008F008B0087007A
:102CB00082007E007A00760072006D006900650077
:102CC00061005C005800540050004B004700430076
:102CD0003F003A00360032002D0029002500200078
:102CE0001C00180013000F000B0006000200FEFF7E
:102CF000F9FFF5FFF1FFECFFE8FFE3FFDFFFDBFF8C
:102D0000D6FFD2FFCDFFC9FFC4FFC0FFBCFFB7FF96
:102D1000B3FFAEFFAAFFA5FFA1FF9CFF98FF93FFA3
:102D20008FFF8AFF86FF81FF7DFF78FF74FF6FFFB3
:102D30006BFF66FF61FF5DFF58FF54FF4FFF4AFFC7
:102D400046FF41FF3DFF38FF33FF2FFF2AFF25FFDE
:102D500021FF1CFF17FF13FF0EFF09FF05FF00FFF8
:102D6000FBFEF6FEF2FEEDFEE8FEE3FEDFFEDAFE1F
:102D7000D5FED0FECCFEC7FEC2FEBDFEB8FEB4FE40
:102D8000AFFEAAFEA5FEA0FE9BFE96FE92FE8DFE65
:102D900088FE83FE7EFE79FE74FE6FFE6AFE65FE8F
:102DA00060FE5BFE57FE52FE4DFE48FE43FE3EFEB9
:102DB00039FE34FE2EFE29FE24FE1FFE1AFE15FEED
:102DC00010FE0BFE06FE01FEFCFDF7FDF1FDECFD25
:102DD000E7FDE2FDDDFDD8FDD2FDCDFDC8FDC3FD63
:102DE000BEFDB8FDB3FDAEFDA9FDA3FD9EFD99FDA1
:102DF00093FD8EFD89FD84FD7EFD79FD74FD6EFDE4
:102E000069FD63FD5EFD59FD53FD4EFD48FD43FD2B
:102E10003DFD38FD32FD2DFD27FD22FD1CFD17FD7A
:102E200011FD0CFD06FD01FDFBFCF6FCF0FCEAFCCF
:102E3000E5FCDFFCD9FCD4FCCEFCC8FCC3FCBDFC2B
:102E4000B7FCB1FCACFCA6FCA0FC9AFC95FC8FFC8A
:102E500089FC83FC7DFC78FC72FC6CFC66FC60FCED
:102E60005AFC54FC4EFC48FC42FC3CFC36FC30FC5A
:102E70002AFC24FC1EFC18FC12FC0CFC06FC00FCCA
:102E8000FAFBF3FBEDFBE7FBE1FBDBFBD4FBCEFB4B
:102E9000C8FBC2FBBBFBB5FBAFFBA8FBA2FB9CFBCB
:102EA00095FB8FFB88FB82FB7CFB75FB6FFB68FB54
:102EB00062FB5BFB54FB4EFB47FB41FB3AFB33FBE6
:102EC0002DFB26FB1FFB19FB12FB0BFB04FBFEFA81
:102ED000F7FAF0FAE9FAE2FADBFAD4FACDFAC6FA2E
:102EE000C0FAB9FAB1FAAAFAA3FA9CFA95FA8EFADC
:102EF00087FA80FA78FA71FA6AFA63FA5BFA54FA96
:102F00004DFA45FA3EFA36FA2FFA28FA20FA19FA5B
:102F100011FA09FA02FAFAF9F2F9EBF9E3F9DBF935
:102F2000D3F9CCF9C4F9BCF9B4F9ACF9A4F99CF91A
:102F300094F98CF984F97BF973F96BF963F95AF90F
:102F400052F94AF941F939F930F928F91FF917F915
:102F50000EF905F9FCF8F4F8EBF8E2F8D9F8D0F836
:102F6000C7F8BEF8B5F8ABF8A2F899F88FF886F86C
:102F70007DF873F869F860F8D802D402D102CD0266
:102F8000CA02C602C202BF02BB02B802B402B00249
:102F9000AD02A902A602A2029E029B029702930220
:102FA00090028C028802850281027D027A027602FA
:102FB00072026F026B026702640260025C025902D5
:102FC000550251024D024A02460242023F023B02B2
:102FD0003702330230022C022802240221021D0291
:102FE0001902150212020E020A0206020202FF0173
:102FF000FB01F701F301EF01EC01E801E401E0015D
:10300000DC01D901D501D101CD01C901C501C20140
:10301000BE01BA01B601B201AE01AA01A601A30127
:103020009F019B01970193018F018B018701830110
:103030007F017C017801740170016C0168016401F9
:1030400060015C015801540150014C0148014401E8
:1030500040013C013801340130012C0128012401D8
:1030600020011C011801140110010C0108010401C8
:103070000001FC00F800F400EF00EB00E700E300C3
:10308000DF00DB00D700D300CF00CB00C600C200BA
:10309000BE00BA00B600B200AE00A900A500A100B3
:1030A0009D009900950090008C00880084008000AD
:1030B0007B00770073006F006B00660062005E00AB
:1030C0005A00550051004D004900440040003C00AA
:1030D000370033002F002A00260022001E001900AE
:1030E000150011000C0008000400FFFFFBFFF6FFB5
:1030F000F2FFEEFFE9FFE5FFE0FFDCFFD8FFD3FFC3
:10310000CFFFCAFFC6FFC2FFBDFFB9FFB4FFB0FFCC
:10311000ABFFA7FFA2FF9EFF99FF95FF90FF8CFFDB
:1031200087FF83FF7EFF7AFF75FF71FF6CFF68FFEB
:1031300063FF5EFF5AFF55FF51FF4CFF48FF43FFFF
:103140003EFF3AFF35FF30FF2CFF27FF23FF1EFF16
:1031500019FF15FF10FF0BFF06FF02FFFDFEF8FE33
:10316000F4FEEFFEEAFEE6FEE1FEDCFED7FED3FE55
:10317000CEFEC9FEC4FEBFFEBBFEB6FEB1FEACFE77
:10318000A7FEA3FE9EFE99FE94FE8FFE8AFE85FE9C
:1031900081FE7CFE77FE72FE6DFE68FE63FE5EFEC3
:1031A00059FE54FE4FFE4AFE45FE40FE3BFE36FEF3
:1031B00031FE2CFE27FE22FE1DFE18FE13FE0EFE23
:1031C00009FE04FEFFFDFAFDF5FDF0FDEBFDE5FD5A
:1031D000E0FDDBFDD6FDD1FDCCFDC7FDC1FDBCFD95
:1031E000B7FDB2FDADFDA7FDA2FD9DFD98FD92FDD1
:1031F0008DFD88FD83FD7DFD78FD73FD6DFD68FD12
:1032000063FD5DFD58FD53FD4DFD48FD42FD3DFD57
:1032100038FD32FD2DFD27FD22FD1CFD17FD11FDA2
:103220000CFD06FD01FDFBFCF6FCF0FCEBFCE5FCF7
:10323000E0FCDAFCD4FCCFFCC9FCC4FCBEFCB8FC4E
:10324000B3FCADFCA7FCA2FC9CFC96FC90FC8BFCA8
:1032500085FC7FFC79FC74FC6EFC68FC62FC5CFC09
:1032600056FC51FC4BFC45FC3FFC39FC33FC2DFC6F
:1032700027FC21FC1BFC15FC0FFC09FC03FCFDFBDF
:10328000F7FBF1FBEBFBE5FBDFFBD9FBD3FBCDFB56
:10329000C6FBC0FBBAFBB4FBAEFBA7FBA1FB9BFBD1
:1032A00095FB8EFB88FB82FB7BFB75FB6FFB68FB52
:1032B00062FB5BFB55FB4FFB48FB42FB3BFB35FBDB
:1032C0002EFB28FB21FB1BFB14FB0DFB07FB00FB6C
:1032D000F9FAF3FAECFAE5FADFFAD8FAD1FACAFA0F
:1032E000C3FABDFAB6FAAFFAA8FAA1FA9AFA93FAB3
:1032F0008CFA85FA7EFA77FA70FA69FA62FA5BFA62
:1033000054FA4DFA46FA3EFA37FA30FA29FA21FA17
:103310001AFA13FA0BFA04FAFDF9F5F9EEF9E6F9DF
:10332000DFF9D7F9D0F9C8F9C1F9B9F9B1F9AAF9B2
:10333000A2F99AF992F98BF983F97BF973F96BF990
:1033400063F95BF953F94BF943F93BF933F92AF97E
:1033500022F91AF912F909F901F9F9F8F0F8E8F87F
:10336000DFF8FA02F702F302F002EC02E902E502EA
:10337000E102DE02DA02D702D302CF02CC02C80297
:10338000C502C102BD02BA02B602B202AF02AB026E
:10339000A702A402A0029C029902950292028E0248
:1033A0008A02860283027F027B0278027402700224
:1033B0006D026902650262025E025A0256025302FF
:1033C0004F024B024702440240023C0239023502DE
:1033D00031022D022902260222021E021A021702BF
:1033E00013020F020B02070204020002FC01F801A3
:1033F000F401F101ED01E901E501E101DD01DA018D
:10340000D601D201CE01CA01C601C201BF01BB0172
:10341000B701B301AF01AB01A701A3019F019C015B
:103420009801940190018C018801840180017C0144
:103430007801740170016C016801640161015D0132
:103440005901550151014D014901450141013D011C
:103450003901350131012D012901250121011C010D
:103460001801140110010C01080104010001FC0005
:10347000F800F400F000EC00E800E300DF00DB00FF
:10348000D700D300CF00CB00C700C300BE00BA00F6
:10349000B600B200AE00AA00A500A1009D009900F0
:1034A000950091008C008800840080007C007700EB
:1034B00073006F006B00660062005E005A005500EA
:1034C00051004D004900440040003C0037003300EB
:1034D0002F002B00260022001E00190015001100ED
:1034E0000C0008000400FFFFFBFFF6FFF2FFEEFFF9
:1034F000E9FFE5FFE1FFDCFFD8FFD3FFCFFFCAFF05
:10350000C6FFC2FFBDFFB9FFB4FFB0FFABFFA7FF0F
:10351000A2FF9EFF99FF95FF90FF8CFF87FF83FF1F
:103520007EFF7AFF75FF71FF6CFF68FF63FF5FFF2F
:103530005AFF55FF51FF4CFF48FF43FF3FFF3AFF43
:1035400035FF31FF2CFF27FF23FF1EFF1AFF15FF5A
:1035500010FF0CFF07FF02FFFDFEF9FEF4FEEFFE79
:10356000EBFEE6FEE1FEDDFED8FED3FECEFECAFE99
:10357000C5FEC0FEBBFEB6FEB2FEADFEA8FEA3FEBB
:103580009EFE9AFE95FE90FE8BFE86FE81FE7DFEDF
:1035900078FE73FE6EFE69FE64FE5FFE5AFE55FE07
:1035A00050FE4BFE47FE42FE3DFE38FE33FE2EFE31
:1035B00029FE24FE1FFE1AFE15FE10FE0BFE06FE5F
:1035C00001FEFBFDF6FDF1FDECFDE7FDE2FDDDFD9D
:1035D000D8FDD3FDCEFDC9FDC3FDBEFDB9FDB4FDD3
:1035E000AFFDAAFDA4FD9FFD9AFD95FD8FFD8AFD0F
:1035F00085FD80FD7BFD75FD70FD6BFD65FD60FD4E
:103600005BFD55FD50FD4BFD45FD40FD3BFD35FD92
:1036100030FD2BFD25FD20FD1AFD15FD10FD0AFDD9
:1036200005FDFFFCFAFCF4FCEFFCE9FCE4FCDEFC2D
:10363000D9FCD3FCCEFCC8FCC2FCBDFCB7FCB2FC80
:10364000ACFCA6FCA1FC9BFC95FC90FC8AFC84FCD9
:103650007FFC79FC73FC6EFC68FC62FC5CFC57FC34
:1036600051FC4BFC45FC3FFC39FC34FC2EFC28FC97
:1036700022FC1CFC16FC10FC0AFC05FCFFFBF9FB01
:10368000F3FBEDFBE7FBE1FBDBFBD5FBCFFBC9FB72
:10369000C2FBBCFBB6FBB0FBAAFBA4FB9EFB98FBEA
:1036A00091FB8BFB85FB7FFB79FB72FB6CFB66FB65
:1036B00060FB59FB53FB4DFB46FB40FB3AFB33FBE6
:1036C0002DFB26FB20FB19FB13FB0DFB06FB00FB70
:1036D000F9FAF2FAECFAE5FADFFAD8FAD2FACBFA0A
:1036E000C4FABEFAB7FAB0FAA9FAA3FA9CFA95FAA4
:1036F0008EFA88FA81FA7AFA73FA6CFA65FA5EFA47
:1037000057FA50FA49FA42FA3BFA34FA2DFA26FAF5
:103710001FFA18FA11FA0AFA03FAFBF9F4F9EDF9AB
:10372000E6F9DEF9D7F9D0F9C8F9C1F9BAF9B2F971
:10373000ABF9A3F99CF994F98DF985F97EF976F93D
:103740006EF967F95FF957F950F948F91C03180346
:10375000150311030E030A0306030303FF02FC0211
:10376000F802F402F102ED02EA02E602E202DF02EE
:10377000DB02D802D402D002CD02C902C502C202C5
:10378000BE02BA02B702B302B002AC02A802A5029E
:10379000A1029D029A02960292028E028B02870279
:1037A000830280027C027802750271026D02690256
:1037B000660262025E025A02570253024F024C0234
:1037C0004802440240023C023902350231022D0215
:1037D0002A02260222021E021A02170213020F02F6
:1037E0000B02070204020002FC01F801F401F001DF
:1037F000ED01E901E501E101DD01D901D601D201C7
:10380000CE01CA01C601C201BE01BA01B601B301AF
:10381000AF01AB01A701A3019F019B019701930198
:103820008F018B018701840180017C017801740183
:1038300070016C016801640160015C015801540170
:1038400050014C014801440140013C013801340160
:1038500030012C012801240120011C011801140150
:103860000F010B0107010301FF00FB00F700F3004C
:10387000EF00EB00E700E300DE00DA00D600D20044
:10388000CE00CA00C600C200BD00B900B500B1003C
:10389000AD00A900A400A0009C00980094008F0037
:1038A0008B00870083007F007A00760072006E0034
:1038B0006900650061005D005800540050004C0034
:1038C000470043003F003B00360032002E00290035
:1038D000250021001C00180014000F000B00070039
:1038E0000200FEFFFAFFF5FFF1FFECFFE8FFE4FF47
:1038F000DFFFDBFFD6FFD2FFCEFFC9FFC5FFC0FF52
:10390000BCFFB7FFB3FFAFFFAAFFA6FFA1FF9DFF5C
:1039100098FF94FF8FFF8BFF86FF82FF7DFF79FF6B
:1039200074FF70FF6BFF67FF62FF5DFF59FF54FF7D
:1039300050FF4BFF47FF42FF3DFF39FF34FF30FF91
:103940002BFF26FF22FF1DFF18FF14FF0FFF0BFFA9
:1039500006FF01FFFCFEF8FEF3FEEEFEEAFEE5FECA
:10396000E0FEDCFED7FED2FECDFEC9FEC4FEBFFEE9
:10397000BAFEB6FEB1FEACFEA7FEA2FE9EFE99FE0A
:1039800094FE8FFE8AFE86FE81FE7CFE77FE72FE2E
:103990006DFE68FE64FE5FFE5AFE55FE50FE4BFE55
:1039A00046FE41FE3CFE37FE32FE2DFE28FE23FE83
:1039B0001FFE1AFE15FE10FE0BFE06FE00FEFBFDAE
:1039C000F6FDF1FDECFDE7FDE2FDDDFDD8FDD3FDEB
:1039D000CEFDC9FDC4FDBFFDB9FDB4FDAFFDAAFD1F
:1039E000A5FDA0FD9BFD95FD90FD8BFD86FD81FD58
:1039F0007BFD76FD71FD6CFD66FD61FD5CFD57FD97
:103A000051FD4CFD47FD41FD3CFD37FD31FD2CFDD9
:103A100027FD21FD1CFD17FD11FD0CFD06FD01FD1F
:103A2000FCFCF6FCF1FCEBFCE6FCE0FCDBFCD5FC72
:103A3000D0FCCAFCC5FCBFFCBAFCB4FCAFFCA9FCC2
:103A4000A4FC9EFC98FC93FC8DFC88FC82FC7CFC16
:103A500077FC71FC6BFC66FC60FC5AFC55FC4FFC6F
:103A600049FC43FC3EFC38FC32FC2CFC27FC21FCCE
:103A70001BFC15FC0FFC09FC04FCFEFBF8FBF2FB35
:103A8000ECFBE6FBE0FBDAFBD4FBCEFBC8FBC2FBA6
:103A9000BCFBB6FBB0FBAAFBA4FB9EFB98FB92FB16
:103AA0008CFB86FB80FB7AFB74FB6DFB67FB61FB89
:103AB0005BFB55FB4EFB48FB42FB3CFB35FB2FFB06
:103AC00029FB23FB1CFB16FB0FFB09FB03FBFCFA8A
:103AD000F6FAF0FAE9FAE3FADCFAD6FACFFAC9FA1A
:103AE000C2FABCFAB5FAAFFAA8FAA1FA9BFA94FAAC
:103AF0008DFA87FA80FA79FA73FA6CFA65FA5EFA47
:103B000058FA51FA4AFA43FA3CFA36FA2FFA28FAE6
:103B100021FA1AFA13FA0CFA05FAFEF9F7F9F0F994
:103B2000E9F9E2F9DBF9D4F9CCF9C5F9BEF9B7F94D
:103B3000B0F9A8F9A1F93C033903350332032E0388
:103B40002A032703230320031C031903150311036E
:103B50000E030A0307030303FF02FC02F802F50247
:103B6000F102ED02EA02E602E202DF02DB02D70224
:103B7000D402D002CD02C902C502C202BE02BA02FC
:103B8000B702B302AF02AC02A802A402A0029D02D7
:103B90009902950292028E028A02870283027F02B4
:103BA0007B027802740270026C0269026502610293
:103BB0005E025A02560252024E024B024702430272
:103BC0003F023C023802340230022C022902250254
:103BD00021021D021902160212020E020A02060238
:103BE0000302FF01FB01F701F301EF01EB01E80123
:103BF000E401E001DC01D801D401D001CC01C9010C
:103C0000C501C101BD01B901B501B101AD01A901F4
:103C1000A501A1019E019A01960192018E018A01DE
:103C2000860182017E017A01760172016E016A01CC
:103C3000660162015E015A01560152014E014A01BC
:103C4000460142013E013A01360132012E012A01AC
:103C5000260122011E011A01160112010E0109019D
:103C600005010101FD00F900F500F100ED00E9009A
:103C7000E500E000DC00D800D400D000CC00C80093
:103C8000C400BF00BB00B700B300AF00AB00A6008C
:103C9000A2009E009A00960091008D008900850088
:103CA00081007C007800740070006B006700630086
:103CB0005F005A00560052004E0049004500410086
:103CC0003C003800340030002B00270023001E0089
:103CD0001A00160011000D00090004000000FCFF8E
:103CE000F7FFF3FFEEFFEAFFE6FFE1FFDDFFD8FF9E
:103CF000D4FFD0FFCBFFC7FFC2FFBEFFB9FFB5FFA8
:103D0000B1FFACFFA8FFA3FF9FFF9AFF96FF91FFB3
:103D10008DFF88FF84FF7FFF7BFF76FF72FF6DFFC3
:103D200069FF64FF60FF5BFF56FF52FF4DFF49FFD5
:103D300044FF40FF3BFF36FF32FF2DFF29FF24FFEA
:103D40001FFF1BFF16FF11FF0DFF08FF04FFFFFE03
:103D5000FAFEF6FEF1FEECFEE7FEE3FEDEFED9FE25
:103D6000D5FED0FECBFEC6FEC2FEBDFEB8FEB3FE43
:103D7000AFFEAAFEA5FEA0FE9CFE97FE92FE8DFE63
:103D800088FE84FE7FFE7AFE75FE70FE6BFE67FE87
:103D900062FE5DFE58FE53FE4EFE49FE44FE3FFEAF
:103DA0003BFE36FE31FE2CFE27FE22FE1DFE18FED7
:103DB00013FE0EFE09FE04FEFFFDFAFDF5FDF0FD0B
:103DC000EBFDE6FDE1FDDCFDD7FDD2FDCDFDC8FD3F
:103DD000C3FDBDFDB8FDB3FDAEFDA9FDA4FD9FFD76
:103DE0009AFD94FD8FFD8AFD85FD80FD7BFD75FDAF
:103DF00070FD6BFD66FD61FD5BFD56FD51FD4CFDEB
:103E000046FD41FD3CFD37FD31FD2CFD27FD21FD2B
:103E10001CFD17FD11FD0CFD07FD01FDFCFCF6FC72
:103E2000F1FCECFCE6FCE1FCDBFCD6FCD1FCCBFCC1
:103E3000C6FCC0FCBBFCB5FCB0FCAAFCA5FC9FFC0E
:103E40009AFC94FC8EFC89FC83FC7EFC78FC73FC61
:103E50006DFC67FC62FC5CFC56FC51FC4BFC45FCB9
:103E600040FC3AFC34FC2FFC29FC23FC1EFC18FC13
:103E700012FC0CFC06FC01FCFBFBF5FBEFFBE9FB79
:103E8000E4FBDEFBD8FBD2FBCCFBC6FBC0FBBAFBE2
:103E9000B4FBAEFBA9FBA3FB9DFB97FB91FB8BFB4C
:103EA00085FB7FFB79FB72FB6CFB66FB60FB5AFBBF
:103EB00054FB4EFB48FB42FB3CFB35FB2FFB29FB35
:103EC00023FB1DFB16FB10FB0AFB04FBFDFAF7FAB4
:103ED000F1FAEAFAE4FADEFAD7FAD1FACBFAC4FA3E
:103EE000BEFAB7FAB1FAAAFAA4FA9DFA97FA90FACA
:103EF0008AFA83FA7DFA76FA70FA69FA62FA5CFA5B
:103F000055FA4FFA48FA41FA3BFA34FA2DFA26FAF2
:103F100020FA19FA12FA0BFA04FAFDF9F7F9F0F996
:103F20005C035803550351034E034A0346034303FE
:103F30003F033C033803350331032D032A032603D3
:103F400023031F031B031803140311030D030903A9
:103F500006030203FE02FB02F702F402F002EC0287
:103F6000E902E502E102DE02DA02D602D302CF0262
:103F7000CB02C802C402C002BD02B902B502B2023D
:103F8000AE02AA02A702A3029F029B029802940219
:103F900090028D028902850281027E027A027602F7
:103FA00072026F026B026702630260025C025802D7
:103FB000540250024D024902450241023E023A02B9
:103FC000360232022E022B02270223021F021B029C
:103FD0001702140210020C02080204020002FD0182
:103FE000F901F501F101ED01E901E501E101DE0170
:103FF000DA01D601D201CE01CA01C601C201BE0159
:10400000BA01B701B301AF01AB01A701A3019F0141
:104010009B01970193018F018B01870183017F0130
:104020007B01770173016F016B01670163015F0120
:104030005B01570153014F014B01470143013F0110
:104040003B01370133012F012B01270123011F0100
:104050001B01170113010F010B0106010201FE00F4
:10406000FA00F600F200EE00EA00E600E100DD00F2
:10407000D900D500D100CD00C900C500C000BC00EA
:10408000B800B400B000AB00A700A3009F009B00E5
:10409000970092008E008A00860081007D007900E2
:1040A000750071006C006800640060005B005700E0
:1040B00053004E004A00460042003D0039003500E2
:1040C00030002C00280023001F001B0016001200E7
:1040D0000E00090005000100FCFFF8FFF4FFEFFFF0
:1040E000EBFFE6FFE2FFDEFFD9FFD5FFD0FFCCFFFD
:1040F000C8FFC3FFBFFFBAFFB6FFB1FFADFFA9FF07
:10410000A4FFA0FF9BFF97FF92FF8EFF89FF85FF13
:1041100080FF7CFF77FF73FF6EFF6AFF65FF61FF23
:104120005CFF58FF53FF4EFF4AFF45FF41FF3CFF36
:1041300038FF33FF2EFF2AFF25FF21FF1CFF17FF4B
:1041400013FF0EFF09FF05FF00FFFBFEF7FEF2FE67
:10415000EDFEE9FEE4FEDFFEDBFED6FED1FECDFE87
:10416000C8FEC3FEBEFEBAFEB5FEB0FEABFEA7FEA5
:10417000A2FE9DFE98FE94FE8FFE8AFE85FE80FEC6
:104180007CFE77FE72FE6DFE68FE63FE5FFE5AFEE9
:1041900055FE50FE4BFE46FE41FE3CFE38FE33FE11
:1041A0002EFE29FE24FE1FFE1AFE15FE10FE0BFE3B
:1041B00006FE01FEFCFDF7FDF2FDEDFDE8FDE3FD71
:1041C000DEFDD9FDD4FDCFFDCAFDC5FDC0FDBBFDA3
:1041D000B6FDB1FDACFDA7FDA2FD9CFD97FD92FDD6
:1041E0008DFD88FD83FD7EFD79FD73FD6EFD69FD0E
:1041F00064FD5FFD59FD54FD4FFD4AFD45FD3FFD4A
:104200003AFD35FD30FD2AFD25FD20FD1AFD15FD89
:1042100010FD0BFD05FD00FDFBFCF5FCF0FCEBFCCF
:10422000E5FCE0FCDAFCD5FCD0FCCAFCC5FCBFFC1C
:10423000BAFCB4FCAFFCAAFCA4FC9FFC99FC94FC67
:104240008EFC89FC83FC7EFC78FC73FC6DFC67FCB7
:1042500062FC5CFC57FC51FC4CFC46FC40FC3BFC0B
:1042600035FC2FFC2AFC24FC1EFC19FC13FC0DFC65
:1042700008FC02FCFCFBF6FBF1FBEBFBE5FBDFFBC8
:10428000DAFBD4FBCEFBC8FBC2FBBCFBB7FBB1FB2C
:10429000ABFBA5FB9FFB99FB93FB8DFB87FB81FB96
:1042A0007CFB76FB70FB6AFB64FB5EFB58FB52FBFE
:1042B0004CFB45FB3FFB39FB33FB2DFB27FB21FB75
:1042C0001BFB15FB0FFB08FB02FBFCFAF6FAF0FAEE
:1042D000E9FAE3FADDFAD7FAD0FACAFAC4FABEFA72
:1042E000B7FAB1FAABFAA4FA9EFA97FA91FA8BFAF6
:1042F00084FA7EFA77FA71FA6AFA64FA5DFA57FA82
:1043000050FA4AFA43FA3DFA36FA7B03770373030D
:1043100070036C036903650362035E035B03570369
:10432000530350034C034903450341033E033A033F
:10433000370333032F032C032803250321031D0315
:104340001A03160313030F030B03080304030003EC
:10435000FD02F902F502F202EE02EA02E702E302CE
:10436000DF02DC02D802D402D102CD02C902C602A9
:10437000C202BE02BB02B702B302AF02AC02A80285
:10438000A402A1029D029902950292028E028A0263
:10439000860283027F027B027702740270026C0243
:1043A0006802640261025D025902550252024E0225
:1043B0004A02460242023F023B02370233022F0208
:1043C0002B022802240220021C02180214021102ED
:1043D0000D02090205020102FD01F901F601F201D7
:1043E000EE01EA01E601E201DE01DA01D601D301C4
:1043F000CF01CB01C701C301BF01BB01B701B301AD
:10440000AF01AB01A701A3019F019C019801940199
:1044100090018C018801840180017C017801740184
:1044200070016C016801640160015C015801540174
:1044300050014C014801440140013C013701330166
:104440002F012B01270123011F011B01170113015C
:104450000F010B0107010201FE00FA00F600F20055
:10446000EE00EA00E600E200DD00D900D500D10050
:10447000CD00C900C500C000BC00B800B400B00049
:10448000AB00A700A3009F009B00960092008E0047
:104490008A00860081007D007900750070006C0044
:1044A000680064005F005B00570053004E004A0044
:1044B000460042003D003900350030002C00280045
:1044C00023001F001B00160012000E00090005004B
:1044D0000100FCFFF8FFF4FFEFFFEBFFE6FFE2FF58
:1044E000DEFFD9FFD5FFD0FFCCFFC8FFC3FFBFFF62
:1044F000BAFFB6FFB1FFADFFA8FFA4FFA0FF9BFF6F
:1045000097FF92FF8EFF89FF85FF80FF7CFF77FF7B
:1045100073FF6EFF6AFF65FF61FF5CFF57FF53FF8C
:104520004EFF4AFF45FF41FF3CFF38FF33FF2EFFA0
:104530002AFF25FF21FF1CFF17FF13FF0EFF0AFFB5
:1045400005FF00FFFCFEF7FEF2FEEEFEE9FEE4FED4
:10455000E0FEDBFED6FED2FECDFEC8FEC3FEBFFEF1
:10456000BAFEB5FEB1FEACFEA7FEA2FE9EFE99FE0F
:1045700094FE8FFE8AFE86FE81FE7CFE77FE72FE32
:104580006EFE69FE64FE5FFE5AFE56FE51FE4CFE54
:1045900047FE42FE3DFE38FE33FE2FFE2AFE25FE7C
:1045A00020FE1BFE16FE11FE0CFE07FE02FEFDFDA8
:1045B000F8FDF3FDEEFDE9FDE4FDDFFDDAFDD5FDDF
:1045C000D0FDCBFDC6FDC1FDBCFDB7FDB2FDADFD0F
:1045D000A8FDA3FD9EFD99FD94FD8FFD8AFD85FD3F
:1045E0007FFD7AFD75FD70FD6BFD66FD61FD5BFD78
:1045F00056FD51FD4CFD47FD42FD3CFD37FD32FDB2
:104600002DFD27FD22FD1DFD18FD12FD0DFD08FDF0
:1046100003FDFDFCF8FCF3FCEDFCE8FCE3FCDDFC39
:10462000D8FCD3FCCDFCC8FCC3FCBDFCB8FCB2FC80
:10463000ADFCA8FCA2FC9DFC97FC92FC8CFC87FCCA
:1046400081FC7CFC77FC71FC6CFC66FC60FC5BFC18
:1046500055FC50FC4AFC45FC3FFC3AFC34FC2EFC6B
:1046600029FC23FC1EFC18FC12FC0DFC07FC01FCC1
:10467000FCFBF6FBF0FBEBFBE5FBDFFBDAFBD4FB23
:10468000CEFBC8FBC3FBBDFBB7FBB1FBABFBA6FB83
:10469000A0FB9AFB94FB8EFB88FB83FB7DFB77FBE7
:1046A00071FB6BFB65FB5FFB59FB53FB4DFB47FB52
:1046B00041FB3BFB35FB2FFB29FB23FB1DFB17FBC2
:1046C00011FB0BFB05FBFFFAF9FAF3FAEDFAE7FA37
:1046D000E0FADAFAD4FACEFAC8FAC2FABBFAB5FAB4
:1046E000AFFAA9FAA2FA9CFA96FA90FA89FA83FA32
:1046F0007DFA76FA9903950391038E038A03870363
:10470000830380037C037903750371036E036A03DB
:104710006703630360035C035803550351034E03AF
:104720004A03460343033F033C0338033403310386
:104730002D032903260322031E031B03170314035F
:1047400010030C03090305030103FE02FA02F6023B
:10475000F302EF02EB02E802E402E002DD02D9021A
:10476000D502D102CE02CA02C602C302BF02BB02F8
:10477000B702B402B002AC02A902A502A1029D02D6
:104780009A02960292028E028B02870283027F02B5
:104790007B027802740270026C0269026502610297
:1047A0005D025902560252024E024A02460243027A
:1047B0003F023B02370233022F022C02280224025E
:1047C00020021C021802140211020D020902050245
:1047D0000102FD01F901F501F201EE01EA01E60134
:1047E000E201DE01DA01D601D201CE01CA01C70120
:1047F000C301BF01BB01B701B301AF01AB01A70109
:10480000A3019F019B01970193018F018B018701F8
:1048100083017F017B01770173016F016B016701E8
:1048200063015F015B01570153014F014B014701D8
:1048300043013F013B01370133012F012B012701C8
:1048400022011E011A01160112010E010A010601C0
:104850000201FE00FA00F500F100ED00E900E500BC
:10486000E100DD00D800D400D000CC00C800C400B6
:10487000BF00BB00B700B300AF00AB00A600A200B2
:104880009E009A00960091008D00890085008000AE
:104890007C00780074006F006B00670063005E00AE
:1048A0005A00560052004D004900450040003C00AF
:1048B000380034002F002B00270022001E001A00B1
:1048C000150011000D00080004000000FBFFF7FFB9
:1048D000F2FFEEFFEAFFE5FFE1FFDDFFD8FFD4FFC7
:1048E000CFFFCBFFC6FFC2FFBEFFB9FFB5FFB0FFD2
:1048F000ACFFA7FFA3FF9FFF9AFF96FF91FF8DFFDD
:1049000088FF84FF7FFF7BFF76FF72FF6DFF69FFEB
:1049100064FF60FF5BFF57FF52FF4DFF49FF44FFFD
:1049200040FF3BFF37FF32FF2DFF29FF24FF20FF11
:104930001BFF16FF12FF0DFF09FF04FFFFFEFBFE2A
:10494000F6FEF1FEEDFEE8FEE3FEDFFEDAFED5FE4A
:10495000D1FECCFEC7FEC3FEBEFEB9FEB5FEB0FE64
:10496000ABFEA6FEA2FE9DFE98FE93FE8FFE8AFE83
:1049700085FE80FE7CFE77FE72FE6DFE68FE64FEA4
:104980005FFE5AFE55FE50FE4BFE47FE42FE3DFEC8
:1049900038FE33FE2EFE29FE25FE20FE1BFE16FEEF
:1049A00011FE0CFE07FE02FEFDFDF8FDF3FDEEFD1F
:1049B000E9FDE5FDE0FDDBFDD6FDD1FDCCFDC7FD4C
:1049C000C2FDBDFDB8FDB3FDAEFDA8FDA3FD9EFD7E
:1049D00099FD94FD8FFD8AFD85FD80FD7BFD76FDB3
:1049E00071FD6CFD66FD61FD5CFD57FD52FD4DFDE9
:1049F00048FD42FD3DFD38FD33FD2EFD29FD23FD23
:104A00001EFD19FD14FD0EFD09FD04FDFFFCF9FC62
:104A1000F4FCEFFCEAFCE4FCDFFCDAFCD4FCCFFCA9
:104A2000CAFCC4FCBFFCBAFCB4FCAFFCAAFCA4FCEE
:104A30009FFC9AFC94FC8FFC89FC84FC7EFC79FC36
:104A400074FC6EFC69FC63FC5EFC58FC53FC4DFC82
:104A500048FC42FC3DFC37FC32FC2CFC27FC21FCD2
:104A60001BFC16FC10FC0BFC05FC00FCFAFBF4FB29
:104A7000EFFBE9FBE3FBDEFBD8FBD2FBCDFBC7FB87
:104A8000C1FBBCFBB6FBB0FBAAFBA5FB9FFB99FBE4
:104A900093FB8EFB88FB82FB7CFB76FB71FB6BFB45
:104AA00065FB5FFB59FB53FB4DFB48FB42FB3CFBAB
:104AB00036FB30FB2AFB24FB1EFB18FB12FB0CFB16
:104AC00006FB00FBFAFAF4FAEEFAE8FAE2FADCFA8C
:104AD000D6FAD0FACAFAC4FABEFAB7FAB1FAB603ED
:104AE000B203AF03AB03A803A403A1039D0399037F
:104AF000960392038F038B038803840380037D0353
:104B00007903760372036F036B0367036403600327
:104B10005D035903550352034E034A0347034303FE
:104B200040033C033803350331032D032A032603D6
:104B300022031F031B031803140310030D030903AF
:104B400005030103FE02FA02F602F302EF02EB0292
:104B5000E802E402E002DD02D902D502D102CE026F
:104B6000CA02C602C302BF02BB02B702B402B0024D
:104B7000AC02A802A502A1029D029902960292022D
:104B80008E028A02860283027F027B02770274020F
:104B900070026C026802640261025D0259025502F1
:104BA00051024D024A02460242023E023A023602D7
:104BB00033022F022B02270223021F021B021802BC
:104BC000140210020C02080204020002FC01F801A7
:104BD000F501F101ED01E901E501E101DD01D90195
:104BE000D501D101CD01C901C601C201BE01BA0181
:104BF000B601B201AE01AA01A601A2019E019A016D
:104C0000960192018E018A01860182017E017A015C
:104C1000760172016E016A01660162015E015A014C
:104C2000560152014E014A01460142013E0139013D
:104C3000350131012D012901250121011D01190134
:104C4000150111010C01080104010001FC00F8002C
:104C5000F400F000EC00E700E300DF00DB00D70029
:104C6000D300CE00CA00C600C200BE00BA00B50024
:104C7000B100AD00A900A500A0009C009800940020
:104C800090008B00870083007F007A00760072001E
:104C90006E006900650061005D005800540050001E
:104CA0004C00470043003F003A00360032002D0020
:104CB0002900250020001C00180013000F000B0025
:104CC00006000200FEFFF9FFF5FFF1FFECFFE8FF31
:104CD000E3FFDFFFDBFFD6FFD2FFCDFFC9FFC5FF3C
:104CE000C0FFBCFFB7FFB3FFAEFFAAFFA6FFA1FF47
:104CF0009DFF98FF94FF8FFF8BFF86FF82FF7DFF54
:104D000079FF74FF70FF6BFF67FF62FF5EFF59FF63
:104D100055FF50FF4CFF47FF42FF3EFF39FF35FF75
:104D200030FF2CFF27FF22FF1EFF19FF15FF10FF8A
:104D30000BFF07FF02FFFEFEF9FEF4FEF0FEEBFEA6
:104D4000E6FEE2FEDDFED8FED4FECFFECAFEC6FEC3
:104D5000C1FEBCFEB8FEB3FEAEFEAAFEA5FEA0FEDE
:104D60009BFE97FE92FE8DFE88FE84FE7FFE7AFEFD
:104D700075FE71FE6CFE67FE62FE5DFE59FE54FE1E
:104D80004FFE4AFE45FE40FE3CFE37FE32FE2DFE43
:104D900028FE23FE1EFE1AFE15FE10FE0BFE06FE6A
:104DA00001FEFCFDF7FDF2FDEDFDE8FDE4FDDFFD9C
:104DB000DAFDD5FDD0FDCBFDC6FDC1FDBCFDB7FDC7
:104DC000B2FDADFDA8FDA3FD9EFD99FD94FD8FFDF7
:104DD0008AFD85FD7FFD7AFD75FD70FD6BFD66FD2D
:104DE00061FD5CFD57FD52FD4DFD47FD42FD3DFD62
:104DF00038FD33FD2EFD29FD23FD1EFD19FD14FD9B
:104E00000FFD09FD04FDFFFCFAFCF4FCEFFCEAFCDD
:104E1000E5FCE0FCDAFCD5FCD0FCCAFCC5FCC0FC1F
:104E2000BBFCB5FCB0FCABFCA5FCA0FC9BFC95FC62
:104E300090FC8AFC85FC80FC7AFC75FC70FC6AFCAA
:104E400065FC5FFC5AFC54FC4FFC49FC44FC3FFCF5
:104E500039FC34FC2EFC29FC23FC1EFC18FC13FC42
:104E60000DFC07FC02FCFCFBF7FBF1FBECFBE6FB9B
:104E7000E0FBDBFBD5FBD0FBCAFBC4FBBFFBB9FBF4
:104E8000B3FBAEFBA8FBA2FB9DFB97FB91FB8CFB4E
:104E900086FB80FB7AFB75FB6FFB69FB63FB5DFBAD
:104EA00058FB52FB4CFB46FB40FB3BFB35FB2FFB0F
:104EB00029FB23FB1DFB17FB12FB0CFB06FB00FB76
:104EC000FAFAF4FAEEFAE8FAD303CF03CC03C803F4
:104ED000C403C103BD03BA03B603B303AF03AC03FA
:104EE000A803A403A1039D039A03960392038F03CF
:104EF0008B038803840381037D03790376037203A4
:104F00006F036B036703640360035C03590355037A
:104F100052034E034A03470343033F033C03380352
:104F2000340331032D032903260322031E031B032D
:104F30001703130310030C03080305030103FD0209
:104F4000FA02F602F202EE02EB02E702E302E002EC
:104F5000DC02D802D402D102CD02C902C502C202CB
:104F6000BE02BA02B602B302AF02AB02A702A402AB
:104F7000A0029C029802950291028D02890285028C
:104F800082027E027A02760272026F026B0267026E
:104F900063025F025B025802540250024C02480254
:104FA000440241023D023902350231022D0229023A
:104FB000260222021E021A02160212020E020A0221
:104FC00006020302FF01FB01F701F301EF01EB0110
:104FD000E701E301DF01DB01D701D401D001CC01FE
:104FE000C801C401C001BC01B801B401B001AC01E9
:104FF000A801A401A0019C019801940190018C01D9
:105000008801840180017C017801740170016C01C8
:105010006801640160015C015801540150014C01B8
:10502000480143013F013B01370133012F012B01AF
:10503000270123011F011B01170112010E010A01A3
:1050400006010201FE00FA00F600F100ED00E900A1
:10505000E500E100DD00D900D400D000CC00C8009C
:10506000C400C000BB00B700B300AF00AB00A60097
:10507000A2009E009A00960091008D008900850094
:1050800080007C00780074006F006B006700630094
:105090005E005A00560051004D0049004500400096
:1050A0003C00380033002F002B00260022001E0099
:1050B0001900150011000C0008000400FFFFFBFFA1
:1050C000F7FFF2FFEEFFEAFFE5FFE1FFDCFFD8FFAD
:1050D000D4FFCFFFCBFFC6FFC2FFBDFFB9FFB5FFB7
:1050E000B0FFACFFA7FFA3FF9EFF9AFF95FF91FFC4
:1050F0008DFF88FF84FF7FFF7BFF76FF72FF6DFFD0
:1051000069FF64FF60FF5BFF57FF52FF4DFF49FFE0
:1051100044FF40FF3BFF37FF32FF2EFF29FF24FFF4
:1051200020FF1BFF17FF12FF0DFF09FF04FF00FF09
:10513000FBFEF6FEF2FEEDFEE9FEE4FEDFFEDBFE28
:10514000D6FED1FECDFEC8FEC3FEBFFEBAFEB5FE42
:10515000B0FEACFEA7FEA2FE9EFE99FE94FE8FFE60
:105160008BFE86FE81FE7CFE78FE73FE6EFE69FE7F
:1051700065FE60FE5BFE56FE51FE4DFE48FE43FEA0
:105180003EFE39FE35FE30FE2BFE26FE21FE1CFEC5
:1051900017FE13FE0EFE09FE04FEFFFDFAFDF5FDEF
:1051A000F0FDEBFDE7FDE2FDDDFDD8FDD3FDCEFD1D
:1051B000C9FDC4FDBFFDBAFDB5FDB0FDABFDA6FD4B
:1051C000A1FD9CFD97FD92FD8DFD88FD83FD7EFD7B
:1051D00079FD74FD6FFD6AFD65FD60FD5BFD56FDAB
:1051E00050FD4BFD46FD41FD3CFD37FD32FD2DFDE3
:1051F00027FD22FD1DFD18FD13FD0EFD09FD03FD1C
:10520000FEFCF9FCF4FCEFFCE9FCE4FCDFFCDAFC5E
:10521000D4FCCFFCCAFCC5FCBFFCBAFCB5FCB0FC9E
:10522000AAFCA5FCA0FC9AFC95FC90FC8AFC85FCE1
:1052300080FC7AFC75FC70FC6AFC65FC60FC5AFC26
:1052400055FC4FFC4AFC45FC3FFC3AFC34FC2FFC6F
:1052500029FC24FC1EFC19FC14FC0EFC09FC03FCBC
:10526000FEFBF8FBF2FBEDFBE7FBE2FBDCFBD7FB15
:10527000D1FBCCFBC6FBC0FBBBFBB5FBB0FBAAFB69
:10528000A4FB9FFB99FB94FB8EFB88FB83FB7DFBC0
:1052900077FB71FB6CFB66FB60FB5BFB55FB4FFB1D
:1052A00049FB44FB3EFB38FB32FB2DFB27FB21FB7C
:1052B0001BFBEF03EB03E803E403E103DD03D90386
:1052C000D603D203CF03CB03C803C403C103BD037A
:1052D000B903B603B203AF03AB03A803A403A0034F
:1052E0009D039903960392038E038B038703840324
:1052F00080037C037903750371036E036A036703FC
:1053000063035F035C035803540351034D034903D4
:10531000460342033E033B033703330330032C03AE
:105320002803250321031D031A03160312030E038A
:105330000B03070303030003FC02F802F502F1026A
:10534000ED02E902E602E202DE02DA02D702D3024D
:10535000CF02CB02C802C402C002BC02B902B5022D
:10536000B102AD02AA02A602A2029E029A0297020E
:1053700093028F028B028702840280027C027802F1
:10538000740270026D026902650261025D025902D7
:10539000560252024E024A02460242023F023B02BB
:1053A000370233022F022B02270223021F021C02A4
:1053B0001802140210020C02080204020002FC018E
:1053C000F801F501F101ED01E901E501E101DD017E
:1053D000D901D501D101CD01C901C501C101BD016D
:1053E000B901B501B101AD01A901A501A1019D015D
:1053F0009901950191018D018901850181017D014D
:105400007901750171016D016901650161015D013C
:105410005901550151014D014901450141013D012C
:105420003801340130012C012801240120011C0124
:10543000180114010F010B0107010301FF00FB001C
:10544000F700F300EE00EA00E600E200DE00DA001A
:10545000D500D100CD00C900C500C100BC00B80016
:10546000B400B000AC00A700A3009F009B00970011
:1054700092008E008A00860081007D007900750010
:1054800070006C00680064005F005B005700520011
:105490004E004A00460041003D0039003400300013
:1054A0002C00270023001F001A00160012000D0018
:1054B000090005000000FCFFF8FFF3FFEFFFEAFF23
:1054C000E6FFE2FFDDFFD9FFD5FFD0FFCCFFC7FF2E
:1054D000C3FFBEFFBAFFB6FFB1FFADFFA8FFA4FF39
:1054E0009FFF9BFF96FF92FF8EFF89FF85FF80FF46
:1054F0007CFF77FF73FF6EFF6AFF65FF61FF5CFF54
:1055000058FF53FF4FFF4AFF45FF41FF3CFF38FF65
:1055100033FF2FFF2AFF26FF21FF1CFF18FF13FF79
:105520000FFF0AFF05FF01FFFCFEF8FEF3FEEEFE93
:10553000EAFEE5FEE1FEDCFED7FED3FECEFEC9FEAE
:10554000C5FEC0FEBBFEB7FEB2FEADFEA9FEA4FEC8
:105550009FFE9AFE96FE91FE8CFE88FE83FE7EFEE6
:1055600079FE75FE70FE6BFE66FE62FE5DFE58FE05
:1055700053FE4EFE4AFE45FE40FE3BFE36FE32FE28
:105580002DFE28FE23FE1EFE19FE15FE10FE0BFE4C
:1055900006FE01FEFCFDF7FDF2FDEEFDE9FDE4FD7A
:1055A000DFFDDAFDD5FDD0FDCBFDC6FDC1FDBCFDA7
:1055B000B7FDB2FDAEFDA9FDA4FD9FFD9AFD95FDD1
:1055C00090FD8BFD86FD81FD7CFD77FD72FD6DFDFF
:1055D00068FD62FD5DFD58FD53FD4EFD49FD44FD36
:1055E0003FFD3AFD35FD30FD2BFD26FD20FD1BFD69
:1055F00016FD11FD0CFD07FD02FDFCFCF7FCF2FCA5
:10560000EDFCE8FCE3FCDDFCD8FCD3FCCEFCC9FCE3
:10561000C3FCBEFCB9FCB4FCAEFCA9FCA4FC9FFC22
:1056200099FC94FC8FFC89FC84FC7FFC7AFC74FC64
:105630006FFC6AFC64FC5FFC5AFC54FC4FFC49FCA8
:1056400044FC3FFC39FC34FC2EFC29FC24FC1EFCF1
:1056500019FC13FC0EFC09FC03FCFEFBF8FBF3FB3E
:10566000EDFBE8FBE2FBDDFBD7FBD2FBCCFBC7FB92
:10567000C1FBBCFBB6FBB0FBABFBA5FBA0FB9AFBE5
:1056800095FB8FFB89FB84FB7EFB78FB73FB6DFB3B
:1056900068FB62FB5CFB57FB51FB4BFB0A040704F6
:1056A00003040004FC03F903F503F203EE03EA0329
:1056B000E703E303E003DC03D903D503D103CE03FF
:1056C000CA03C703C303C003BC03B803B503B103D4
:1056D000AE03AA03A603A3039F039C0398039403AA
:1056E00091038D038903860382037F037B03770382
:1056F000740370036C036903650361035E035A035B
:10570000560353034F034B034803440340033D0335
:105710003903350332032E032A03270323031F0310
:105720001B031803140310030D03090305030103EE
:10573000FE02FA02F602F302EF02EB02E702E402D3
:10574000E002DC02D802D502D102CD02C902C502B4
:10575000C202BE02BA02B602B302AF02AB02A70295
:10576000A302A0029C029802940290028D02890278
:10577000850281027D027902760272026E026A025D
:10578000660262025F025B02570253024F024B0243
:105790004702440240023C023802340230022C022A
:1057A0002802240221021D021902150211020D0213
:1057B000090205020102FD01F901F501F201EE0104
:1057C000EA01E601E201DE01DA01D601D201CE01F1
:1057D000CA01C601C201BE01BA01B601B201AE01E1
:1057E000AA01A601A2019E019A01960192018E01D1
:1057F0008A01860182017E017A01760172016E01C1
:105800006A01660162015E015A01560151014D01B2
:105810004901450141013D013901350131012D01A8
:105820002901250120011C011801140110010C019E
:1058300008010401FF00FB00F700F300EF00EB009C
:10584000E700E200DE00DA00D600D200CE00C90098
:10585000C500C100BD00B900B400B000AC00A80094
:10586000A4009F009B00970093008E008A00860092
:1058700082007D007900750071006C006800640092
:1058800060005B00570053004E004A004600420093
:105890003D003900350030002C00280023001F0097
:1058A0001B00160012000E00090005000100FCFF9D
:1058B000F8FFF4FFEFFFEBFFE6FFE2FFDEFFD9FFAB
:1058C000D5FFD0FFCCFFC8FFC3FFBFFFBAFFB6FFB5
:1058D000B1FFADFFA9FFA4FFA0FF9BFF97FF92FFC1
:1058E0008EFF89FF85FF80FF7CFF78FF73FF6FFFCE
:1058F0006AFF66FF61FF5DFF58FF53FF4FFF4AFFDE
:1059000046FF41FF3DFF38FF34FF2FFF2BFF26FFEF
:1059100021FF1DFF18FF14FF0FFF0BFF06FF01FF04
:10592000FDFEF8FEF4FEEFFEEAFEE6FEE1FEDCFE22
:10593000D8FED3FECFFECAFEC5FEC1FEBCFEB7FE3A
:10594000B3FEAEFEA9FEA5FEA0FE9BFE96FE92FE55
:105950008DFE88FE84FE7FFE7AFE75FE71FE6CFE73
:1059600067FE62FE5EFE59FE54FE4FFE4BFE46FE93
:1059700041FE3CFE37FE33FE2EFE29FE24FE1FFEB6
:105980001BFE16FE11FE0CFE07FE02FEFDFDF9FDDC
:10599000F4FDEFFDEAFDE5FDE0FDDBFDD6FDD2FD0A
:1059A000CDFDC8FDC3FDBEFDB9FDB4FDAFFDAAFD33
:1059B000A5FDA0FD9BFD96FD91FD8CFD87FD82FD63
:1059C0007DFD78FD73FD6EFD69FD64FD5FFD5AFD93
:1059D00055FD50FD4BFD46FD41FD3CFD37FD32FDC3
:1059E0002DFD28FD23FD1EFD19FD13FD0EFD09FDF6
:1059F00004FDFFFCFAFCF5FCF0FCEAFCE5FCE0FC35
:105A0000DBFCD6FCD1FCCBFCC6FCC1FCBCFCB7FC6F
:105A1000B1FCACFCA7FCA2FC9CFC97FC92FC8DFCAE
:105A200087FC82FC7DFC78FC72FC6DFC68FC62FCEF
:105A30005DFC58FC53FC4DFC48FC43FC3DFC38FC31
:105A400033FC2DFC28FC22FC1DFC18FC12FC0DFC78
:105A500007FC02FCFDFBF7FBF2FBECFBE7FBE1FBC9
:105A6000DCFBD7FBD1FBCCFBC6FBC1FBBBFBB6FB16
:105A7000B0FBABFBA5FBA0FB9AFB94FB8FFB89FB68
:105A800084FB7EFB79FB250422041E041B041704FF
:105A9000140410040D04090406040204FE03FB03AD
:105AA000F703F403F003ED03E903E503E203DE0388
:105AB000DB03D703D403D003CC03C903C503C2035C
:105AC000BE03BA03B703B303B003AC03A803A50333
:105AD000A1039D039A03960393038F038B0388030B
:105AE000840380037D037903750372036E036A03E5
:105AF000670363035F035C035803540351034D03BF
:105B00004903460342033E033A03370333032F039B
:105B10002C032803240321031D0319031503120377
:105B20000E030A0306030303FF02FB02F702F4025B
:105B3000F002EC02E802E502E102DD02D902D6023F
:105B4000D202CE02CA02C602C302BF02BB02B70221
:105B5000B402B002AC02A802A402A1029D02990202
:105B6000950291028D028A02860282027E027A02E8
:105B7000760273026F026B02670263025F025B02CE
:105B80005802540250024C024802440240023C02B5
:105B90003802350231022D022902250221021D029E
:105BA0001902150211020D020A0206020202FE018A
:105BB000FA01F601F201EE01EA01E601E201DE017D
:105BC000DA01D601D201CE01CA01C601C201BE016D
:105BD000BA01B601B201AE01AA01A601A2019E015D
:105BE0009A01960192018E018A01860182017E014D
:105BF0007A01760172016E016A01660162015E013D
:105C00005A01560151014D014901450141013D0132
:105C10003901350131012D012901240120011C0127
:105C20001801140110010C0108010301FF00FB0021
:105C3000F700F300EF00EB00E600E200DE00DA0020
:105C4000D600D200CD00C900C500C100BD00B8001B
:105C5000B400B000AC00A800A3009F009B00970018
:105C600092008E008A00860081007D007900750018
:105C700070006C00680064005F005B005700520019
:105C80004E004A00460041003D003900340030001B
:105C90002C00270023001F001A00160012000D0020
:105CA000090005000000FCFFF8FFF3FFEFFFEAFF2B
:105CB000E6FFE2FFDDFFD9FFD4FFD0FFCCFFC7FF37
:105CC000C3FFBEFFBAFFB6FFB1FFADFFA8FFA4FF41
:105CD0009FFF9BFF97FF92FF8EFF89FF85FF80FF4D
:105CE0007CFF77FF73FF6EFF6AFF65FF61FF5CFF5C
:105CF00058FF53FF4FFF4AFF46FF41FF3DFF38FF6C
:105D000034FF2FFF2AFF26FF21FF1DFF18FF14FF7E
:105D10000FFF0AFF06FF01FFFDFEF8FEF3FEEFFE98
:105D2000EAFEE6FEE1FEDCFED8FED3FECEFECAFEB3
:105D3000C5FEC1FEBCFEB7FEB3FEAEFEA9FEA5FECB
:105D4000A0FE9BFE96FE92FE8DFE88FE84FE7FFEE8
:105D50007AFE76FE71FE6CFE67FE63FE5EFE59FE05
:105D600054FE50FE4BFE46FE41FE3DFE38FE33FE25
:105D70002EFE29FE25FE20FE1BFE16FE11FE0CFE49
:105D800008FE03FEFEFDF9FDF4FDEFFDEBFDE6FD73
:105D9000E1FDDCFDD7FDD2FDCDFDC8FDC4FDBFFD9D
:105DA000BAFDB5FDB0FDABFDA6FDA1FD9CFD97FDC7
:105DB00092FD8DFD88FD83FD7EFD79FD74FD70FDF6
:105DC0006BFD66FD61FD5CFD57FD52FD4CFD47FD21
:105DD00042FD3DFD38FD33FD2EFD29FD24FD1FFD57
:105DE0001AFD15FD10FD0BFD06FD01FDFBFCF6FC8B
:105DF000F1FCECFCE7FCE2FCDDFCD8FCD2FCCDFCC9
:105E0000C8FCC3FCBEFCB9FCB4FCAEFCA9FCA4FC01
:105E10009FFC9AFC94FC8FFC8AFC85FC7FFC7AFC3E
:105E200075FC70FC6AFC65FC60FC5BFC55FC50FC7E
:105E30004BFC45FC40FC3BFC36FC30FC2BFC26FCC0
:105E400020FC1BFC16FC10FC0BFC05FC00FCFBFB07
:105E5000F5FBF0FBEBFBE5FBE0FBDAFBD5FBCFFB57
:105E6000CAFBC5FBBFFBBAFBB4FBAFFBA9FBA4FBA2
:105E700040043D043904360432042E042B04270464
:105E8000240420041D041904160412040E040B0437
:105E9000070404040004FD03F903F503F203EE0311
:105EA000EB03E703E303E003DC03D903D503D103EA
:105EB000CE03CA03C703C303BF03BC03B803B503C0
:105EC000B103AD03AA03A603A2039F039B03970399
:105ED000940390038C038903850381037E037A0373
:105EE000760373036F036B036803640360035D034E
:105EF0005903550352034E034A03470343033F0329
:105F00003B033803340330032C0329032503210307
:105F10001E031A03160312030F030B0307030303E5
:105F20000003FC02F802F402F102ED02E902E502CC
:105F3000E102DE02DA02D602D202CF02CB02C702AF
:105F4000C302BF02BC02B802B402B002AC02A80293
:105F5000A502A1029D029902950291028E028A0277
:105F6000860282027E027A02770273026F026B025D
:105F7000670263025F025B025802540250024C0245
:105F80004802440240023C023802350231022D022E
:105F90002902250221021D021902150211020D0219
:105FA000090205020202FE01FA01F601F201EE0108
:105FB000EA01E601E201DE01DA01D601D201CE01F9
:105FC000CA01C601C201BE01BA01B601B201AE01E9
:105FD000AA01A601A2019E019A01960192018E01D9
:105FE0008A01860182017E017A01760171016D01CB
:105FF0006901650161015D015901550151014D01C1
:106000004901450141013C013801340130012C01B5
:106010002801240120011C01170113010F010B01AC
:1060200007010301FF00FA00F600F200EE00EA00AB
:10603000E600E100DD00D900D500D100CD00C800A8
:10604000C400C000BC00B800B300AF00AB00A700A4
:10605000A2009E009A00960092008D0089008500A3
:1060600081007C007800740070006B0067006300A2
:106070005E005A00560052004D00490045004000A5
:106080003C00380033002F002B00260022001E00A9
:106090001900150011000C0008000400FFFFFBFFB1
:1060A000F7FFF2FFEEFFEAFFE5FFE1FFDCFFD8FFBD
:1060B000D4FFCFFFCBFFC6FFC2FFBEFFB9FFB5FFC6
:1060C000B0FFACFFA7FFA3FF9FFF9AFF96FF91FFD2
:1060D0008DFF88FF84FF7FFF7BFF76FF72FF6DFFE0
:1060E00069FF64FF60FF5BFF57FF52FF4EFF49FFF0
:1060F00045FF40FF3CFF37FF33FF2EFF2AFF25FF00
:1061000020FF1CFF17FF13FF0EFF0AFF05FF00FF14
:10611000FCFEF7FEF3FEEEFEEAFEE5FEE0FEDCFE30
:10612000D7FED2FECEFEC9FEC5FEC0FEBBFEB7FE48
:10613000B2FEADFEA9FEA4FE9FFE9BFE96FE91FE62
:106140008DFE88FE83FE7EFE7AFE75FE70FE6CFE7E
:1061500067FE62FE5DFE59FE54FE4FFE4AFE46FE9D
:1061600041FE3CFE37FE33FE2EFE29FE24FE1FFEBE
:106170001BFE16FE11FE0CFE07FE03FEFEFDF9FDE2
:10618000F4FDEFFDEAFDE6FDE1FDDCFDD7FDD2FD0E
:10619000CDFDC8FDC4FDBFFDBAFDB5FDB0FDABFD35
:1061A000A6FDA1FD9CFD97FD92FD8EFD89FD84FD60
:1061B0007FFD7AFD75FD70FD6BFD66FD61FD5CFD8B
:1061C00057FD52FD4DFD48FD43FD3EFD39FD34FDBB
:1061D0002FFD2AFD25FD20FD1BFD16FD11FD0CFDEB
:1061E00007FD01FDFCFCF7FCF2FCEDFCE8FCE3FC28
:1061F000DEFCD9FCD4FCCFFCC9FCC4FCBFFCBAFC5F
:10620000B5FCB0FCABFCA5FCA0FC9BFC96FC91FC97
:106210008BFC86FC81FC7CFC77FC71FC6CFC67FCD5
:1062200062FC5DFC57FC52FC4DFC48FC42FC3DFC12
:1062300038FC32FC2DFC28FC23FC1DFC18FC13FC54
:106240000DFC08FC03FCFDFBF8FBF3FBEDFBE8FB9E
:10625000E3FBDDFBD8FBD2FBCDFB5A045704530410
:1062600050044C044904450442043E043A043704F3
:10627000330430042C042904250422041E041A04C7
:106280001704130410040C04090405040104FE039C
:10629000FA03F703F303EF03EC03E803E503E10379
:1062A000DD03DA03D603D203CF03CB03C803C40351
:1062B000C003BD03B903B503B203AE03AA03A7032A
:1062C000A3039F039C039803940391038D03890305
:1062D000860382037E037B037703730370036C03DF
:1062E0006803650361035D035903560352034E03BC
:1062F0004B03470343033F033C0338033403310399
:106300002D032903250322031E031A031603130377
:106310000F030B03070304030003FC02F802F4025B
:10632000F102ED02E902E502E102DE02DA02D60242
:10633000D202CE02CB02C702C302BF02BB02B80226
:10634000B402B002AC02A802A402A1029D0299020A
:10635000950291028D028A02860282027E027A02F0
:10636000760272026E026B02670263025F025B02D8
:10637000570253024F024B024802440240023C02C1
:106380003802340230022C022802240220021C02AD
:106390001902150211020D02090205020102FD0196
:1063A000F901F501F101ED01E901E501E101DD018D
:1063B000D901D501D101CD01C901C501C101BD017D
:1063C000B901B501B101AD01A901A501A1019D016D
:1063D0009901950191018D018901850181017D015D
:1063E0007901750170016C016801640160015C0153
:1063F0005801540150014C01480144013F013B0147
:10640000370133012F012B01270123011F011A013D
:10641000160112010E010A0106010201FD00F90038
:10642000F500F100ED00E900E400E000DC00D80038
:10643000D400CF00CB00C700C300BF00BA00B60035
:10644000B200AE00AA00A500A1009D009900940032
:1064500090008C00880083007F007B007700720032
:106460006E006A00660061005D0059005400500033
:106470004C00480043003F003B00360032002E0035
:106480002900250021001C00180014000F000B003B
:1064900007000200FEFFFAFFF5FFF1FFECFFE8FF47
:1064A000E4FFDFFFDBFFD7FFD2FFCEFFC9FFC5FF51
:1064B000C0FFBCFFB8FFB3FFAFFFAAFFA6FFA1FF5D
:1064C0009DFF99FF94FF90FF8BFF87FF82FF7EFF68
:1064D00079FF75FF70FF6CFF67FF63FF5EFF5AFF78
:1064E00055FF51FF4CFF48FF43FF3FFF3AFF36FF88
:1064F00031FF2DFF28FF24FF1FFF1BFF16FF11FF99
:106500000DFF08FF04FFFFFEFBFEF6FEF1FEEDFEB1
:10651000E8FEE4FEDFFEDAFED6FED1FECDFEC8FECA
:10652000C3FEBFFEBAFEB5FEB1FEACFEA7FEA3FEE3
:106530009EFE99FE95FE90FE8BFE87FE82FE7DFEFE
:1065400079FE74FE6FFE6AFE66FE61FE5CFE58FE1A
:1065500053FE4EFE49FE45FE40FE3BFE36FE32FE39
:106560002DFE28FE23FE1FFE1AFE15FE10FE0BFE5A
:1065700007FE02FEFDFDF8FDF3FDEFFDEAFDE5FD82
:10658000E0FDDBFDD6FDD1FDCDFDC8FDC3FDBEFDAB
:10659000B9FDB4FDAFFDABFDA6FDA1FD9CFD97FDD2
:1065A00092FD8DFD88FD83FD7EFD79FD74FD70FDFE
:1065B0006BFD66FD61FD5CFD57FD52FD4DFD48FD27
:1065C00043FD3EFD39FD34FD2FFD2AFD25FD20FD57
:1065D0001BFD16FD11FD0CFD07FD02FDFDFCF8FC89
:1065E000F3FCEDFCE8FCE3FCDEFCD9FCD4FCCFFCC6
:1065F000CAFCC5FCC0FCBBFCB5FCB0FCABFCA6FCFB
:10660000A1FC9CFC97FC91FC8CFC87FC82FC7DFC33
:1066100078FC72FC6DFC68FC63FC5EFC58FC53FC6F
:106620004EFC49FC44FC3EFC39FC34FC2FFC29FCAC
:1066300024FC1FFC1AFC14FC0FFC0AFC04FCFFFBEE
:10664000FAFBF4FB740471046D046A0466046304C9
:106650005F045B045804540451044D044A04460486
:1066600043043F043B043804340431042D042A0459
:10667000260422041F041B041804140410040D042F
:10668000090406040204FE03FB03F703F403F0030A
:10669000EC03E903E503E103DE03DA03D703D303E5
:1066A000CF03CC03C803C403C103BD03B903B603BE
:1066B000B203AE03AB03A703A303A0039C03980399
:1066C000950391038D038A03860382037F037B0373
:1066D0007703730370036C036803650361035D0351
:1066E0005903560352034E034B03470343033F032F
:1066F0003C033803340330032D032903250321030E
:106700001E031A03160312030F030B0307030303ED
:10671000FF02FC02F802F402F002EC02E902E502D8
:10672000E102DD02D902D602D202CE02CA02C602BC
:10673000C302BF02BB02B702B302AF02AB02A802A0
:10674000A402A0029C029802940291028D02890286
:10675000850281027D027902750272026E026A026E
:10676000660262025E025A02560252024E024B0258
:10677000470243023F023B02370233022F022B0241
:10678000270223021F021B021702130210020C022F
:10679000080204020002FC01F801F401F001EC011E
:1067A000E801E401E001DC01D801D401D001CC0111
:1067B000C801C401C001BC01B801B401B001AC0101
:1067C000A801A401A0019C01980194018F018B01F3
:1067D000870183017F017B01770173016F016B01E9
:1067E000670163015F015B01560152014E014A01DD
:1067F000460142013E013A01360132012D012901D3
:10680000250121011D011901150110010C010801CB
:1068100004010001FC00F700F300EF00EB00E700CB
:10682000E300DE00DA00D600D200CE00C900C500C9
:10683000C100BD00B900B400B000AC00A800A400C5
:106840009F009B00970093008E008A0086008200C4
:106850007D007900750071006C00680064005F00C5
:106860005B00570053004E004A00460041003D00C7
:106870003900340030002C00270023001F001A00CC
:10688000160012000D00090005000000FCFFF8FFD3
:10689000F3FFEFFFEAFFE6FFE2FFDDFFD9FFD5FFE1
:1068A000D0FFCCFFC7FFC3FFBFFFBAFFB6FFB1FFEA
:1068B000ADFFA8FFA4FFA0FF9BFF97FF92FF8EFFF5
:1068C00089FF85FF80FF7CFF77FF73FF6EFF6AFF04
:1068D00065FF61FF5DFF58FF54FF4FFF4AFF46FF12
:1068E00041FF3DFF38FF34FF2FFF2BFF26FF22FF24
:1068F0001DFF19FF14FF10FF0BFF06FF02FFFDFE37
:10690000F9FEF4FEF0FEEBFEE6FEE2FEDDFED9FE51
:10691000D4FECFFECBFEC6FEC1FEBDFEB8FEB4FE69
:10692000AFFEAAFEA6FEA1FE9CFE98FE93FE8EFE82
:106930008AFE85FE80FE7CFE77FE72FE6EFE69FE9C
:1069400064FE5FFE5BFE56FE51FE4DFE48FE43FEBA
:106950003EFE3AFE35FE30FE2BFE27FE22FE1DFED9
:1069600018FE14FE0FFE0AFE05FE00FEFCFDF7FDFC
:10697000F2FDEDFDE8FDE4FDDFFDDAFDD5FDD0FD26
:10698000CBFDC7FDC2FDBDFDB8FDB3FDAEFDA9FD4C
:10699000A5FDA0FD9BFD96FD91FD8CFD87FD82FD73
:1069A0007DFD78FD74FD6FFD6AFD65FD60FD5BFD9D
:1069B00056FD51FD4CFD47FD42FD3DFD38FD33FDCB
:1069C0002EFD29FD24FD1FFD1AFD15FD10FD0BFDFB
:1069D00006FD01FDFCFCF7FCF2FCEDFCE8FCE3FC31
:1069E000DEFCD9FCD4FCCFFCCAFCC5FCBFFCBAFC65
:1069F000B5FCB0FCABFCA6FCA1FC9CFC97FC92FC9B
:106A00008CFC87FC82FC7DFC78FC73FC6EFC68FCD3
:106A100063FC5EFC59FC54FC4EFC49FC44FC3FFC0E
:106A20003AFC34FC2FFC2AFC25FC20FC1AFC8E04CA
:106A30008A048704830480047C0479047504710447
:106A40006E046A046704630460045C04590455041A
:106A500051044E044A04470443043F043C043804F0
:106A6000350431042E042A04260423041F041C04C4
:106A70001804140411040D04090406040204FF039D
:106A8000FB03F703F403F003EC03E903E503E2037C
:106A9000DE03DA03D703D303CF03CC03C803C40355
:106AA000C103BD03B903B603B203AE03AB03A7032F
:106AB000A303A0039C039803940391038D0389030C
:106AC000860382037E037A03770373036F036C03E9
:106AD0006803640360035D035903550351034E03C8
:106AE0004A03460343033F033B03370333033003A7
:106AF0002C032803240321031D0319031503120388
:106B00000E030A0306030203FF02FB02F702F3026D
:106B1000EF02EC02E802E402E002DC02D802D50255
:106B2000D102CD02C902C502C102BE02BA02B6023A
:106B3000B202AE02AA02A702A3029F029B02970220
:106B400093028F028B028802840280027C02780208
:106B5000740270026C026802650261025D025902F1
:106B6000550251024D024902450241023D023902DD
:106B7000350232022E022A02260222021E021A02C6
:106B8000160212020E020A0206020202FE01FA01B7
:106B9000F601F201EE01EA01E601E201DE01DA01AD
:106BA000D601D201CE01CA01C601C201BE01BA019D
:106BB000B601B201AE01AA01A601A2019E019A018D
:106BC000960192018E018A01850181017D01790181
:106BD000750171016D016901650161015D01590175
:106BE000540150014C014801440140013C0138016D
:106BF00034012F012B01270123011F011B01170164
:106C000012010E010A0106010201FE00F900F50061
:106C1000F100ED00E900E500E000DC00D800D40060
:106C2000D000CB00C700C300BF00BB00B600B2005D
:106C3000AE00AA00A500A1009D009900950090005B
:106C40008C00880084007F007B00770072006E005B
:106C50006A00660061005D005900540050004C005D
:106C6000480043003F003B00360032002E00290060
:106C7000250021001C00180014000F000B00070065
:106C80000200FEFFFAFFF5FFF1FFECFFE8FFE4FF73
:106C9000DFFFDBFFD6FFD2FFCEFFC9FFC5FFC0FF7E
:106CA000BCFFB8FFB3FFAFFFAAFFA6FFA1FF9DFF88
:106CB00099FF94FF90FF8BFF87FF82FF7EFF79FF94
:106CC00075FF70FF6CFF68FF63FF5FFF5AFF56FFA1
:106CD00051FF4DFF48FF44FF3FFF3BFF36FF31FFB1
:106CE0002DFF28FF24FF1FFF1BFF16FF12FF0DFFC4
:106CF00009FF04FFFFFEFBFEF6FEF2FEEDFEE9FEDD
:106D0000E4FEDFFEDBFED6FED2FECDFEC8FEC4FEF4
:106D1000BFFEBBFEB6FEB1FEADFEA8FEA3FE9FFE0B
:106D20009AFE95FE91FE8CFE87FE83FE7EFE79FE26
:106D300075FE70FE6BFE67FE62FE5DFE59FE54FE40
:106D40004FFE4AFE46FE41FE3CFE38FE33FE2EFE5E
:106D500029FE25FE20FE1BFE16FE12FE0DFE08FE7D
:106D600003FEFEFDFAFDF5FDF0FDEBFDE6FDE2FDA7
:106D7000DDFDD8FDD3FDCEFDCAFDC5FDC0FDBBFDCB
:106D8000B6FDB1FDADFDA8FDA3FD9EFD99FD94FDF1
:106D90008FFD8AFD86FD81FD7CFD77FD72FD6DFD19
:106DA00068FD63FD5EFD59FD55FD50FD4BFD46FD43
:106DB00041FD3CFD37FD32FD2DFD28FD23FD1EFD6F
:106DC00019FD14FD0FFD0AFD05FD00FDFBFCF6FCA1
:106DD000F1FCECFCE7FCE2FCDDFCD8FCD3FCCEFCD7
:106DE000C9FCC4FCBFFCBAFCB5FCAFFCAAFCA5FC0A
:106DF000A0FC9BFC96FC91FC8CFC87FC82FC7DFC3F
:106E000077FC72FC6DFC68FC63FC5EFC59FC53FC77
:106E10004EFC49FC44FC3FFCA704A304A0049C04D2
:106E20009904950492048E048B04870483048004DF
:106E30007C047904750472046E046B0467046304B3
:106E400060045C045904550451044E044A04470488
:106E5000430440043C043804350431042D042A045E
:106E6000260423041F041B041804140411040D0435
:106E7000090406040204FE03FB03F703F303F00313
:106E8000EC03E803E503E103DD03DA03D603D203F1
:106E9000CF03CB03C703C403C003BC03B903B503CB
:106EA000B103AE03AA03A603A3039F039B039703A7
:106EB000940390038C038903850381037D037A0384
:106EC000760372036E036B036703630360035C0363
:106ED0005803540351034D034903450341033E0343
:106EE0003A03360332032F032B0327032303200324
:106EF0001C031803140310030D0309030503010306
:106F0000FD02F902F602F202EE02EA02E602E302F2
:106F1000DF02DB02D702D302CF02CC02C802C402D6
:106F2000C002BC02B802B402B102AD02A902A502BD
:106F3000A1029D029902950292028E028A028602A5
:106F400082027E027A02760272026F026B0267028E
:106F500063025F025B02570253024F024B02470279
:106F600043023F023B023802340230022C02280264
:106F7000240220021C021802140210020C02080251
:106F800004020002FC01F801F401F001EC01E80147
:106F9000E401E001DC01D801D401D001CC01C80139
:106FA000C401C001BC01B801B401B001AC01A80129
:106FB000A401A0019C01970193018F018B0187011E
:106FC00083017F017B01770173016F016B01670111
:106FD00062015E015A01560152014E014A01460109
:106FE00042013D013901350131012D012901250100
:106FF00020011C011801140110010C0108010301FA
:10700000FF00FB00F700F300EF00EA00E600E200FB
:10701000DE00DA00D500D100CD00C900C500C000F7
:10702000BC00B800B400AF00AB00A700A3009F00F5
:107030009A00960092008E008900850081007C00F5
:107040007800740070006B00670063005F005A00F6
:10705000560052004D004900450040003C003800F9
:1070600033002F002B00260022001E0019001500FF
:1070700011000C0008000400FFFFFBFFF7FFF2FF08
:10708000EEFFEAFFE5FFE1FFDCFFD8FFD4FFCFFF13
:10709000CBFFC6FFC2FFBEFFB9FFB5FFB0FFACFF1D
:1070A000A7FFA3FF9FFF9AFF96FF91FF8DFF88FF29
:1070B00084FF7FFF7BFF77FF72FF6EFF69FF65FF35
:1070C00060FF5CFF57FF53FF4EFF4AFF45FF41FF44
:1070D0003CFF38FF33FF2FFF2AFF26FF21FF1CFF55
:1070E00018FF13FF0FFF0AFF06FF01FFFDFEF8FE6A
:1070F000F3FEEFFEEAFEE6FEE1FEDDFED8FED3FE85
:10710000CFFECAFEC6FEC1FEBCFEB8FEB3FEAFFE99
:10711000AAFEA5FEA1FE9CFE97FE93FE8EFE89FEB2
:1071200085FE80FE7BFE77FE72FE6DFE69FE64FECC
:107130005FFE5BFE56FE51FE4DFE48FE43FE3EFEE8
:107140003AFE35FE30FE2CFE27FE22FE1DFE19FE05
:1071500014FE0FFE0AFE06FE01FEFCFDF7FDF2FD29
:10716000EEFDE9FDE4FDDFFDDAFDD6FDD1FDCCFD50
:10717000C7FDC2FDBEFDB9FDB4FDAFFDAAFDA5FD75
:10718000A1FD9CFD97FD92FD8DFD88FD83FD7FFD9A
:107190007AFD75FD70FD6BFD66FD61FD5CFD57FDC3
:1071A00053FD4EFD49FD44FD3FFD3AFD35FD30FDEB
:1071B0002BFD26FD21FD1CFD17FD12FD0DFD08FD1B
:1071C00003FDFEFCF9FCF4FCEFFCEBFCE6FCE0FC50
:1071D000DBFCD6FCD1FCCCFCC7FCC2FCBDFCB8FC83
:1071E000B3FCAEFCA9FCA4FC9FFC9AFC95FC90FCB3
:1071F0008BFC86FC81FC7BFC76FC71FC6CFC67FCE8
:1072000062FCC004BC04B904B504B204AE04AB040F
:10721000A704A304A0049C049904950492048E047A
:107220008B048704830480047C047904750471044E
:107230006E046A046704630460045C045804550423
:1072400051044E044A04460443043F043B043804FA
:10725000340431042D042904260422041E041B04D2
:107260001704140410040C04090405040104FE03AB
:10727000FA03F603F303EF03EB03E803E403E0038D
:10728000DD03D903D503D203CE03CA03C703C30367
:10729000BF03BB03B803B403B003AD03A903A50345
:1072A000A1039E039A03960393038F038B03870323
:1072B000840380037C037803750371036D03690302
:1072C000660362035E035A03570353034F034B03E2
:1072D0004803440340033C033903350331032D03C2
:1072E0002903260322031E031A03160313030F03A5
:1072F0000B0307030303FF02FC02F802F402F0028F
:10730000EC02E802E502E102DD02D902D502D10277
:10731000CE02CA02C602C202BE02BA02B602B3025C
:10732000AF02AB02A702A3029F029B029702930245
:1073300090028C028802840280027C02780274022D
:1073400070026C026802650261025D025902550218
:1073500051024D024902450241023D023902350205
:1073600031022D022902250221021D0219021502F5
:1073700012020E020A0206020202FE01FA01F601E0
:10738000F201EE01EA01E601E201DE01DA01D501D6
:10739000D101CD01C901C501C101BD01B901B501CD
:1073A000B101AD01A901A501A1019D0199019501BD
:1073B00091018D018901840180017C0178017401B2
:1073C00070016C016801640160015C0157015301A7
:1073D0004F014B01470143013F013B01360132019F
:1073E0002E012A01260122011E0119011501110198
:1073F0000D01090105010001FC00F800F400F00096
:10740000EB00E700E300DF00DB00D700D200CE0096
:10741000CA00C600C100BD00B900B500B100AC0093
:10742000A800A400A0009B00970093008F008A0092
:10743000860082007E007900750071006C00680093
:10744000640060005B00570053004E004A00460095
:1074500041003D003900350030002C002800230099
:107460001F001B00160012000E000900050000009E
:10747000FCFFF8FFF3FFEFFFEBFFE6FFE2FFDDFFAE
:10748000D9FFD5FFD0FFCCFFC7FFC3FFBFFFBAFFB7
:10749000B6FFB1FFADFFA9FFA4FFA0FF9BFF97FFC1
:1074A00092FF8EFF8AFF85FF81FF7CFF78FF73FFCD
:1074B0006FFF6AFF66FF61FF5DFF58FF54FF4FFFDC
:1074C0004BFF46FF42FF3DFF39FF34FF30FF2BFFEC
:1074D00027FF22FF1EFF19FF15FF10FF0CFF07FFFC
:1074E00002FFFEFEF9FEF5FEF0FEECFEE7FEE3FE17
:1074F000DEFED9FED5FED0FECCFEC7FEC2FEBEFE2D
:10750000B9FEB5FEB0FEABFEA7FEA2FE9DFE99FE43
:1075100094FE90FE8BFE86FE82FE7DFE78FE74FE5B
:107520006FFE6AFE66FE61FE5CFE58FE53FE4EFE76
:1075300049FE45FE40FE3BFE37FE32FE2DFE29FE93
:1075400024FE1FFE1AFE16FE11FE0CFE07FE03FEB1
:10755000FEFDF9FDF4FDF0FDEBFDE6FDE1FDDCFDDA
:10756000D8FDD3FDCEFDC9FDC4FDC0FDBBFDB6FDFC
:10757000B1FDACFDA8FDA3FD9EFD99FD94FD8FFD21
:107580008BFD86FD81FD7CFD77FD72FD6DFD69FD46
:1075900064FD5FFD5AFD55FD50FD4BFD46FD41FD6F
:1075A0003CFD38FD33FD2EFD29FD24FD1FFD1AFD98
:1075B00015FD10FD0BFD06FD01FDFCFCF7FCF2FCCA
:1075C000EDFCE8FCE3FCDEFCD9FCD4FCCFFCCAFCFF
:1075D000C5FCC0FCBBFCB6FCB1FCACFCA7FCA2FC2F
:1075E0009DFC98FC93FC8EFC89FC84FCD804D5049B
:1075F000D104CE04CA04C704C304C004BC04B80444
:10760000B504B104AE04AA04A704A304A0049C0416
:107610009804950491048E048A04860483047F04EC
:107620007C047804750471046D046A0466046204C1
:107630005F045B045804540450044D044904460498
:1076400042043E043B043704330430042C04280471
:10765000250421041E041A04160413040F040B0449
:10766000080404040004FD03F903F503F203EE0328
:10767000EA03E603E303DF03DB03D803D403D00309
:10768000CD03C903C503C203BE03BA03B603B303E4
:10769000AF03AB03A703A403A0039C0399039503C3
:1076A00091038D038A03860382037E037B037703A2
:1076B00073036F036C036803640360035D03590382
:1076C000550351034D034A03460342033E033A0365
:1076D000370333032F032B032703240320031C0347
:1076E0001803140311030D03090305030103FD022D
:1076F000FA02F602F202EE02EA02E602E302DF0218
:10770000DB02D702D302CF02CB02C702C402C002FF
:10771000BC02B802B402B002AC02A802A502A102E7
:107720009D029902950291028D02890285028102D1
:107730007D027A02760272026E026A0266026202BA
:107740005E025A02560252024E024A0246024202A9
:107750003E023A02370233022F022B022702230293
:107760001F021B02170213020F020B020702030281
:10777000FF01FB01F701F301EF01EB01E701E30179
:10778000DF01DB01D701D301CF01CA01C601C2016C
:10779000BE01BA01B601B201AE01AA01A601A20161
:1077A0009E019A01960192018E0189018501810154
:1077B0007D017901750171016D0169016501610149
:1077C0005C015801540150014C0148014401400141
:1077D0003B01370133012F012B01270123011E013A
:1077E0001A01160112010E010A0105010101FD0035
:1077F000F900F500F000EC00E800E400E000DB0038
:10780000D700D300CF00CB00C600C200BE00BA0034
:10781000B600B100AD00A900A500A0009C00980032
:1078200094008F008B00870083007E007A00760032
:1078300071006D006900650060005C005800530035
:107840004F004B00460042003E003A003500310038
:107850002D002800240020001B00170013000E003C
:107860000A0005000100FDFFF8FFF4FFF0FFEBFF49
:10787000E7FFE3FFDEFFDAFFD5FFD1FFCDFFC8FF53
:10788000C4FFBFFFBBFFB7FFB2FFAEFFA9FFA5FF5D
:10789000A0FF9CFF98FF93FF8FFF8AFF86FF81FF69
:1078A0007DFF78FF74FF6FFF6BFF67FF62FF5EFF76
:1078B00059FF55FF50FF4CFF47FF43FF3EFF3AFF84
:1078C00035FF31FF2CFF28FF23FF1FFF1AFF15FF95
:1078D00011FF0CFF08FF03FFFFFEFAFEF6FEF1FEAC
:1078E000EDFEE8FEE3FEDFFEDAFED6FED1FECDFEC3
:1078F000C8FEC3FEBFFEBAFEB6FEB1FEACFEA8FED9
:10790000A3FE9EFE9AFE95FE91FE8CFE87FE83FEF0
:107910007EFE79FE75FE70FE6BFE67FE62FE5DFE0A
:1079200059FE54FE4FFE4BFE46FE41FE3DFE38FE24
:1079300033FE2FFE2AFE25FE20FE1CFE17FE12FE41
:107940000DFE09FE04FEFFFDFBFDF6FDF1FDECFD65
:10795000E7FDE3FDDEFDD9FDD4FDD0FDCBFDC6FD89
:10796000C1FDBCFDB8FDB3FDAEFDA9FDA4FDA0FDAC
:107970009BFD96FD91FD8CFD88FD83FD7EFD79FDCF
:1079800074FD6FFD6AFD66FD61FD5CFD57FD52FDF6
:107990004DFD48FD43FD3FFD3AFD35FD30FD2BFD1E
:1079A00026FD21FD1CFD17FD12FD0DFD09FD04FD49
:1079B000FFFCFAFCF5FCF0FCEBFCE6FCE1FCDCFC7B
:1079C000D7FCD2FCCDFCC8FCC3FCBEFCB9FCB4FCAB
:1079D000AFFCAAFCA5FCF104ED04EA04E604E30410
:1079E000DF04DB04D804D404D104CD04CA04C604E3
:1079F000C304BF04BB04B804B404B104AD04AA04B6
:107A0000A604A2049F049B049804940490048D048B
:107A10008904860482047E047B0477047404700461
:107A20006C046904650461045E045A045704530439
:107A30004F044C044804440441043D043904360412
:107A400032042F042B042704240420041C041904EA
:107A5000150411040E040A0406040204FF03FB03C8
:107A6000F703F403F003EC03E903E503E103DE03AA
:107A7000DA03D603D203CF03CB03C703C403C00387
:107A8000BC03B803B503B103AD03A903A603A20366
:107A90009E039A03970393038F038B038803840346
:107AA00080037C037903750371036D036A03660326
:107AB00062035E035A03570353034F034B03470309
:107AC000440340033C033803340331032D032903EB
:107AD000250321031E031A03160312030E030A03D0
:107AE00007030303FF02FB02F702F302EF02EC02BB
:107AF000E802E402E002DC02D802D402D102CD02A4
:107B0000C902C502C102BD02B902B502B102AE028C
:107B1000AA02A602A2029E029A02960292028E0275
:107B20008A02860283027F027B02770273026F025F
:107B30006B02670263025F025B02570253024F024D
:107B40004B02470243023F023B023702330230023C
:107B50002C022802240220021C0218021402100225
:107B60000C02080204020002FC01F801F401F00119
:107B7000EB01E701E301DF01DB01D701D301CF0115
:107B8000CB01C701C301BF01BB01B701B301AF0105
:107B9000AB01A701A3019F019A01960192018E01F9
:107BA0008A01860182017E017A01760172016D01EE
:107BB0006901650161015D015901550151014C01E6
:107BC0004801440140013C01380134012F012B01DF
:107BD000270123011F011B01170112010E010A01D8
:107BE00006010201FD00F900F500F100ED00E900D9
:107BF000E400E000DC00D800D300CF00CB00C700D9
:107C0000C300BE00BA00B600B200AD00A900A500D6
:107C1000A1009C009800940090008B0087008300D6
:107C20007F007A00760072006E00690065006100D6
:107C30005C00580054004F004B00470043003E00DA
:107C40003A00360031002D002900240020001C00DD
:107C5000170013000F000A0006000100FDFFF9FFE6
:107C6000F4FFF0FFECFFE7FFE3FFDEFFDAFFD6FFF4
:107C7000D1FFCDFFC9FFC4FFC0FFBBFFB7FFB2FFFD
:107C8000AEFFAAFFA5FFA1FF9CFF98FF93FF8FFF08
:107C90008BFF86FF82FF7DFF79FF74FF70FF6BFF14
:107CA00067FF62FF5EFF5AFF55FF51FF4CFF48FF21
:107CB00043FF3FFF3AFF36FF31FF2DFF28FF24FF30
:107CC0001FFF1AFF16FF11FF0DFF08FF04FFFFFE45
:107CD000FBFEF6FEF2FEEDFEE9FEE4FEDFFEDBFE5D
:107CE000D6FED2FECDFEC8FEC4FEBFFEBBFEB6FE73
:107CF000B2FEADFEA8FEA4FE9FFE9AFE96FE91FE89
:107D00008DFE88FE83FE7FFE7AFE75FE71FE6CFEA0
:107D100067FE63FE5EFE59FE55FE50FE4BFE47FEBB
:107D200042FE3DFE39FE34FE2FFE2BFE26FE21FED6
:107D30001DFE18FE13FE0EFE0AFE05FE00FEFBFDF4
:107D4000F7FDF2FDEDFDE9FDE4FDDFFDDAFDD6FD19
:107D5000D1FDCCFDC7FDC2FDBEFDB9FDB4FDAFFD3B
:107D6000AAFDA6FDA1FD9CFD97FD92FD8EFD89FD5E
:107D700084FD7FFD7AFD76FD71FD6CFD67FD62FD82
:107D80005DFD58FD54FD4FFD4AFD45FD40FD3BFDA9
:107D900036FD31FD2DFD28FD23FD1EFD19FD14FDD1
:107DA0000FFD0AFD05FD00FDFCFCF7FCF2FCEDFCFF
:107DB000E8FCE3FCDEFCD9FCD4FCCFFCCAFCC5FC2F
:107DC000090505050205FE04FB04F704F304F004AD
:107DD000EC04E904E504E204DE04DB04D704D30484
:107DE000D004CC04C904C504C204BE04BA04B70458
:107DF000B304B004AC04A804A504A1049E049A042E
:107E0000960493048F048C048804840481047D0404
:107E10007904760472046F046B04670464046004DC
:107E20005C045904550451044E044A0447044304B5
:107E30003F043C043804340431042D04290426048E
:107E400022041E041B04170413040F040C0408046A
:107E500004040104FD03F903F603F203EE03EA034D
:107E6000E703E303DF03DC03D803D403D003CD032C
:107E7000C903C503C103BE03BA03B603B303AF030B
:107E8000AB03A703A403A0039C03980394039103EB
:107E90008D038903850382037E037A0376037303CC
:107EA0006F036B036703630360035C0358035403AE
:107EB00050034D034903450341033D033A03360391
:107EC00032032E032A03260323031F031B03170376
:107ED00013030F030B03080304030003FC02F8025F
:107EE000F402F002ED02E902E502E102DD02D9024C
:107EF000D502D102CE02CA02C602C202BE02BA0234
:107F0000B602B202AE02AB02A702A3029F029B021C
:107F1000970293028F028B02870283027F027B0209
:107F20007702740270026C026802640260025C02F2
:107F30005802540250024C024802440240023C02E1
:107F40003802340230022C022802240220021C02D1
:107F50001802140210020C02080204020002FC01C2
:107F6000F801F401F001EC01E801E401E001DC01B9
:107F7000D801D401D001CC01C801C301BF01BB01AC
:107F8000B701B301AF01AB01A701A3019F019B01A1
:107F9000970193018F018A01860182017E017A0196
:107FA000760172016E016A01650161015D0159018D
:107FB000550151014D014901440140013C01380185
:107FC000340130012C01270123011F011B0117017E
:107FD00013010E010A0106010201FE00F900F5007D
:107FE000F100ED00E900E400E000DC00D800D4007E
:107FF000CF00CB00C700C300BE00BA00B600B2007D
:10800000AD00A900A500A1009C009800940090007C
:108010008B00870083007F007A00760072006E007C
:108020006900650061005C00580054004F004B007F
:10803000470043003E003A00360031002D00290081
:10804000240020001C00170013000F000A00060087
:108050000100FDFFF9FFF4FFF0FFECFFE7FFE3FF96
:10806000DEFFDAFFD6FFD1FFCDFFC9FFC4FFC0FF9F
:10807000BBFFB7FFB2FFAEFFAAFFA5FFA1FF9CFFAA
:1080800098FF93FF8FFF8BFF86FF82FF7DFF79FFB5
:1080900074FF70FF6BFF67FF63FF5EFF5AFF55FFC2
:1080A00051FF4CFF48FF43FF3FFF3AFF36FF31FFD0
:1080B0002DFF28FF24FF1FFF1BFF16FF12FF0DFFE0
:1080C00008FF04FFFFFEFBFEF6FEF2FEEDFEE9FEFA
:1080D000E4FEE0FEDBFED6FED2FECDFEC9FEC4FE0F
:1080E000C0FEBBFEB6FEB2FEADFEA9FEA4FE9FFE24
:1080F0009BFE96FE92FE8DFE88FE84FE7FFE7AFE3B
:1081000076FE71FE6CFE68FE63FE5FFE5AFE55FE53
:1081100051FE4CFE47FE43FE3EFE39FE35FE30FE6C
:108120002BFE26FE22FE1DFE18FE14FE0FFE0AFE8A
:1081300006FE01FEFCFDF7FDF3FDEEFDE9FDE4FDAD
:10814000E0FDDBFDD6FDD1FDCDFDC8FDC3FDBEFDCF
:10815000BAFDB5FDB0FDABFDA7FDA2FD9DFD98FDEF
:1081600093FD8FFD8AFD85FD80FD7BFD77FD72FD12
:108170006DFD68FD63FD5EFD5AFD55FD50FD4BFD37
:1081800046FD41FD3CFD38FD33FD2EFD29FD24FD5E
:108190001FFD1AFD15FD11FD0CFD07FD02FDFDFC87
:1081A000F8FCF3FCEEFCE9FCE4FC21051D051A05D6
:1081B000160512050F050B05080504050105FD044C
:1081C000FA04F604F204EF04EB04E804E404E10426
:1081D000DD04D904D604D204CF04CB04C704C404FC
:1081E000C004BD04B904B504B204AE04AB04A704D2
:1081F000A304A0049C049904950491048E048A04A9
:10820000860483047F047B047804740471046D0481
:108210006904660462045E045B045704530450045A
:108220004C044804450441043D043A043604320435
:108230002F042B042704240420041C041804150410
:1082400011040D040A0406040204FF03FB03F703F0
:10825000F303F003EC03E803E403E103DD03D903D4
:10826000D603D203CE03CA03C703C303BF03BB03B2
:10827000B803B403B003AC03A903A503A1039D0392
:108280009903960392038E038A03870383037F0374
:108290007B037703740370036C0368036403610357
:1082A0005D035903550351034E034A03460342033A
:1082B0003E033A03370333032F032B032703230320
:1082C00020031C031803140310030C030803050305
:1082D0000103FD02F902F502F102ED02E902E602F4
:1082E000E202DE02DA02D602D202CE02CA02C602DE
:1082F000C302BF02BB02B702B302AF02AB02A702C6
:10830000A3029F029B029702940290028C028802B1
:10831000840280027C027802740270026C0268029D
:10832000640260025C025802540250024C0248028D
:10833000440240023C023802340230022C0228027D
:10834000240220021C021802140210020C0208026D
:1083500004020002FC01F801F401F001EC01E80163
:10836000E401E001DC01D801D401D001CC01C80155
:10837000C401C001BB01B701B301AF01AB01A7014B
:10838000A3019F019B01970193018F018A0186013F
:1083900082017E017A01760172016E016A01650136
:1083A00061015D015901550151014D01480144012F
:1083B00040013C013801340130012B012701230128
:1083C0001F011B01170112010E010A010601020122
:1083D000FD00F900F500F100ED00E800E400E00028
:1083E000DC00D800D300CF00CB00C700C200BE0025
:1083F000BA00B600B100AD00A900A500A0009C0025
:10840000980094008F008B00870083007E007A0024
:10841000760072006D006900650060005C00580025
:1084200053004F004B00470042003E003A00350029
:1084300031002D002800240020001B00170013002D
:108440000E000A0005000100FDFFF8FFF4FFF0FF39
:10845000EBFFE7FFE3FFDEFFDAFFD5FFD1FFCDFF44
:10846000C8FFC4FFBFFFBBFFB7FFB2FFAEFFA9FF4E
:10847000A5FFA0FF9CFF98FF93FF8FFF8AFF86FF59
:1084800081FF7DFF79FF74FF70FF6BFF67FF62FF65
:108490005EFF59FF55FF50FF4CFF47FF43FF3EFF74
:1084A0003AFF35FF31FF2CFF28FF23FF1FFF1AFF84
:1084B00016FF11FF0DFF08FF04FFFFFEFBFEF6FE97
:1084C000F2FEEDFEE8FEE4FEDFFEDBFED6FED2FEAF
:1084D000CDFEC9FEC4FEBFFEBBFEB6FEB2FEADFEC3
:1084E000A8FEA4FE9FFE9BFE96FE91FE8DFE88FEDA
:1084F00084FE7FFE7AFE76FE71FE6CFE68FE63FEF1
:108500005FFE5AFE55FE51FE4CFE47FE43FE3EFE08
:1085100039FE35FE30FE2BFE27FE22FE1DFE19FE23
:1085200014FE0FFE0AFE06FE01FEFCFDF8FDF3FD43
:10853000EEFDE9FDE5FDE0FDDBFDD7FDD2FDCDFD66
:10854000C8FDC4FDBFFDBAFDB5FDB1FDACFDA7FD85
:10855000A2FD9DFD99FD94FD8FFD8AFD86FD81FDA7
:108560007CFD77FD72FD6DFD69FD64FD5FFD5AFDCB
:1085700055FD51FD4CFD47FD42FD3DFD38FD34FDEF
:108580002FFD2AFD25FD20FD1BFD16FD11FD0DFD16
:1085900008FD03FD3805350531052E052A0526059C
:1085A00023051F051C051805150511050E050A05EF
:1085B00006050305FF04FC04F804F504F104ED04CA
:1085C000EA04E604E304DF04DB04D804D404D104A1
:1085D000CD04C904C604C204BF04BB04B704B40478
:1085E000B004AC04A904A504A2049E049A04970450
:1085F00093048F048C048804840481047D047A0429
:10860000760472046F046B046704640460045C0401
:108610005904550451044E044A04460442043F04DC
:108620003B043704340430042C04290425042104B9
:108630001E041A04160412040F040B040704040495
:108640000004FC03F803F503F103ED03E903E6037B
:10865000E203DE03DA03D703D303CF03CB03C8035C
:10866000C403C003BC03B903B503B103AD03AA033C
:10867000A603A2039E039A03970393038F038B031E
:108680008703840380037C037803740371036D0301
:108690006903650361035E035A03560352034E03E5
:1086A0004A03470343033F033B03370333033003CA
:1086B0002C032803240320031C03180315031103B0
:1086C0000D03090305030103FD02F902F602F2029C
:1086D000EE02EA02E602E202DE02DA02D602D30289
:1086E000CF02CB02C702C302BF02BB02B702B30272
:1086F000AF02AB02A702A302A0029C02980294025E
:1087000090028C028802840280027C027802740249
:1087100070026C026802640260025C025802540239
:1087200050024C024802440240023C023802340229
:1087300030022C022802240220021C021802140219
:1087400010020C02080204020002FC01F801F4010C
:10875000F001EC01E801E401E001DC01D801D40101
:10876000D001CC01C701C301BF01BB01B701B301F7
:10877000AF01AB01A701A3019F019B0196019201EB
:108780008E018A01860182017E017A0176017101E2
:108790006D016901650161015D01590154015001DB
:1087A0004C014801440140013C01370133012F01D4
:1087B0002B01270123011E011A01160112010E01CE
:1087C0000A0105010101FD00F900F500F000EC00CF
:1087D000E800E400DF00DB00D700D300CF00CA00D0
:1087E000C600C200BE00B900B500B100AD00A800CF
:1087F000A400A0009C00970093008F008B008600CF
:1088000082007E007900750071006D0068006400D0
:1088100060005B00570053004F004A0046004200D2
:108820003D003900350030002C00280023001F00D7
:108830001B00160012000E00090005000000FCFFDE
:10884000F8FFF3FFEFFFEBFFE6FFE2FFDEFFD9FFEC
:10885000D5FFD0FFCCFFC8FFC3FFBFFFBAFFB6FFF5
:10886000B2FFADFFA9FFA4FFA0FF9BFF97FF93FFFF
:108870008EFF8AFF85FF81FF7CFF78FF73FF6FFF0C
:108880006BFF66FF62FF5DFF59FF54FF50FF4BFF18
:1088900047FF42FF3EFF39FF35FF30FF2CFF27FF28
:1088A00023FF1EFF1AFF15FF11FF0CFF08FF03FF38
:1088B000FFFEFAFEF6FEF1FEEDFEE8FEE3FEDFFE51
:1088C000DAFED6FED1FECDFEC8FEC4FEBFFEBAFE65
:1088D000B6FEB1FEADFEA8FEA3FE9FFE9AFE96FE7A
:1088E00091FE8CFE88FE83FE7FFE7AFE75FE71FE91
:1088F0006CFE68FE63FE5EFE5AFE55FE50FE4CFEA8
:1089000047FE42FE3EFE39FE34FE30FE2BFE26FEC2
:1089100022FE1DFE18FE14FE0FFE0AFE06FE01FEDC
:10892000FCFDF8FDF3FDEEFDE9FDE5FDE0FDDBFD01
:10893000D7FDD2FDCDFDC8FDC4FDBFFDBAFDB5FD1F
:10894000B1FDACFDA7FDA2FD9EFD99FD94FD8FFD3F
:108950008AFD86FD81FD7CFD77FD73FD6EFD69FD61
:1089600064FD5FFD5BFD56FD51FD4CFD47FD42FD85
:108970003EFD39FD34FD2FFD2AFD25FD21FD50056D
:108980004C054905450541053E053A0537053305C2
:1089900030052C052905250521051E051A05170595
:1089A000130510050C05080505050105FE04FA046C
:1089B000F604F304EF04EC04E804E404E104DD0449
:1089C000DA04D604D204CF04CB04C704C404C00420
:1089D000BD04B904B504B204AE04AA04A704A304F8
:1089E0009F049C049804950491048D048A048604D1
:1089F00082047F047B047704740470046C046904AB
:108A0000650461045E045A04560452044F044B0486
:108A10004704440440043C043904350431042D0463
:108A20002A04260422041F041B0417041304100440
:108A30000C04080405040104FD03F903F603F20322
:108A4000EE03EA03E703E303DF03DB03D803D40306
:108A5000D003CC03C803C503C103BD03B903B603E8
:108A6000B203AE03AA03A603A3039F039B039703CA
:108A7000930390038C038803840380037D037903AD
:108A8000750371036D036A03660362035E035A0391
:108A9000560353034F034B03470343033F033B0377
:108AA0003803340330032C032803240320031D035D
:108AB0001903150311030D03090305030103FE0246
:108AC000FA02F602F202EE02EA02E602E202DE0236
:108AD000DA02D702D302CF02CB02C702C302BF021F
:108AE000BB02B702B302AF02AB02A702A302A0020D
:108AF0009C029802940290028C02880284028002F6
:108B00007C027802740270026C02680264026002E5
:108B10005C025802540250024C02480244024002D5
:108B20003C023802340230022C02280224022002C5
:108B30001C021802140210020C02080204020002B5
:108B4000FC01F801F401F001EC01E801E301DF01AF
:108B5000DB01D701D301CF01CB01C701C301BF01A5
:108B6000BB01B701B301AE01AA01A601A2019E019A
:108B70009A01960192018E018A01850181017D0190
:108B80007901750171016D016901640160015C0188
:108B90005801540150014C01470143013F013B0181
:108BA000370133012E012A01260122011E011A017B
:108BB000150111010D01090105010001FC00F8007A
:108BC000F400F000EB00E700E300DF00DA00D6007D
:108BD000D200CE00CA00C500C100BD00B900B4007B
:108BE000B000AC00A800A3009F009B00970092007B
:108BF0008E008A00850081007D007900740070007D
:108C00006C00670063005F005B00560052004E007E
:108C10004900450041003C00380034002F002B0083
:108C2000270022001E001A00150011000D00080088
:108C300004000000FBFFF7FFF2FFEEFFEAFFE5FF95
:108C4000E1FFDDFFD8FFD4FFCFFFCBFFC7FFC2FF9F
:108C5000BEFFB9FFB5FFB1FFACFFA8FFA3FF9FFFA9
:108C60009BFF96FF92FF8DFF89FF84FF80FF7BFFB4
:108C700077FF73FF6EFF6AFF65FF61FF5CFF58FFC0
:108C800053FF4FFF4AFF46FF41FF3DFF38FF34FFD0
:108C90002FFF2BFF27FF22FF1DFF19FF14FF10FFDF
:108CA0000BFF07FF02FFFEFEF9FEF5FEF0FEECFEF5
:108CB000E7FEE3FEDEFEDAFED5FED0FECCFEC7FE0A
:108CC000C3FEBEFEBAFEB5FEB1FEACFEA7FEA3FE1D
:108CD0009EFE9AFE95FE90FE8CFE87FE83FE7EFE33
:108CE00079FE75FE70FE6CFE67FE62FE5EFE59FE4A
:108CF00054FE50FE4BFE46FE42FE3DFE39FE34FE63
:108D00002FFE2BFE26FE21FE1DFE18FE13FE0FFE7B
:108D10000AFE05FE00FEFCFDF7FDF2FDEEFDE9FD9D
:108D2000E4FDE0FDDBFDD6FDD1FDCDFDC8FDC3FDBD
:108D3000BFFDBAFDB5FDB0FDACFDA7FDA2FD9DFDDB
:108D400099FD94FD8FFD8AFD86FD81FD7CFD77FDFB
:108D500072FD6EFD69FD64FD5FFD5BFD56FD51FD1D
:108D60004CFD47FD43FD3EFD6705630560055C0561
:108D70005905550552054E054A0547054305400569
:108D80003C053905350531052E052A05270523053E
:108D900020051C051805150511050E050A05060513
:108DA0000305FF04FC04F804F404F104ED04EA04F0
:108DB000E604E204DF04DB04D704D404D004CD04C9
:108DC000C904C504C204BE04BA04B704B304AF04A2
:108DD000AC04A804A404A1049D049904960492047C
:108DE0008E048B048704830480047C047804750457
:108DF00071046D046A04660462045F045B04570432
:108E0000530450044C044804450441043D0439040F
:108E1000360432042E042B04270423041F041C04EC
:108E20001804140410040D04090405040104FE03CD
:108E3000FA03F603F203EF03EB03E703E303E003B4
:108E4000DC03D803D403D103CD03C903C503C10395
:108E5000BE03BA03B603B203AE03AB03A703A30377
:108E60009F039B039803940390038C03880385035B
:108E700081037D037903750371036E036A0366033F
:108E800062035E035A03570353034F034B03470325
:108E900043033F033C033803340330032C0328030C
:108EA000240320031D031903150311030D030903F4
:108EB00005030103FD02FA02F602F202EE02EA02E3
:108EC000E602E202DE02DA02D602D202CF02CB02D0
:108ED000C702C302BF02BB02B702B302AF02AB02BA
:108EE000A702A3029F029B02970293028F028B02AA
:108EF0008702840280027C027802740270026C0293
:108F00006802640260025C025802540250024C0281
:108F10004802440240023C023802340230022C0271
:108F2000280224021F021B02170213020F020B0267
:108F300007020302FF01FB01F701F301EF01EB015F
:108F4000E701E301DF01DB01D701D201CE01CA0154
:108F5000C601C201BE01BA01B601B201AE01AA0149
:108F6000A501A1019D019901950191018D01890141
:108F7000850180017C017801740170016C01680138
:108F800064015F015B01570153014F014B01460131
:108F900042013E013A01360132012D01290125012C
:108FA00021011D011901140110010C010801040126
:108FB000FF00FB00F700F300EF00EA00E600E2002C
:108FC000DE00D900D500D100CD00C800C400C0002B
:108FD000BC00B800B300AF00AB00A700A2009E0029
:108FE0009A00950091008D008900840080007C002B
:108FF000780073006F006B00660062005E0059002D
:10900000550051004C004800440040003B00370030
:1090100033002E002A00260021001D001900140034
:1090200010000B0007000300FEFFFAFFF6FFF1FF40
:10903000EDFFE9FFE4FFE0FFDBFFD7FFD3FFCEFF4B
:10904000CAFFC5FFC1FFBDFFB8FFB4FFAFFFABFF55
:10905000A7FFA2FF9EFF99FF95FF91FF8CFF88FF5E
:1090600083FF7FFF7AFF76FF71FF6DFF69FF64FF6B
:1090700060FF5BFF57FF52FF4EFF49FF45FF40FF78
:109080003CFF37FF33FF2EFF2AFF25FF21FF1CFF88
:1090900018FF13FF0FFF0AFF06FF01FFFDFEF8FE9A
:1090A000F4FEEFFEEBFEE6FEE2FEDDFED9FED4FEB0
:1090B000CFFECBFEC6FEC2FEBDFEB9FEB4FEB0FEC4
:1090C000ABFEA6FEA2FE9DFE99FE94FE8FFE8BFED9
:1090D00086FE82FE7DFE78FE74FE6FFE6BFE66FEEF
:1090E00061FE5DFE58FE54FE4FFE4AFE46FE41FE06
:1090F0003CFE38FE33FE2EFE2AFE25FE20FE1CFE20
:1091000017FE12FE0EFE09FE04FE00FEFBFDF6FD3C
:10911000F2FDEDFDE8FDE4FDDFFDDAFDD6FDD1FD5C
:10912000CCFDC7FDC3FDBEFDB9FDB5FDB0FDABFD7A
:10913000A6FDA2FD9DFD98FD93FD8FFD8AFD85FD99
:1091400080FD7CFD77FD72FD6DFD69FD64FD5FFDB9
:109150005AFD7E057A057705730570056C0569056E
:10916000650562055E055A055705530550054C0512
:109170004905450541053E053A05370533052F05E7
:109180002C052805250521051D051A0516051305BD
:109190000F050B05080504050105FD04F904F60497
:1091A000F204EE04EB04E704E404E004DC04D90474
:1091B000D504D104CE04CA04C604C304BF04BB044E
:1091C000B804B404B004AD04A904A504A2049E0428
:1091D0009A04970493048F048C0488048404810403
:1091E0007D047904760472046E046A0467046304DF
:1091F0005F045C045804540450044D0449044504BD
:1092000042043E043A04360433042F042B0427049A
:10921000240420041C041804150411040D0409047A
:1092200006040204FE03FA03F703F303EF03EB0360
:10923000E803E403E003DC03D803D503D103CD0343
:10924000C903C503C203BE03BA03B603B203AF0327
:10925000AB03A703A3039F039C039803940390030A
:109260008C038803850381037D03790375037103F0
:109270006E036A03660362035E035A0357035303D4
:109280004F034B03470343033F033B0338033403BC
:1092900030032C032803240320031C0318031503A5
:1092A00011030D03090305030103FD02F902F50291
:1092B000F102EE02EA02E602E202DE02DA02D6027F
:1092C000D202CE02CA02C602C202BE02BA02B6026E
:1092D000B302AF02AB02A702A3029F029B02970256
:1092E00093028F028B02870283027F027B02770246
:1092F00073026F026B02670263025F025B02570236
:1093000053024F024B02470243023F023B02370225
:1093100033022F022B02270223021F021B02170215
:1093200013020F020A0206020202FE01FA01F6010E
:10933000F201EE01EA01E601E201DE01DA01D60105
:10934000D201CD01C901C501C101BD01B901B501FC
:10935000B101AD01A901A401A0019C0198019401F2
:1093600090018C01880184017F017B0177017301E9
:109370006F016B01670162015E015A0156015201E2
:109380004E014901450141013D01390135013001DD
:109390002C012801240120011C01170113010F01D8
:1093A0000B0107010201FE00FA00F600F100ED00DA
:1093B000E900E500E100DC00D800D400D000CB00DB
:1093C000C700C300BF00BA00B600B200AE00A900DB
:1093D000A500A1009D009800940090008C008700DB
:1093E00083007F007A00760072006E0069006500DD
:1093F00061005C00580054004F004B0047004200E1
:109400003E003A00350031002D00280024002000E5
:109410001B00170013000E000A0006000100FDFFEC
:10942000F9FFF4FFF0FFECFFE7FFE3FFDEFFDAFFF9
:10943000D6FFD1FFCDFFC8FFC4FFC0FFBBFFB7FF02
:10944000B2FFAEFFAAFFA5FFA1FF9CFF98FF94FF0C
:109450008FFF8BFF86FF82FF7DFF79FF74FF70FF18
:109460006CFF67FF63FF5EFF5AFF55FF51FF4CFF24
:1094700048FF43FF3FFF3AFF36FF31FF2DFF29FF33
:1094800024FF20FF1BFF17FF12FF0EFF09FF04FF41
:1094900000FFFBFEF7FEF2FEEEFEE9FEE5FEE0FE5B
:1094A000DCFED7FED3FECEFECAFEC5FEC0FEBCFE6D
:1094B000B7FEB3FEAEFEAAFEA5FEA1FE9CFE97FE81
:1094C00093FE8EFE8AFE85FE80FE7CFE77FE73FE96
:1094D0006EFE69FE65FE60FE5CFE57FE52FE4EFEAD
:1094E00049FE45FE40FE3BFE37FE32FE2DFE29FEC4
:1094F00024FE1FFE1BFE16FE11FE0DFE08FE03FEDF
:10950000FFFDFAFDF5FDF1FDECFDE7FDE3FDDEFD00
:10951000D9FDD5FDD0FDCBFDC7FDC2FDBDFDB8FD1C
:10952000B4FDAFFDAAFDA6FDA1FD9CFD97FD93FD39
:109530008EFD89FD84FD80FD7BFD76FD9505910501
:109540008E058A058705830580057C0578057505E8
:1095500071056E056A05670563055F055C055805BD
:10956000550551054D054A05460543053F053B0593
:109570003805340531052D052905260522051F0569
:109580001B051705140510050D0509050505020540
:10959000FE04FA04F704F304EF04EC04E804E40422
:1095A000E104DD04DA04D604D204CF04CB04C704FA
:1095B000C404C004BC04B904B504B104AE04AA04D4
:1095C000A604A2049F049B049704940490048C04B2
:1095D0008904850481047E047A04760472046F048D
:1095E0006B046704640460045C045804550451046B
:1095F0004D044904460442043E043B04370433044A
:109600002F042C042804240420041C041904150429
:1096100011040D040A0406040204FE03FB03F7030D
:10962000F303EF03EB03E803E403E003DC03D903F4
:10963000D503D103CD03C903C603C203BE03BA03D6
:10964000B603B203AF03AB03A703A3039F039B03BC
:109650009803940390038C038803840381037D03A0
:109660007903750371036D036A03660362035E0386
:109670005A03560352034E034B03470343033F036E
:109680003B03370333032F032C0328032403200356
:109690001C031803140310030C0308030403010341
:1096A000FD02F902F502F102ED02E902E502E10232
:1096B000DD02D902D502D102CD02CA02C602C2021F
:1096C000BE02BA02B602B202AE02AA02A602A2020A
:1096D0009E029A02960292028E028A0286028202FA
:1096E0007E027A02760272026E026A0266026202EA
:1096F0005E025A02560252024E024A0246024202DA
:109700003E023A02360232022E022A0226022202C9
:109710001E021A02160212020D02090205020102BD
:10972000FD01F901F501F101ED01E901E501E101B9
:10973000DD01D901D401D001CC01C801C401C001AF
:10974000BC01B801B401B001AB01A701A3019F01A5
:109750009B01970193018F018A01860182017E019D
:109760007A01760172016D016901650161015D0196
:109770005901550150014C014801440140013C018F
:10978000370133012F012B01270122011E011A018C
:10979000160112010D01090105010101FD00F8008A
:1097A000F400F000EC00E800E300DF00DB00D7008D
:1097B000D200CE00CA00C600C100BD00B900B5008D
:1097C000B000AC00A800A4009F009B00970093008D
:1097D0008E008A00860081007D007900750070008F
:1097E0006C00680063005F005B00560052004E0092
:1097F0004900450041003D003800340030002B0096
:10980000270023001E001A00150011000D0008009B
:1098100004000000FBFFF7FFF3FFEEFFEAFFE6FFA7
:10982000E1FFDDFFD8FFD4FFD0FFCBFFC7FFC2FFB2
:10983000BEFFBAFFB5FFB1FFACFFA8FFA4FF9FFFBB
:109840009BFF96FF92FF8DFF89FF85FF80FF7CFFC6
:1098500077FF73FF6EFF6AFF65FF61FF5DFF58FFD3
:1098600054FF4FFF4BFF46FF42FF3DFF39FF34FFE0
:1098700030FF2BFF27FF22FF1EFF19FF15FF10FFF0
:109880000CFF07FF03FFFEFEFAFEF5FEF1FEECFE05
:10989000E8FEE3FEDFFEDAFED6FED1FECDFEC8FE18
:1098A000C4FEBFFEBAFEB6FEB1FEADFEA8FEA4FE2B
:1098B0009FFE9AFE96FE91FE8DFE88FE84FE7FFE40
:1098C0007AFE76FE71FE6DFE68FE63FE5FFE5AFE56
:1098D00056FE51FE4CFE48FE43FE3FFE3AFE35FE6C
:1098E00031FE2CFE27FE23FE1EFE19FE15FE10FE85
:1098F0000BFE07FE02FEFEFDF9FDF4FDF0FDEBFDA3
:10990000E6FDE1FDDDFDD8FDD3FDCFFDCAFDC5FDC2
:10991000C1FDBCFDB7FDB3FDAEFDA9FDA4FDA0FDDD
:109920009BFD96FD92FDAC05A805A505A1059D052D
:109930009A05960593058F058C0588058405810594
:109940007D057A05760573056F056B056805640569
:1099500061055D055905560552054F054B0547053F
:10996000440540053D053905350532052E052A0516
:109970002705230520051C051805150511050D05EE
:109980000A0506050205FF04FB04F804F404F004CC
:10999000ED04E904E504E204DE04DA04D704D304A8
:1099A000CF04CC04C804C404C104BD04B904B50484
:1099B000B204AE04AA04A704A3049F049C04980460
:1099C000940490048D048904850482047E047A043E
:1099D000760473046F046B046804640460045C041C
:1099E0005904550451044D044A04460442043E04FB
:1099F0003B04370433042F042C04280424042004DB
:109A00001D041904150411040D040A0406040204BB
:109A1000FE03FB03F703F303EF03EB03E803E403A5
:109A2000E003DC03D803D503D103CD03C903C50389
:109A3000C103BE03BA03B603B203AE03AB03A7036D
:109A4000A3039F039B039703930390038C03880353
:109A5000840380037C037903750371036D03690339
:109A6000650361035D035A03560352034E034A0321
:109A7000460342033E033A03370333032F032B030A
:109A8000270323031F031B031703130310030C03F4
:109A9000080304030003FC02F802F402F002EC02E3
:109AA000E802E402E002DC02D802D402D102CD02D4
:109AB000C902C502C102BD02B902B502B102AD02BE
:109AC000A902A502A1029D029902950291028D02AE
:109AD0008902850281027D027902750271026D029E
:109AE0006902650261025D025902550251024D028E
:109AF0004902450241023D023902350231022D027E
:109B00002902240220021C021802140210020C0274
:109B1000080204020002FC01F801F401F001EC016A
:109B2000E801E301DF01DB01D701D301CF01CB0164
:109B3000C701C301BF01BA01B601B201AE01AA015A
:109B4000A601A2019E019901950191018D01890152
:109B5000850181017D017801740170016C0168014A
:109B600064015F015B01570153014F014B01460145
:109B700042013E013A01360132012D012901250140
:109B800021011D011801140110010C01080103013C
:109B9000FF00FB00F700F200EE00EA00E600E20042
:109BA000DD00D900D500D100CC00C800C400C00041
:109BB000BB00B700B300AF00AA00A600A2009E0041
:109BC0009900950091008C008800840080007B0043
:109BD000770073006E006A00660062005D00590045
:109BE000550050004C00480043003F003B00360049
:109BF00032002E002900250021001C00180014004E
:109C00000F000B0007000200FEFFF9FFF5FFF1FF58
:109C1000ECFFE8FFE4FFDFFFDBFFD6FFD2FFCEFF64
:109C2000C9FFC5FFC1FFBCFFB8FFB3FFAFFFABFF6C
:109C3000A6FFA2FF9DFF99FF94FF90FF8CFF87FF77
:109C400083FF7EFF7AFF75FF71FF6DFF68FF64FF82
:109C50005FFF5BFF56FF52FF4DFF49FF44FF40FF90
:109C60003BFF37FF33FF2EFF2AFF25FF21FF1CFF9D
:109C700018FF13FF0FFF0AFF06FF01FFFDFEF8FEAE
:109C8000F4FEEFFEEBFEE6FEE1FEDDFED8FED4FEC6
:109C9000CFFECBFEC6FEC2FEBDFEB9FEB4FEB0FED8
:109CA000ABFEA6FEA2FE9DFE99FE94FE90FE8BFEEC
:109CB00086FE82FE7DFE79FE74FE70FE6BFE66FE01
:109CC00062FE5DFE59FE54FE4FFE4BFE46FE42FE16
:109CD0003DFE38FE34FE2FFE2AFE26FE21FE1DFE2E
:109CE00018FE13FE0FFE0AFE05FE01FEFCFDF7FD49
:109CF000F3FDEEFDE9FDE5FDE0FDDBFDD7FDD2FD69
:109D0000CDFDC9FDC4FDBFFDBBFDB6FDB1FDADFD83
:109D1000C205BF05BB05B805B405B105AD05A9056C
:109D2000A605A2059F059B059805940590058D0540
:109D30008905860582057E057B0577057405700516
:109D40006C056905650562055E055A0557055305ED
:109D500050054C054805450541053D053A053605C4
:109D600033052F052B052805240520051D0519059C
:109D7000150512050E050A0507050305FF04FC0479
:109D8000F804F404F104ED04E904E604E204DE045A
:109D9000DB04D704D304D004CC04C804C504C10434
:109DA000BD04BA04B604B204AE04AB04A704A30411
:109DB000A0049C049804940491048D0489048604EE
:109DC00082047E047A04770473046F046B046804CD
:109DD000640460045C045904550451044D044A04AD
:109DE000460442043E043B04370433042F042C048D
:109DF0002804240420041C041904150411040D046F
:109E0000090406040204FE03FA03F603F303EF0356
:109E1000EB03E703E303E003DC03D803D403D0033D
:109E2000CD03C903C503C103BD03B903B603B20320
:109E3000AE03AA03A603A2039E039B039703930307
:109E40008F038B038703830380037C0378037403EE
:109E500070036C036803640361035D0359035503D6
:109E600051034D034903450341033E033A033603BF
:109E700032032E032A03260322031E031A031603AA
:109E800013030F030B0307030303FF02FB02F70295
:109E9000F302EF02EB02E702E302DF02DB02D7028A
:109EA000D302CF02CB02C802C402C002BC02B80275
:109EB000B402B002AC02A802A402A0029C02980262
:109EC000940290028C028802840280027C02780252
:109ED000740270026C026802640260025C02580242
:109EE000540250024C02470243023F023B02370237
:109EF00033022F022B02270223021F021B0217022A
:109F000013020F020B0207020302FE01FA01F6011F
:109F1000F201EE01EA01E601E201DE01DA01D60119
:109F2000D101CD01C901C501C101BD01B901B50111
:109F3000B101AC01A801A401A0019C019801940108
:109F400090018B01870183017F017B017701730100
:109F50006E016A01660162015E015A0155015101FB
:109F60004D014901450140013C01380134013001F6
:109F70002C01270123011F011B01170112010E01F2
:109F80000A0106010101FD00F900F500F100EC00F5
:109F9000E800E400E000DB00D700D300CF00CA00F7
:109FA000C600C200BE00B900B500B100AD00A800F7
:109FB000A400A0009C00970093008F008A008600F8
:109FC00082007E007900750071006C0068006400FA
:109FD00060005B00570053004E004A0046004100FD
:109FE0003D003900340030002C00270023001F0002
:109FF0001A00160012000D00090005000000FCFF09
:10A00000F7FFF3FFEFFFEAFFE6FFE2FFDDFFD9FF17
:10A01000D4FFD0FFCCFFC7FFC3FFBEFFBAFFB6FF20
:10A02000B1FFADFFA8FFA4FFA0FF9BFF97FF92FF2A
:10A030008EFF8AFF85FF81FF7CFF78FF73FF6FFF34
:10A040006AFF66FF62FF5DFF59FF54FF50FF4BFF41
:10A0500047FF42FF3EFF39FF35FF30FF2CFF28FF4F
:10A0600023FF1FFF1AFF16FF11FF0DFF08FF04FF5C
:10A07000FFFEFBFEF6FEF2FEEDFEE9FEE4FEDFFE75
:10A08000DBFED6FED2FECDFEC9FEC4FEC0FEBBFE88
:10A09000B7FEB2FEAEFEA9FEA5FEA0FE9BFE97FE99
:10A0A00092FE8EFE89FE85FE80FE7BFE77FE72FEAE
:10A0B0006EFE69FE65FE60FE5BFE57FE52FE4EFEC2
:10A0C00049FE44FE40FE3BFE36FE32FE2DFE29FEDA
:10A0D00024FE1FFE1BFE16FE12FE0DFE08FE04FEF1
:10A0E000FFFDFAFDF6FDF1FDECFDE8FDE3FDDEFD13
:10A0F000DAFDD5FDD0FDCCFDC7FDD905D505D205CE
:10A10000CE05CB05C705C405C005BC05B905B50519
:10A11000B205AE05AA05A705A305A0059C059805EF
:10A12000950591058E058A05860583057F057C05C5
:10A130007805740571056D056A05660562055F059C
:10A140005B055705540550054D0549054505420574
:10A150003E053A05370533052F052C05280524054E
:10A1600021051D051905160512050F050B05070527
:10A1700003050005FC04F804F504F104ED04EA0409
:10A18000E604E204DF04DB04D704D404D004CC04E6
:10A19000C804C504C104BD04BA04B604B204AF04C3
:10A1A000AB04A704A304A0049C04980494049104A1
:10A1B0008D048904860482047E047A04770473047F
:10A1C0006F046B046804640460045C045804550460
:10A1D00051044D044904460442043E043A04370441
:10A1E00033042F042B042704240420041C04180423
:10A1F000140411040D04090405040104FE03FA0308
:10A20000F603F203EE03EB03E703E303DF03DB03F1
:10A21000D703D403D003CC03C803C403C003BD03D6
:10A22000B903B503B103AD03A903A503A2039E03BC
:10A230009A03960392038E038A03870383037F03A3
:10A240007B03770373036F036B036703640360038C
:10A250005C035803540350034C0348034403400376
:10A260003D033903350331032D032903250321035E
:10A270001D031903150311030D030A03060302034B
:10A28000FE02FA02F602F202EE02EA02E602E2023E
:10A29000DE02DA02D602D202CE02CA02C602C2022E
:10A2A000BE02BA02B602B202AE02AA02A602A2021E
:10A2B0009E029A02960292028E028A02860282020E
:10A2C0007E027A02760272026E026A0266026202FE
:10A2D0005E025A02560252024E024A0246024202EE
:10A2E0003E023A02360232022E022A0225022102E0
:10A2F0001D021902150211020D02090205020102D6
:10A30000FD01F901F501F001EC01E801E401E001D2
:10A31000DC01D801D401D001CC01C701C301BF01C8
:10A32000BB01B701B301AF01AB01A601A2019E01C0
:10A330009A01960192018E018901850181017D01B9
:10A340007901750171016C016801640160015C01B2
:10A35000580153014F014B01470143013E013A01AE
:10A36000360132012E012A01250121011D011901A9
:10A37000140110010C0108010401FF00FB00F700AB
:10A38000F300EE00EA00E600E200DE00D900D500AE
:10A39000D100CD00C800C400C000BC00B700B300AD
:10A3A000AF00AB00A600A2009E00990095009100AE
:10A3B0008D008800840080007B00770073006F00B0
:10A3C0006A00660062005D005900550050004C00B4
:10A3D000480043003F003B00360032002E002900B9
:10A3E000250021001C00180014000F000B000700BE
:10A3F0000200FEFFFAFFF5FFF1FFECFFE8FFE4FFCC
:10A40000DFFFDBFFD7FFD2FFCEFFC9FFC5FFC1FFD4
:10A41000BCFFB8FFB3FFAFFFABFFA6FFA2FF9DFFDE
:10A4200099FF95FF90FF8CFF87FF83FF7EFF7AFFE8
:10A4300076FF71FF6DFF68FF64FF5FFF5BFF56FFF4
:10A4400052FF4DFF49FF45FF40FF3CFF37FF33FF01
:10A450002EFF2AFF25FF21FF1CFF18FF13FF0FFF10
:10A460000AFF06FF01FFFDFEF8FEF4FEEFFEEBFE25
:10A47000E6FEE2FEDDFED9FED4FED0FECBFEC7FE38
:10A48000C2FEBEFEB9FEB5FEB0FEABFEA7FEA2FE4A
:10A490009EFE99FE95FE90FE8CFE87FE82FE7EFE5D
:10A4A00079FE75FE70FE6CFE67FE62FE5EFE59FE72
:10A4B00055FE50FE4BFE47FE42FE3EFE39FE34FE88
:10A4C00030FE2BFE27FE22FE1DFE19FE14FE10FE9E
:10A4D0000BFE06FE02FEFDFDF8FDF4FDEFFDEAFDBC
:10A4E000E6FDE1FDEF05EC05E805E505E105DE0526
:10A4F000DA05D605D305CF05CC05C805C405C105C9
:10A50000BD05BA05B605B205AF05AB05A805A4059E
:10A51000A0059D059905960592058E058B05870575
:10A52000840580057C057905750571056E056A054C
:10A53000670563055F055C055805540551054D0524
:10A540004905460542053E053B05370533053005FF
:10A550002C052805250521051D051A0516051205DA
:10A560000F050B05070504050005FC04F904F504B7
:10A57000F104EE04EA04E604E204DF04DB04D70499
:10A58000D404D004CC04C804C504C104BD04BA0476
:10A59000B604B204AE04AB04A704A3049F049C0455
:10A5A0009804940491048D048904850482047E0433
:10A5B0007A04760472046F046B0467046304600415
:10A5C0005C045804540451044D04490445044104F6
:10A5D0003E043A04360432042E042B0427042304D8
:10A5E0001F041B041804140410040C0408040504BC
:10A5F0000104FD03F903F503F103EE03EA03E603A7
:10A60000E203DE03DA03D703D303CF03CB03C7038D
:10A61000C303C003BC03B803B403B003AC03A80373
:10A62000A503A1039D039903950391038D0389035A
:10A63000860382037E037A03760372036E036A0342
:10A64000660363035F035B03570353034F034B032B
:10A65000470343033F033B033703340330032C0317
:10A660002803240320031C031803140310030C0302
:10A67000080304030003FC02F802F402F002ED02F6
:10A68000E902E502E102DD02D902D502D102CD02E2
:10A69000C902C502C102BD02B902B502B102AD02D2
:10A6A000A902A502A1029D029902950291028D02C2
:10A6B0008902850281027D027902750271026D02B2
:10A6C0006902650260025C025802540250024C02A8
:10A6D0004802440240023C023802340230022C029A
:10A6E0002802240220021C02170213020F020B028E
:10A6F00007020302FF01FB01F701F301EF01EA0189
:10A70000E601E201DE01DA01D601D201CE01CA0181
:10A71000C501C101BD01B901B501B101AD01A90179
:10A72000A401A0019C019801940190018C01870172
:10A7300083017F017B01770173016E016A0166016C
:10A7400062015E015A01550151014D014901450166
:10A7500040013C013801340130012C012701230163
:10A760001F011B01160112010E010A010601010160
:10A77000FD00F900F500F000EC00E800E400E00066
:10A78000DB00D700D300CF00CA00C600C200BD0066
:10A79000B900B500B100AC00A800A400A0009B0067
:10A7A000970093008E008A00860082007D00790069
:10A7B000750070006C00680064005F005B0057006B
:10A7C00052004E004A00450041003D003800340070
:10A7D00030002B00270023001E001A001600110075
:10A7E0000D00090004000000FBFFF7FFF3FFEEFF80
:10A7F000EAFFE6FFE1FFDDFFD8FFD4FFD0FFCBFF8C
:10A80000C7FFC3FFBEFFBAFFB5FFB1FFADFFA8FF93
:10A81000A4FF9FFF9BFF96FF92FF8EFF89FF85FF9E
:10A8200080FF7CFF78FF73FF6FFF6AFF66FF61FFA9
:10A830005DFF58FF54FF50FF4BFF47FF42FF3EFFB5
:10A8400039FF35FF30FF2CFF27FF23FF1EFF1AFFC4
:10A8500015FF11FF0CFF08FF03FFFFFEFAFEF6FED7
:10A86000F1FEEDFEE8FEE4FEDFFEDBFED6FED2FEEC
:10A87000CDFEC9FEC4FEC0FEBBFEB7FEB2FEAEFEFC
:10A88000A9FEA5FEA0FE9BFE97FE92FE8EFE89FE0F
:10A8900085FE80FE7CFE77FE72FE6EFE69FE65FE22
:10A8A00060FE5CFE57FE52FE4EFE49FE45FE40FE37
:10A8B0003BFE37FE32FE2EFE29FE24FE20FE1BFE4E
:10A8C00017FE12FE0DFE09FE04FE00FEFBFD06064D
:10A8D0000206FF05FB05F705F405F005ED05E905A2
:10A8E000E505E205DE05DB05D705D405D005CC0579
:10A8F000C905C505C205BE05BA05B705B305B0054E
:10A90000AC05A805A505A1059D059A059605930525
:10A910008F058B058805840580057D0579057505FE
:10A9200072056E056B056705630560055C055805D6
:10A93000550551054D054A05460542053F053B05B0
:10A940003705340530052C052905250521051E058B
:10A950001A05160512050F050B0507050405000568
:10A96000FC04F904F504F104ED04EA04E604E2044D
:10A97000DF04DB04D704D304D004CC04C804C5042A
:10A98000C104BD04B904B604B204AE04AA04A70409
:10A99000A3049F049B049804940490048C048904E9
:10A9A000850481047D047A04760472046E046A04CA
:10A9B000670463045F045B045804540450044C04AB
:10A9C0004804450441043D043904350432042E048E
:10A9D0002A04260422041F041B04170413040F0472
:10A9E0000B04080404040004FC03F803F403F1035B
:10A9F000ED03E903E503E103DD03DA03D603D20344
:10AA0000CE03CA03C603C203BF03BB03B703B3032A
:10AA1000AF03AB03A703A303A0039C039803940312
:10AA200090038C038803840380037D0379037503FB
:10AA300071036D036903650361035D0359035503E6
:10AA400052034E034A03460342033E033A033603CE
:10AA500032032E032A03260322031E031A031703BD
:10AA600013030F030B0307030303FF02FB02F702A9
:10AA7000F302EF02EB02E702E302DF02DB02D7029E
:10AA8000D302CF02CB02C702C302BF02BB02B7028E
:10AA9000B302AF02AB02A702A3029F029B0297027E
:10AAA00093028F028B02870283027F027B0277026E
:10AAB00073026F026B02670263025F025B0257025E
:10AAC00052024E024A02460242023E023A02360256
:10AAD00032022E022A02260222021E021A02150247
:10AAE00011020D02090205020102FD01F901F50141
:10AAF000F101EC01E801E401E001DC01D801D4013D
:10AB0000D001CC01C701C301BF01BB01B701B30133
:10AB1000AF01AB01A601A2019E019A01960192012B
:10AB20008D018901850181017D0179017501700126
:10AB30006C016801640160015B01570153014F0121
:10AB40004B01470142013E013A01360132012D011C
:10AB50002901250121011D011801140110010C0119
:10AB600007010301FF00FB00F600F200EE00EA001F
:10AB7000E600E100DD00D900D500D000CC00C8001F
:10AB8000C400BF00BB00B700B200AE00AA00A60020
:10AB9000A1009D009900950090008C008800830022
:10ABA0007F007B00760072006E006A006500610025
:10ABB0005D005800540050004B00470043003E0029
:10ABC0003A00360031002D002900240020001C002E
:10ABD000170013000F000A0006000200FDFFF9FF36
:10ABE000F4FFF0FFECFFE7FFE3FFDFFFDAFFD6FF44
:10ABF000D1FFCDFFC9FFC4FFC0FFBCFFB7FFB3FF4C
:10AC0000AEFFAAFFA6FFA1FF9DFF98FF94FF8FFF55
:10AC10008BFF87FF82FF7EFF79FF75FF70FF6CFF60
:10AC200068FF63FF5FFF5AFF56FF51FF4DFF48FF6C
:10AC300044FF40FF3BFF37FF32FF2EFF29FF25FF78
:10AC400020FF1CFF17FF13FF0EFF0AFF05FF01FF88
:10AC5000FCFEF8FEF3FEEFFEEAFEE6FEE1FEDDFEA0
:10AC6000D8FED4FECFFECBFEC6FEC2FEBDFEB9FEB0
:10AC7000B4FEB0FEABFEA7FEA2FE9EFE99FE94FEC1
:10AC800090FE8BFE87FE82FE7EFE79FE75FE70FED4
:10AC90006BFE67FE62FE5EFE59FE55FE50FE4BFEE9
:10ACA00047FE42FE3EFE39FE34FE30FE2BFE27FEFE
:10ACB00022FE1DFE19FE14FE1C06180615061106BE
:10ACC0000E060A0606060306FF05FC05F805F5054F
:10ACD000F105ED05EA05E605E305DF05DB05D80529
:10ACE000D405D105CD05C905C605C205BE05BB0500
:10ACF000B705B405B005AC05A905A505A1059E05D8
:10AD00009A05970593058F058C05880584058105AF
:10AD10007D057905760572056E056B05670563058A
:10AD200060055C055805550551054D054A05460564
:10AD300042053F053B053705340530052C0529053F
:10AD4000250521051D051A05160512050F050B051C
:10AD5000070504050005FC04F804F504F104ED04FE
:10AD6000EA04E604E204DE04DB04D704D304CF04DF
:10AD7000CC04C804C404C004BD04B904B504B104BF
:10AD8000AE04AA04A604A2049F049B04970493049F
:10AD900090048C048804840480047D047904750480
:10ADA00071046E046A04660462045E045B04570462
:10ADB00053044F044B044804440440043C04380446
:10ADC000350431042D042904250421041E041A0429
:10ADD000160412040E040A0407040304FF03FB0311
:10ADE000F703F303F003EC03E803E403E003DC03FD
:10ADF000D803D503D103CD03C903C503C103BD03E4
:10AE0000B903B603B203AE03AA03A603A2039E03CB
:10AE10009A03970393038F038B03870383037F03B3
:10AE20007B03770373036F036C036803640360039E
:10AE30005C035803540350034C034803440340038A
:10AE40003C033803350331032D0329032503210374
:10AE50001D031903150311030D0309030503010362
:10AE6000FD02F902F502F102ED02E902E502E1025A
:10AE7000DD02D902D502D102CD02C902C502C1024A
:10AE8000BD02B902B502B102AD02A902A502A1023A
:10AE90009D029902950291028D028902850281022A
:10AEA0007D027902750271026D026902650261021A
:10AEB0005D025902540250024C0248024402400210
:10AEC0003C023802340230022C0228022402200202
:10AED0001B02170213020F020B0207020302FF01FB
:10AEE000FB01F701F201EE01EA01E601E201DE01F8
:10AEF000DA01D601D201CD01C901C501C101BD01EF
:10AF0000B901B501B001AC01A801A401A0019C01E7
:10AF1000980193018F018B01870183017F017A01E1
:10AF2000760172016E016A01660161015D015901DC
:10AF3000550151014C014801440140013C013701D8
:10AF400033012F012B01270122011E011A011601D5
:10AF500012010D01090105010101FC00F800F400D6
:10AF6000F000EB00E700E300DF00DA00D600D200DB
:10AF7000CE00C900C500C100BD00B800B400B000DB
:10AF8000AC00A700A3009F009A00960092008E00DC
:10AF90008900850081007C00780074006F006B00E0
:10AFA000670063005E005A00560051004D004900E2
:10AFB000440040003C00370033002F002A002600E8
:10AFC00022001D001900150010000C0008000300ED
:10AFD000FFFFFAFFF6FFF2FFEDFFE9FFE5FFE0FFFD
:10AFE000DCFFD7FFD3FFCFFFCAFFC6FFC2FFBDFF05
:10AFF000B9FFB4FFB0FFACFFA7FFA3FF9EFF9AFF0E
:10B0000096FF91FF8DFF88FF84FF7FFF7BFF77FF17
:10B0100072FF6EFF69FF65FF60FF5CFF58FF53FF23
:10B020004FFF4AFF46FF41FF3DFF38FF34FF2FFF30
:10B030002BFF26FF22FF1EFF19FF15FF10FF0CFF3D
:10B0400007FF03FFFEFEFAFEF5FEF1FEECFEE8FE52
:10B05000E3FEDFFEDAFED6FED1FECDFEC8FEC4FE64
:10B06000BFFEBBFEB6FEB2FEADFEA8FEA4FE9FFE76
:10B070009BFE96FE92FE8DFE89FE84FE80FE7BFE88
:10B0800076FE72FE6DFE69FE64FE60FE5BFE57FE9C
:10B0900052FE4DFE49FE44FE40FE3BFE37FE32FEB0
:10B0A0002DFE32062F062B062706240620061D0637
:10B0B0001906150612060E060B06070603060006FD
:10B0C000FC05F905F505F105EE05EA05E705E305DB
:10B0D000DF05DC05D805D505D105CD05CA05C605B2
:10B0E000C205BF05BB05B705B405B005AD05A9058B
:10B0F000A505A2059E059A05970593058F058C0564
:10B100008805840581057D057905760572056E053E
:10B110006B056705630560055C0558055505510518
:10B120004D054A05460542053F053B0537053305F4
:10B1300030052C052805250521051D051A051605D0
:10B1400012050E050B0507050305FF04FC04F804B2
:10B15000F404F104ED04E904E504E204DE04DA0495
:10B16000D604D304CF04CB04C704C404C004BC0475
:10B17000B804B504B104AD04A904A604A2049E0455
:10B180009A04960493048F048B0487048404800437
:10B190007C047804740471046D046904650461041A
:10B1A0005E045A04560452044E044A0447044304FD
:10B1B0003F043B043704340430042C0428042404E2
:10B1C00020041D041904150411040D0409040604C7
:10B1D0000204FE03FA03F603F203EE03EB03E703B4
:10B1E000E303DF03DB03D703D303CF03CC03C8039D
:10B1F000C403C003BC03B803B403B003AC03A90386
:10B20000A503A1039D039903950391038D0389036E
:10B21000850382037E037A03760372036E036A0357
:10B22000660362035E035A03560352034E034B0345
:10B23000470343033F033B03370333032F032B032E
:10B24000270323031F031B03170313030F030B031E
:10B2500007030303FF02FB02F702F302EF02EB0214
:10B26000E702E302DF02DB02D702D302CF02CB0206
:10B27000C702C302BF02BB02B702B302AF02AB02F6
:10B28000A702A3029F029B02970293028F028B02E6
:10B29000870283027F027B02770273026F026B02D6
:10B2A000670262025E025A02560252024E024A02CD
:10B2B000460242023E023A02360232022E022902BF
:10B2C000250221021D021902150211020D020902B6
:10B2D00005020102FC01F801F401F001EC01E801B2
:10B2E000E401E001DB01D701D301CF01CB01C701AC
:10B2F000C301BF01BA01B601B201AE01AA01A601A4
:10B30000A1019D019901950191018D01890184019E
:10B3100080017C01780174016F016B016701630199
:10B320005F015B01560152014E014A014601410194
:10B330003D013901350131012C0128012401200191
:10B340001B01170113010F010B0106010201FE0091
:10B35000FA00F500F100ED00E900E400E000DC0097
:10B36000D800D300CF00CB00C700C200BE00BA0097
:10B37000B600B100AD00A900A400A0009C00980098
:10B3800093008F008B00860082007E007A0075009B
:10B3900071006D006800640060005B00570053009E
:10B3A0004E004A00460041003D00390034003000A4
:10B3B0002C00270023001F001A00160012000D00A9
:10B3C000090005000000FCFFF8FFF3FFEFFFEAFFB4
:10B3D000E6FFE2FFDDFFD9FFD5FFD0FFCCFFC7FFBF
:10B3E000C3FFBFFFBAFFB6FFB1FFADFFA9FFA4FFC8
:10B3F000A0FF9BFF97FF93FF8EFF8AFF85FF81FFD2
:10B400007CFF78FF74FF6FFF6BFF66FF62FF5DFFDD
:10B4100059FF55FF50FF4CFF47FF43FF3EFF3AFFE8
:10B4200035FF31FF2DFF28FF24FF1FFF1BFF16FFF5
:10B4300012FF0DFF09FF04FF00FFFBFEF7FEF2FE07
:10B44000EEFEE9FEE5FEE0FEDCFED7FED3FECEFE1C
:10B45000CAFEC5FEC1FEBCFEB8FEB3FEAFFEAAFE2C
:10B46000A6FEA1FE9DFE98FE94FE8FFE8AFE86FE3D
:10B4700081FE7DFE78FE74FE6FFE6BFE66FE61FE51
:10B480005DFE58FE54FE4FFE4BFE46FE4806450646
:10B4900041063D063A06360633062F062B062806D9
:10B4A000240621061D061A06160612060F060B06AE
:10B4B000070604060006FD05F905F505F205EE058B
:10B4C000EB05E705E305E005DC05D805D505D10565
:10B4D000CD05CA05C605C305BF05BB05B805B4053E
:10B4E000B005AD05A905A505A2059E059A05970518
:10B4F00093058F058C058805840581057D057905F3
:10B50000760572056E056B056705630560055C05CC
:10B510005805540551054D054905460542053E05AA
:10B520003B05370533052F052C0528052405210586
:10B530001D051905150512050E050A050605030565
:10B54000FF04FB04F704F404F004EC04E804E5044D
:10B55000E104DD04D904D604D204CE04CA04C7042D
:10B56000C304BF04BB04B804B404B004AC04A8040E
:10B57000A504A1049D049904960492048E048A04EF
:10B58000860483047F047B047704730470046C04D2
:10B590006804640460045C045904550451044D04B7
:10B5A0004904460442043E043A04360432042F049B
:10B5B0002B04270423041F041B0417041404100481
:10B5C0000C04080404040004FC03F903F503F1036C
:10B5D000ED03E903E503E103DD03DA03D603D20358
:10B5E000CE03CA03C603C203BE03BB03B703B30340
:10B5F000AF03AB03A703A3039F039B03970393032B
:10B6000090038C038803840380037C037803740312
:10B6100070036C036803640360035C035803550301
:10B6200051034D034903450341033D0339033503EA
:10B6300031032D032903250321031D0319031503DA
:10B6400011030D03090305030103FD02F902F502CD
:10B65000F102ED02E902E502E102DD02D902D502C2
:10B66000D102CD02C902C502C102BD02B902B502B2
:10B67000B102AD02A902A502A1029D0299029502A2
:10B6800091028D028902850281027D027902740293
:10B6900070026C026802640260025C02580254028A
:10B6A00050024C024802440240023B02370233027D
:10B6B0002F022B02270223021F021B021702130272
:10B6C0000E020A0206020202FE01FA01F601F2016E
:10B6D000EE01E901E501E101DD01D901D501D10169
:10B6E000CC01C801C401C001BC01B801B401AF0163
:10B6F000AB01A701A3019F019B01970192018E015C
:10B700008A01860182017D017901750171016D0156
:10B710006901640160015C01580154014F014B0152
:10B72000470143013F013A01360132012E012A014E
:10B73000250121011D011901140110010C0108014D
:10B740000401FF00FB00F700F300EE00EA00E60052
:10B75000E200DD00D900D500D100CC00C800C40053
:10B76000BF00BB00B700B300AE00AA00A600A20055
:10B770009D009900950090008C00880083007F0058
:10B780007B00770072006E006A00650061005D005A
:10B790005800540050004B00470043003E003A0060
:10B7A000360031002D002900240020001C00170065
:10B7B00013000F000A0006000200FDFFF9FFF5FF6D
:10B7C000F0FFECFFE7FFE3FFDFFFDAFFD6FFD2FF7A
:10B7D000CDFFC9FFC4FFC0FFBCFFB7FFB3FFAEFF83
:10B7E000AAFFA6FFA1FF9DFF98FF94FF90FF8BFF8C
:10B7F00087FF82FF7EFF79FF75FF71FF6CFF68FF97
:10B8000063FF5FFF5AFF56FF52FF4DFF49FF44FFA2
:10B8100040FF3BFF37FF32FF2EFF29FF25FF21FFAF
:10B820001CFF18FF13FF0FFF0AFF06FF01FFFDFEBD
:10B83000F8FEF4FEEFFEEBFEE6FEE2FEDDFED9FED4
:10B84000D4FED0FECBFEC7FEC2FEBEFEB9FEB5FEE4
:10B85000B0FEACFEA7FEA3FE9EFE9AFE95FE91FEF4
:10B860008CFE87FE83FE7EFE7AFE75FE71FE6CFE08
:10B8700068FE63FE5FFE5E065B06570653065006D3
:10B880004C064906450641063E063A06370633068B
:10B890002F062C062806250621061D061A06160662
:10B8A00013060F060B06080604060006FD05F9053B
:10B8B000F605F205EE05EB05E705E305E005DC0519
:10B8C000D805D505D105CE05CA05C605C305BF05F2
:10B8D000BB05B805B405B005AD05A905A505A205CC
:10B8E0009E059A05970593058F058C0588058405A7
:10B8F00080057D057905750572056E056A05670584
:10B9000063055F055B055805540550054D05490560
:10B91000450541053E053A05360533052F052B053E
:10B920002705240520051C051805150511050D051D
:10B930000A0506050205FE04FB04F704F304EF0400
:10B94000EB04E804E404E004DC04D904D504D104E5
:10B95000CD04CA04C604C204BE04BA04B704B304C6
:10B96000AF04AB04A804A404A0049C0498049504A8
:10B9700091048D048904850482047E047A0476048B
:10B9800072046E046B04670463045F045B04570471
:10B99000540450044C044804440440043D04390455
:10B9A000350431042D042904260422041E041A043B
:10B9B000160412040E040A0407040304FF03FB0325
:10B9C000F703F303EF03EB03E803E403E003DC0313
:10B9D000D803D403D003CC03C803C503C103BD03FC
:10B9E000B903B503B103AD03A903A503A1039D03E7
:10B9F0009A03960392038E038A03860382037E03CF
:10BA00007A03760372036E036A03660362035E03BE
:10BA10005B03570353034F034B03470343033F03A6
:10BA20003B03370333032F032B03270323031F0396
:10BA30001B03170313030F030B0307030303FF0287
:10BA4000FB02F702F302EF02EB02E702E302DF027E
:10BA5000DB02D702D302CF02CB02C702C302BF026E
:10BA6000BB02B702B302AF02AB02A702A3029F025E
:10BA70009B02970293028E028A02860282027E0253
:10BA80007A02760272026E026A02660262025E0246
:10BA90005A02560251024D024902450241023D023C
:10BAA0003902350231022D022902240220021C0231
:10BAB0001802140210020C0208020402FF01FB012A
:10BAC000F701F301EF01EB01E701E301DE01DA0128
:10BAD000D601D201CE01CA01C601C101BD01B90121
:10BAE000B501B101AD01A901A401A0019C0198011A
:10BAF000940190018B01870183017F017B01760115
:10BB000072016E016A01660162015D015901550110
:10BB100051014D014801440140013C01370133010D
:10BB20002F012B01270122011E011A01160111010B
:10BB30000D01090105010101FC00F800F400F0000D
:10BB4000EB00E700E300DF00DA00D600D200CD0012
:10BB5000C900C500C100BC00B800B400B000AB0013
:10BB6000A700A3009E009A00960092008D00890015
:10BB7000850080007C00780073006F006B00670018
:10BB800062005E005A00550051004D00480044001C
:10BB900040003B00370033002E002A002600210021
:10BBA0001D001900140010000C0007000300FEFF28
:10BBB000FAFFF6FFF1FFEDFFE9FFE4FFE0FFDBFF37
:10BBC000D7FFD3FFCEFFCAFFC6FFC1FFBDFFB8FF3F
:10BBD000B4FFB0FFABFFA7FFA2FF9EFF9AFF95FF48
:10BBE00091FF8CFF88FF84FF7FFF7BFF76FF72FF52
:10BBF0006DFF69FF65FF60FF5CFF57FF53FF4EFF5E
:10BC00004AFF45FF41FF3DFF38FF34FF2FFF2BFF69
:10BC100026FF22FF1DFF19FF14FF10FF0BFF07FF78
:10BC200003FFFEFEFAFEF5FEF1FEECFEE8FEE3FE8B
:10BC3000DFFEDAFED6FED1FECDFEC8FEC4FEBFFE9C
:10BC4000BBFEB6FEB2FEADFEA9FEA4FEA0FE9BFEAC
:10BC500097FE92FE8DFE89FE84FE80FE7BFE77FEBF
:10BC6000740671066D066906660662065F065B0667
:10BC70005706540650064D064906450642063E063E
:10BC80003B063706330630062C0628062506210615
:10BC90001E061A06160613060F060B0608060406ED
:10BCA0000106FD05F905F605F205EE05EB05E705CC
:10BCB000E305E005DC05D805D505D105CD05CA05A8
:10BCC000C605C205BF05BB05B705B405B005AC0583
:10BCD000A905A505A1059E059A05960593058F055D
:10BCE0008B058705840580057C057905750571053B
:10BCF0006E056A05660562055F055B055705540517
:10BD000050054C054805450541053D0539053605F5
:10BD100032052E052A05270523051F051B051805D5
:10BD2000140510050C05090505050105FD04FA04B7
:10BD3000F604F204EE04EB04E704E304DF04DC049D
:10BD4000D804D404D004CC04C904C504C104BD047F
:10BD5000B904B604B204AE04AA04A604A3049F0462
:10BD60009B049704930490048C0488048404800446
:10BD70007C047904750471046D046904650462042B
:10BD80005E045A04560452044E044B044704430410
:10BD90003F043B043704330430042C0428042404F7
:10BDA00020041C041804150411040D0409040504DE
:10BDB0000104FD03F903F603F203EE03EA03E603CD
:10BDC000E203DE03DA03D603D203CF03CB03C703B8
:10BDD000C303BF03BB03B703B303AF03AB03A703A3
:10BDE000A303A0039C039803940390038C0388038C
:10BDF000840380037C037803740370036C0368037B
:10BE0000640360035C035803550351034D03490366
:10BE1000450341033D033903350331032D03290352
:10BE2000250321031D031903150311030D03090342
:10BE300005030103FD02F902F502F102ED02E90238
:10BE4000E502E102DD02D902D502D102CD02C9022A
:10BE5000C502C102BD02B902B402B002AC02A8021E
:10BE6000A402A0029C029802940290028C02880212
:10BE7000840280027C027802740270026B02670204
:10BE800063025F025B02570253024F024B024702FA
:10BE900043023F023A02360232022E022A022602F0
:10BEA00022021E021A02150211020D0209020502E7
:10BEB0000102FD01F901F401F001EC01E801E401E6
:10BEC000E001DC01D801D301CF01CB01C701C301DF
:10BED000BF01BA01B601B201AE01AA01A601A101DA
:10BEE0009D019901950191018D01880184018001D5
:10BEF0007C01780174016F016B01670163015F01CF
:10BF00005A01560152014E014A01450141013D01CC
:10BF10003901340130012C01280124011F011B01CA
:10BF2000170113010E010A0106010201FD00F900CB
:10BF3000F500F100EC00E800E400E000DB00D700D1
:10BF4000D300CF00CA00C600C200BE00B900B500D1
:10BF5000B100AC00A800A400A0009B0097009300D3
:10BF60008E008A00860081007D00790075007000D7
:10BF70006C00680063005F005B00560052004E00DA
:10BF80004900450041003C00380034002F002B00E0
:10BF9000270022001E001A00150011000D000800E5
:10BFA00004000000FBFFF7FFF2FFEEFFEAFFE5FFF2
:10BFB000E1FFDDFFD8FFD4FFCFFFCBFFC7FFC2FFFC
:10BFC000BEFFB9FFB5FFB1FFACFFA8FFA4FF9FFF05
:10BFD0009BFF96FF92FF8DFF89FF85FF80FF7CFF0F
:10BFE00077FF73FF6FFF6AFF66FF61FF5DFF58FF1A
:10BFF00054FF4FFF4BFF47FF42FF3EFF39FF35FF26
:10C0000030FF2CFF27FF23FF1FFF1AFF16FF11FF32
:10C010000DFF08FF04FFFFFEFBFEF6FEF2FEEDFE45
:10C02000E9FEE4FEE0FEDBFED7FED2FECEFEC9FE58
:10C03000C5FEC0FEBCFEB7FEB3FEAEFEAAFEA5FE68
:10C04000A1FE9CFE98FE93FE8FFE8A06870683065D
:10C050007F067C067806750671066D066A0666061A
:10C0600063065F065B065806540650064D064906F1
:10C07000460642063E063B063706330630062C06C9
:10C080002906250621061E061A06160613060F06A1
:10C090000B06080604060006FD05F905F605F2057F
:10C0A000EE05EB05E705E305E005DC05D805D5055C
:10C0B000D105CD05C905C605C205BE05BB05B70539
:10C0C000B305B005AC05A805A505A1059D05990515
:10C0D000960592058E058B058705830580057C05F1
:10C0E0007805740571056D056905650562055E05D0
:10C0F0005A05570553054F054B05480544054005AE
:10C100003C053905350531052D052A05260522058D
:10C110001E051B05170513050F050C05080504056D
:10C120000005FC04F904F504F104ED04EA04E60456
:10C13000E204DE04DA04D704D304CF04CB04C7043A
:10C14000C404C004BC04B804B404B104AD04A9041C
:10C15000A504A1049E049A04960492048E048A0401
:10C16000870483047F047B047704730470046C04E5
:10C170006804640460045C045804550451044D04CC
:10C180004904450441043D043A04360432042E04B3
:10C190002A04260422041F041B04170413040F049A
:10C1A0000B0407040304FF03FC03F803F403F00388
:10C1B000EC03E803E403E003DC03D803D403D10376
:10C1C000CD03C903C503C103BD03B903B503B1035F
:10C1D000AD03A903A503A1039E039A03960392034B
:10C1E0008E038A03860382037E037A037603720337
:10C1F0006E036A03660362035E035A035603520327
:10C200004E034A03460342033E033A033703330314
:10C210002F032B03270323031F031B0317031303FE
:10C220000F030B0307030303FF02FA02F602F202F5
:10C23000EE02EA02E602E202DE02DA02D602D202EE
:10C24000CE02CA02C602C202BE02BA02B602B202DE
:10C25000AE02AA02A602A2029E029A0296029102CF
:10C260008D028902850281027D02790275027102C6
:10C270006D026902650261025D02580254025002B9
:10C280004C024802440240023C02380234022F02AF
:10C290002B02270223021F021B02170213020E02A7
:10C2A0000A0206020202FE01FA01F601F201ED01A4
:10C2B000E901E501E101DD01D901D501D001CC01A0
:10C2C000C801C401C001BC01B701B301AF01AB019A
:10C2D000A701A3019E019A01960192018E018A0194
:10C2E000850181017D017901750170016C01680191
:10C2F000640160015B01570153014F014B0146018D
:10C3000042013E013A01350131012D01290125018A
:10C3100020011C01180114010F010B010701030189
:10C32000FE00FA00F600F200ED00E900E500E10091
:10C33000DC00D800D400D000CB00C700C300BF0091
:10C34000BA00B600B200AD00A900A500A1009C0093
:10C35000980094008F008B00870082007E007A0096
:10C36000760071006D006900640060005C00570099
:10C3700053004F004A00460042003D00390035009E
:10C3800030002C00280023001F001B0016001200A4
:10C390000E00090005000000FCFFF8FFF3FFEFFFAF
:10C3A000EBFFE6FFE2FFDEFFD9FFD5FFD0FFCCFFBA
:10C3B000C8FFC3FFBFFFBAFFB6FFB2FFADFFA9FFC3
:10C3C000A4FFA0FF9CFF97FF93FF8EFF8AFF86FFCD
:10C3D00081FF7DFF78FF74FF70FF6BFF67FF62FFD7
:10C3E0005EFF59FF55FF51FF4CFF48FF43FF3FFFE2
:10C3F0003AFF36FF31FF2DFF29FF24FF20FF1BFFEF
:10C4000017FF12FF0EFF09FF05FF00FFFCFEF7FEFE
:10C41000F3FEEEFEEAFEE5FEE1FEDDFED8FED4FE12
:10C42000CFFECBFEC6FEC2FEBDFEB9FEB4FEB0FE20
:10C43000ABFEA7FEA0069C069906950692068E0600
:10C440008A068706830680067C06780675067106CE
:10C450006E066A06660663065F065B0658065406A5
:10C4600051064D064906460642063E063B0637067D
:10C47000330630062C062906250621061E061A0656
:10C48000160613060F060B06080604060006FD0531
:10C49000F905F505F205EE05EA05E705E305DF0513
:10C4A000DC05D805D405D005CD05C905C505C205EF
:10C4B000BE05BA05B705B305AF05AB05A805A405CC
:10C4C000A0059D059905950591058E058A058605AA
:10C4D00083057F057B057705740570056C05680588
:10C4E000650561055D055A05560552054E054B0566
:10C4F000470543053F053C053805340530052C0547
:10C500002905250521051D051A05160512050E0527
:10C510000B0507050305FF04FB04F804F404F0040D
:10C52000EC04E804E504E104DD04D904D504D204F4
:10C53000CE04CA04C604C204BF04BB04B704B304D7
:10C54000AF04AB04A804A404A0049C0498049404BD
:10C5500091048D048904850481047D047A047604A1
:10C5600072046E046A04660462045F045B04570488
:10C5700053044F044B044704440440043C0438046F
:10C58000340430042C042804250421041D04190457
:10C59000150411040D04090405040104FE03FA0343
:10C5A000F603F203EE03EA03E603E203DE03DA0333
:10C5B000D603D303CF03CB03C703C303BF03BB031C
:10C5C000B703B303AF03AB03A703A3039F039B030B
:10C5D0009703940390038C038803840380037C03F4
:10C5E0007803740370036C036803640360035C03E3
:10C5F0005803540350034C034803440340033C03D3
:10C600003803340330032C032803240320031C03C2
:10C610001803140310030C03080304030003FC02B3
:10C62000F802F402F002EC02E802E402E002DC02AA
:10C63000D802D402D002CC02C802C402BF02BB029C
:10C64000B702B302AF02AB02A702A3029F029B0292
:10C65000970293028F028B02870283027E027A0284
:10C66000760272026E026A02660262025E025A027A
:10C67000560251024D024902450241023D02390271
:10C68000350231022D022802240220021C02180267
:10C69000140210020C0207020302FF01FB01F70162
:10C6A000F301EF01EA01E601E201DE01DA01D60160
:10C6B000D201CD01C901C501C101BD01B901B4015A
:10C6C000B001AC01A801A401A0019B019701930155
:10C6D0008F018B01860182017E017A017601710151
:10C6E0006D016901650161015C015801540150014E
:10C6F0004C01470143013F013B01360132012E014C
:10C700002A01260121011D011901150110010C0149
:10C7100008010401FF00FB00F700F300EE00EA004F
:10C72000E600E200DD00D900D500D100CC00C80051
:10C73000C400BF00BB00B700B300AE00AA00A60053
:10C74000A1009D009900950090008C008800830056
:10C750007F007B00760072006E006900650061005A
:10C760005D005800540050004B00470043003E005D
:10C770003A00360031002D002900240020001B0063
:10C78000170013000E000A0006000100FDFFF9FF6C
:10C79000F4FFF0FFECFFE7FFE3FFDEFFDAFFD6FF79
:10C7A000D1FFCDFFC9FFC4FFC0FFBBFFB7FFB3FF81
:10C7B000AEFFAAFFA5FFA1FF9DFF98FF94FF8FFF8B
:10C7C0008BFF87FF82FF7EFF79FF75FF70FF6CFF95
:10C7D00068FF63FF5FFF5AFF56FF51FF4DFF49FFA0
:10C7E00044FF40FF3BFF37FF32FF2EFF29FF25FFAD
:10C7F00021FF1CFF18FF13FF0FFF0AFF06FF01FFB9
:10C80000FDFEF8FEF4FEEFFEEBFEE6FEE2FEDEFECF
:10C81000D9FED5FED0FECCFEC7FEC3FEBEFEB606D8
:10C82000B206AF06AB06A706A406A0069D069906AB
:10C83000950692068E068B068706830680067C0682
:10C840007806750671066E066A06660663065F065A
:10C850005B065806540650064D0649064606420633
:10C860003E063B063706330630062C06280625060C
:10C8700021061D061A06160612060F060B060706E7
:10C8800004060006FC05F905F505F105EE05EA05C7
:10C89000E605E205DF05DB05D705D405D005CC05A7
:10C8A000C905C505C105BD05BA05B605B205AF0583
:10C8B000AB05A705A305A0059C0598059405910562
:10C8C0008D058905860582057E057A057705730540
:10C8D0006F056B056805640560055C055905550520
:10C8E00051054D054A05460542053E053A05370501
:10C8F00033052F052B052805240520051C051805E3
:10C90000150511050D05090506050205FE04FA04C5
:10C91000F604F304EF04EB04E704E304E004DC04AE
:10C92000D804D404D004CC04C904C504C104BD0493
:10C93000B904B504B204AE04AA04A604A2049E0479
:10C940009B04970493048F048B048704840480045D
:10C950007C047804740470046C0469046504610444
:10C960005D045904550451044D044A04460442042C
:10C970003E043A04360432042E042A042704230415
:10C980001F041B04170413040F040B0407040304FF
:10C990000004FC03F803F403F003EC03E803E403EE
:10C9A000E003DC03D803D403D003CD03C903C503DC
:10C9B000C103BD03B903B503B103AD03A903A503C7
:10C9C000A1039D039903950391038D0389038503B7
:10C9D00081037D037903760372036E036A036603A2
:10C9E00062035E035A03560352034E034A0346038F
:10C9F00042033E033A03360332032E032A0326037F
:10CA000022031E031A03160312030E030A0306036E
:10CA10000103FD02F902F502F102ED02E902E5026D
:10CA2000E102DD02D902D502D102CD02C902C5025E
:10CA3000C102BD02B902B502B102AD02A802A40250
:10CA4000A0029C029802940290028C028802840246
:10CA500080027C02780273026F026B02670263023B
:10CA60005F025B02570253024F024A024602420231
:10CA70003E023A02360232022E022A022502210228
:10CA80001D021902150211020D0208020402000221
:10CA9000FC01F801F401F001EB01E701E301DF0122
:10CAA000DB01D701D301CE01CA01C601C201BE011B
:10CAB000BA01B501B101AD01A901A501A0019C0117
:10CAC0009801940190018C01870183017F017B0112
:10CAD000770172016E016A01660162015D0159010F
:10CAE000550151014C014801440140013C0137010D
:10CAF00033012F012B01260122011E011A0115010C
:10CB000011010D01090104010001FC00F800F3000E
:10CB1000EF00EB00E700E200DE00DA00D600D10013
:10CB2000CD00C900C400C000BC00B800B300AF0015
:10CB3000AB00A600A2009E009A00950091008D0017
:10CB40008800840080007B00770073006F006A001B
:10CB5000660062005D005900550050004C0048001E
:10CB600043003F003B00360032002E002900250024
:10CB700021001C00180014000F000B00060002002A
:10CB8000FEFFF9FFF5FFF1FFECFFE8FFE4FFDFFF39
:10CB9000DBFFD6FFD2FFCEFFC9FFC5FFC1FFBCFF41
:10CBA000B8FFB3FFAFFFABFFA6FFA2FF9DFF99FF4A
:10CBB00095FF90FF8CFF87FF83FF7FFF7AFF76FF53
:10CBC00071FF6DFF68FF64FF60FF5BFF57FF52FF5F
:10CBD0004EFF49FF45FF41FF3CFF38FF33FF2FFF6A
:10CBE0002AFF26FF21FF1DFF19FF14FF10FF0BFF77
:10CBF00007FF02FFFEFEF9FEF5FEF0FEECFEE7FE8B
:10CC0000E3FEDEFEDAFED5FECC06C806C506C1068A
:10CC1000BD06BA06B606B206AF06AB06A806A4065F
:10CC2000A0069D069906960692068E068B06870636
:10CC3000830680067C067806750671066E066A060F
:10CC4000660663065F065B065806540650064D06E8
:10CC50004906450642063E063A06370633062F06C3
:10CC60002C062806240621061D061906160612069D
:10CC70000E060B0607060306FF05FC05F805F4057E
:10CC8000F105ED05E905E605E205DE05DA05D7055E
:10CC9000D305CF05CC05C805C405C005BD05B9053C
:10CCA000B505B205AE05AA05A605A3059F059B051A
:10CCB0009705940590058C058805850581057D05FA
:10CCC0007905760572056E056A05670563055F05DA
:10CCD0005B055805540550054C05480545054105BB
:10CCE0003D053905360532052E052A05260523059D
:10CCF0001F051B051705130510050C050805040580
:10CD00000005FD04F904F504F104ED04EA04E60469
:10CD1000E204DE04DA04D604D304CF04CB04C7044F
:10CD2000C304BF04BC04B804B404B004AC04A80435
:10CD3000A504A1049D049904950491048D048A041A
:10CD4000860482047E047A04760472046F046B0401
:10CD5000670463045F045B04570453044F044C04EA
:10CD60004804440440043C043804340430042C04D3
:10CD70002904250421041D041904150411040D04BB
:10CD8000090405040104FD03FA03F603F203EE03AC
:10CD9000EA03E603E203DE03DA03D603D203CE039B
:10CDA000CA03C603C203BE03BB03B703B303AF0387
:10CDB000AB03A703A3039F039B03970393038F0373
:10CDC0008B03870383037F037B03770373036F0363
:10CDD0006B03670363035F035B03570353034F0353
:10CDE0004B03470343033F033B03370333032F0343
:10CDF0002B03270323031F031B03170313030F0333
:10CE00000B0307030303FF02FB02F702F302EF0227
:10CE1000EB02E702E302DE02DA02D602D202CE021F
:10CE2000CA02C602C202BE02BA02B602B202AE0212
:10CE3000AA02A602A2029D029902950291028D0207
:10CE40008902850281027D027902750270026C02FC
:10CE50006802640260025C025802540250024C02F2
:10CE6000470243023F023B02370233022F022B02EA
:10CE7000260222021E021A02160212020E020902E3
:10CE800005020102FD01F901F501F101EC01E801E2
:10CE9000E401E001DC01D801D301CF01CB01C701DE
:10CEA000C301BF01BA01B601B201AE01AA01A601D8
:10CEB000A1019D019901950191018C0188018401D5
:10CEC00080017C01770173016F016B0167016201D1
:10CED0005E015A01560151014D01490145014101CF
:10CEE0003C013801340130012B01270123011F01CE
:10CEF0001A01160112010E01090105010101FD00CF
:10CF0000F800F400F000EC00E700E300DF00DB00D5
:10CF1000D600D200CE00C900C500C100BD00B800D7
:10CF2000B400B000AB00A700A3009F009A009600D9
:10CF300092008D008900850081007C0078007400DB
:10CF40006F006B00670062005E005A0055005100E0
:10CF50004D004800440040003B00370033002E00E5
:10CF60002A00260021001D001900140010000C00EA
:10CF700007000300FEFFFAFFF6FFF1FFEDFFE9FFF8
:10CF8000E4FFE0FFDBFFD7FFD3FFCEFFCAFFC6FF02
:10CF9000C1FFBDFFB8FFB4FFB0FFABFFA7FFA2FF0B
:10CFA0009EFF9AFF95FF91FF8CFF88FF84FF7FFF14
:10CFB0007BFF76FF72FF6EFF69FF65FF60FF5CFF1E
:10CFC00057FF53FF4FFF4AFF46FF41FF3DFF38FF2A
:10CFD00034FF30FF2BFF27FF22FF1EFF19FF15FF35
:10CFE00010FF0CFF07FF03FFFFFEFAFEF6FEF1FE47
:10CFF000EDFEE206DE06DA06D706D306D006CC063C
:10D00000C806C506C106BD06BA06B606B306AF0613
:10D01000AB06A806A406A0069D06990695069206EC
:10D020008E068B068706830680067C0678067506C4
:10D0300071066D066A06660662065F065B0657069F
:10D04000540650064C064906450641063E063A0679
:10D05000360633062F062B062806240620061C0655
:10D060001906150611060E060A0606060306FF0532
:10D07000FB05F705F405F005EC05E905E505E10517
:10D08000DD05DA05D605D205CF05CB05C705C305F5
:10D09000C005BC05B805B405B105AD05A905A505D4
:10D0A000A2059E059A05960593058F058B058705B4
:10D0B000840580057C057805750571056D05690594
:10D0C000660562055E055A05560553054F054B0575
:10D0D0004705430540053C053805340531052D0558
:10D0E0002905250521051E051A05160512050E053B
:10D0F0000A0507050305FF04FB04F704F404F00424
:10D10000EC04E804E404E004DD04D904D504D1040B
:10D11000CD04C904C604C204BE04BA04B604B204F1
:10D12000AE04AB04A704A3049F049B0497049304D8
:10D1300090048C048804840480047C0478047404BF
:10D1400071046D046904650461045D0459045504A7
:10D1500051044E044A04460442043E043A04360490
:10D1600032042E042A04260423041F041B0417047B
:10D1700013040F040B0407040304FF03FB03F7036A
:10D18000F303EF03EC03E803E403E003DC03D80359
:10D19000D403D003CC03C803C403C003BC03B80347
:10D1A000B403B003AC03A803A403A0039C03980337
:10D1B000940390038C038803850381037D03790323
:10D1C000750371036D036903650361035D0359030F
:10D1D000550351034D034903450341033D03380300
:10D1E000340330032C032803240320031C031803F7
:10D1F000140310030C03080304030003FC02F802E9
:10D20000F402F002EC02E802E402E002DC02D802DE
:10D21000D302CF02CB02C702C302BF02BB02B702D6
:10D22000B302AF02AB02A702A3029F029A029602C8
:10D2300092028E028A02860282027E027A027602BE
:10D2400072026D026902650261025D0259025502B5
:10D2500051024D024802440240023C0238023402AC
:10D2600030022C02270223021F021B0217021302A4
:10D270000F020A0206020202FE01FA01F601F101A2
:10D28000ED01E901E501E101DD01D801D401D001A1
:10D29000CC01C801C401BF01BB01B701B301AF019B
:10D2A000AB01A601A2019E019A01960191018D0197
:10D2B0008901850181017C017801740170016C0193
:10D2C000670163015F015B01560152014E014A0192
:10D2D000460141013D013901350130012C01280190
:10D2E00024011F011B01170113010E010A01060190
:10D2F0000201FD00F900F500F100EC00E800E40097
:10D30000E000DB00D700D300CE00CA00C600C20098
:10D31000BD00B900B500B000AC00A800A4009F009B
:10D320009B00970092008E008A00850081007D009E
:10D330007800740070006C00670063005F005A00A2
:10D34000560052004D004900450040003C003800A6
:10D3500033002F002B00260022001E0019001500AC
:10D3600010000C0008000300FFFFFBFFF6FFF2FFB8
:10D37000EEFFE9FFE5FFE0FFDCFFD8FFD3FFCFFFC3
:10D38000CBFFC6FFC2FFBDFFB9FFB5FFB0FFACFFCB
:10D39000A7FFA3FF9FFF9AFF96FF91FF8DFF89FFD5
:10D3A00084FF80FF7BFF77FF73FF6EFF6AFF65FFDF
:10D3B00061FF5DFF58FF54FF4FFF4BFF46FF42FFE9
:10D3C0003DFF39FF35FF30FF2CFF27FF23FF1EFFF6
:10D3D0001AFF16FF11FF0DFF08FF04FFF706F40602
:10D3E000F006ED06E906E506E206DE06DA06D706F1
:10D3F000D306D006CC06C806C506C106BD06BA06C9
:10D40000B606B206AF06AB06A806A406A0069D06A1
:10D410009906950692068E068A06870683067F067B
:10D420007C067806740671066D0669066606620655
:10D430005E065B065706530650064C064806450630
:10D4400041063D063906360632062E062B0627060D
:10D45000230620061C061806140611060D060906EA
:10D4600006060206FE05FA05F705F305EF05EC05CD
:10D47000E805E405E005DD05D905D505D105CE05AE
:10D48000CA05C605C205BF05BB05B705B305B0058E
:10D49000AC05A805A405A1059D059905950592056E
:10D4A0008E058A05860583057F057B05770573054F
:10D4B00070056C056805640561055D055905550530
:10D4C00051054E054A05460542053E053B05370513
:10D4D00033052F052B052805240520051C051805F7
:10D4E000140511050D05090505050105FD04FA04DE
:10D4F000F604F204EE04EA04E604E304DF04DB04C9
:10D50000D704D304CF04CC04C804C404C004BC04AE
:10D51000B804B404B104AD04A904A504A1049D0495
:10D520009904950492048E048A04860482047E047D
:10D530007A04760472046F046B04670463045F0466
:10D540005B04570453044F044B0448044404400450
:10D550003C043804340430042C042804240420043B
:10D560001C041904150411040D0409040504010424
:10D57000FD03F903F503F103ED03E903E503E1031B
:10D58000DD03D903D503D203CE03CA03C603C20306
:10D59000BE03BA03B603B203AE03AA03A603A203F3
:10D5A0009E039A03960392038E038A0386038203E3
:10D5B0007E037A03760372036E036A0366036203D3
:10D5C0005E035A03560352034E034A0346034203C3
:10D5D0003E033A03360332032E032A0326032203B3
:10D5E0001E031A03150311030D03090305030103A9
:10D5F000FD02F902F502F102ED02E902E502E102A3
:10D60000DD02D902D502D102CC02C802C402C00296
:10D61000BC02B802B402B002AC02A802A402A0028A
:10D620009B02970293028F028B02870283027F0282
:10D630007B02770272026E026A02660262025E0278
:10D640005A02560252024D024902450241023D026F
:10D650003902350231022C022802240220021C0267
:10D66000180214020F020B0207020302FF01FB0162
:10D67000F601F201EE01EA01E601E201DD01D90164
:10D68000D501D101CD01C901C401C001BC01B8015E
:10D69000B401AF01AB01A701A3019F019A0196015B
:10D6A00092018E018A01850181017D017901750157
:10D6B00070016C016801640160015B015701530155
:10D6C0004F014A01460142013E0139013501310154
:10D6D0002D012901240120011C01180113010F0152
:10D6E0000B0106010201FE00FA00F500F100ED0059
:10D6F000E900E400E000DC00D800D300CF00CB005C
:10D70000C600C200BE00BA00B500B100AD00A8005E
:10D71000A400A0009C00970093008F008A00860060
:10D7200082007D007900750070006C006800630065
:10D730005F005B00560052004E004900450041006A
:10D740003C00380034002F002B00270022001E0070
:10D750001A00150011000D00080004000000FBFF76
:10D76000F7FFF2FFEEFFEAFFE5FFE1FFDDFFD8FF85
:10D77000D4FFD0FFCBFFC7FFC2FFBEFFBAFFB5FF8C
:10D78000B1FFACFFA8FFA4FF9FFF9BFF96FF92FF96
:10D790008EFF89FF85FF80FF7CFF78FF73FF6FFF9F
:10D7A0006AFF66FF62FF5DFF59FF54FF50FF4BFFAA
:10D7B00047FF43FF3EFF3AFF35FF31FF2CFF28FFB5
:10D7C00023FF1FFF1BFF0D070A0706070207FF06BF
:10D7D000FB06F706F406F006ED06E906E506E206A6
:10D7E000DE06DA06D706D306D006CC06C806C5067E
:10D7F000C106BD06BA06B606B206AF06AB06A70658
:10D80000A406A0069C069906950691068E068A0631
:10D81000860683067F067B067806740670066D060C
:10D820006906650662065E065A06570653064F06E7
:10D830004B064806440640063D06390635063106C5
:10D840002E062A06260623061F061B0617061406A2
:10D8500010060C06090605060106FD05FA05F60583
:10D86000F205EE05EB05E705E305DF05DC05D80568
:10D87000D405D005CD05C905C505C105BE05BA0548
:10D88000B605B205AF05AB05A705A305A0059C0528
:10D890009805940590058D058905850581057E050A
:10D8A0007A05760572056E056B05670563055F05EC
:10D8B0005B055805540550054C05480545054105CF
:10D8C0003D053905350531052E052A0526052205B4
:10D8D0001E051B05170513050F050B050705040598
:10D8E0000005FC04F804F404F004EC04E904E50485
:10D8F000E104DD04D904D504D104CE04CA04C6046D
:10D90000C204BE04BA04B604B304AF04AB04A70453
:10D91000A3049F049B049704930490048C0488043C
:10D92000840480047C047804740470046D04690425
:10D93000650461045D045904550451044D0449040F
:10D94000450441043E043A04360432042E042A04F9
:10D95000260422041E041A04160412040E040A04E7
:10D9600006040304FF03FB03F703F303EF03EB03D6
:10D97000E703E303DF03DB03D703D303CF03CB03C7
:10D98000C703C303BF03BB03B703B303AF03AB03B7
:10D99000A703A3039F039B03970393038F038B03A7
:10D9A000870383037F037B03770373036F036B0397
:10D9B000670363035F035B03570353034F034B0387
:10D9C000470343033F033B03370333032F032B0377
:10D9D000270323031F031B03170313030F030A0368
:10D9E00006030203FE02FA02F602F202EE02EA0265
:10D9F000E602E202DE02DA02D602D202CE02C90258
:10DA0000C502C102BD02B902B502B102AD02A9024E
:10DA1000A502A1029C029802940290028C02880244
:10DA2000840280027C02770273026F026B0267023B
:10DA300063025F025B02570252024E024A02460232
:10DA400042023E023A02350231022D02290225022B
:10DA500021021D021802140210020C020802040224
:10DA60000002FB01F701F301EF01EB01E701E20125
:10DA7000DE01DA01D601D201CD01C901C501C10122
:10DA8000BD01B901B401B001AC01A801A4019F011D
:10DA90009B01970193018F018A01860182017E011A
:10DAA0007901750171016D016901640160015C0119
:10DAB000580153014F014B01470143013E013A0117
:10DAC000360132012D012901250121011C01180116
:10DAD000140110010B0107010301FF00FA00F60019
:10DAE000F200ED00E900E500E100DC00D800D40020
:10DAF000CF00CB00C700C300BE00BA00B600B10023
:10DB0000AD00A900A500A0009C00980093008F0024
:10DB10008B00860082007E007A00750071006D0027
:10DB20006800640060005B00570053004E004A002C
:10DB3000460041003D003900340030002C00270031
:10DB400023001F001A00160011000D000900040038
:10DB50000000FCFFF7FFF3FFEFFFEAFFE6FFE1FF46
:10DB6000DDFFD9FFD4FFD0FFCCFFC7FFC3FFBEFF4F
:10DB7000BAFFB6FFB1FFADFFA9FFA4FFA0FF9BFF57
:10DB800097FF93FF8EFF8AFF85FF81FF7CFF78FF61
:10DB900074FF6FFF6BFF66FF62FF5EFF59FF55FF6B
:10DBA00050FF4CFF47FF43FF3FFF3AFF36FF31FF77
:10DBB00023071F071C071807150711070D070A077A
:10DBC00006070207FF06FB06F706F406F006ED0659
:10DBD000E906E506E206DE06DA06D706D306CF0634
:10DBE000CC06C806C406C106BD06B906B606B2060E
:10DBF000AE06AB06A706A306A0069C0698069506E9
:10DC000091068D068A06860682067F067B067706C3
:10DC1000740670066C066806650661065D065A069F
:10DC2000560652064F064B064706430640063C067C
:10DC30003806340631062D062906260622061E065B
:10DC40001A06170613060F060B060806040600063A
:10DC5000FD05F905F505F105EE05EA05E605E20520
:10DC6000DE05DB05D705D305CF05CC05C805C40502
:10DC7000C005BD05B905B505B105AE05AA05A605E2
:10DC8000A2059E059B05970593058F058B058805C5
:10DC9000840580057C057805750571056D056905A8
:10DCA000650562055E055A05560552054F054B058B
:10DCB000470543053F053B053805340530052C0570
:10DCC0002805240521051D051905150511050D0556
:10DCD0000A0506050205FE04FA04F604F204EF0440
:10DCE000EB04E704E304DF04DB04D704D404D0042A
:10DCF000CC04C804C404C004BC04B804B404B10413
:10DD0000AD04A904A504A1049D04990495049104FB
:10DD10008E048A04860482047E047A0476047204E3
:10DD20006E046A04660463045F045B0457045304CE
:10DD30004F044B04470443043F043B0437043304BB
:10DD40002F042C042804240420041C0418041404A4
:10DD500010040C04080404040004FC03F803F40396
:10DD6000F003EC03E803E403E003DC03D803D4038B
:10DD7000D003CD03C903C503C103BD03B903B50374
:10DD8000B103AD03A903A503A1039D039903950363
:10DD900091038D038903850381037D037903750353
:10DDA00071036C036803640360035C03580354034A
:10DDB00050034C034803440340033C03380334033B
:10DDC00030032C032803240320031C03180314032B
:10DDD00010030C0307030303FF02FB02F702F30225
:10DDE000EF02EB02E702E302DF02DB02D702D3021B
:10DDF000CE02CA02C602C202BE02BA02B602B20213
:10DE0000AE02AA02A602A1029D0299029502910207
:10DE10008D028902850281027C02780274027002FE
:10DE20006C026802640260025B02570253024F02F6
:10DE30004B02470243023F023A02360232022E02EE
:10DE40002A02260221021D021902150211020D02E8
:10DE5000090204020002FC01F801F401F001EB01E7
:10DE6000E701E301DF01DB01D601D201CE01CA01E6
:10DE7000C601C201BD01B901B501B101AD01A801E1
:10DE8000A401A0019C01980193018F018B018701DE
:10DE900082017E017A01760172016D0169016501DD
:10DEA00061015C015801540150014C0147014301DB
:10DEB0003F013B01360132012E012A0125012101DA
:10DEC0001D011901140110010C0108010301FF00DB
:10DED000FB00F600F200EE00EA00E500E100DD00E4
:10DEE000D900D400D000CC00C700C300BF00BB00E5
:10DEF000B600B200AE00A900A500A1009C009800E9
:10DF000094008F008B00870083007E007A007600EB
:10DF100071006D006900640060005C0057005300F0
:10DF20004F004A00460042003D00390035003000F5
:10DF30002C00280023001F001B00160012000E00FA
:10DF4000090005000000FCFFF8FFF3FFEFFFEBFF07
:10DF5000E6FFE2FFDEFFD9FFD5FFD0FFCCFFC8FF11
:10DF6000C3FFBFFFBAFFB6FFB2FFADFFA9FFA5FF1A
:10DF7000A0FF9CFF97FF93FF8FFF8AFF86FF81FF23
:10DF80007DFF79FF74FF70FF6BFF67FF62FF5EFF2D
:10DF90005AFF55FF51FF4CFF48FF3907350732073D
:10DFA0002E072A07270723071F071C07180715072F
:10DFB00011070D070A0706070207FF06FB06F7060B
:10DFC000F406F006EC06E906E506E106DE06DA06EA
:10DFD000D606D306CF06CB06C806C406C006BD06C5
:10DFE000B906B506B206AE06AA06A706A3069F06A0
:10DFF0009C069806940691068D068906850682067B
:10E000007E067A06770673066F066C066806640657
:10E0100060065D065906550652064E064A06460635
:10E0200043063F063B063706340630062C06280614
:10E03000250621061D061A06160612060E060B06F2
:10E0400007060306FF05FC05F805F405F005EC05D9
:10E05000E905E505E105DD05DA05D605D205CE05BC
:10E06000CB05C705C305BF05BB05B805B405B0059D
:10E07000AC05A805A505A1059D0599059505920581
:10E080008E058A05860582057F057B057705730564
:10E090006F056C056805640560055C055805550548
:10E0A00051054D054905450541053E053A0536052D
:10E0B00032052E052A05270523051F051B05170513
:10E0C00013050F050C05080504050005FC04F804FC
:10E0D000F404F104ED04E904E504E104DD04D904E9
:10E0E000D504D204CE04CA04C604C204BE04BA04D1
:10E0F000B604B204AF04AB04A704A3049F049B04BA
:10E10000970493048F048B048804840480047C04A3
:10E110007804740470046C046804640460045C048F
:10E120005804550451044D044904450441043D0478
:10E130003904350431042D042904250421041D0467
:10E140001904150411040D040A0406040204FE0354
:10E15000FA03F603F203EE03EA03E603E203DE0347
:10E16000DA03D603D203CE03CA03C603C203BE0337
:10E17000BA03B603B203AE03AA03A603A2039E0327
:10E180009A03960392038E038A03860382037E0317
:10E190007A03760372036E036A03660362035E0307
:10E1A0005A03550351034D034903450341033D03FE
:10E1B0003903350331032D032903250321031D03EF
:10E1C0001903150311030D03080304030003FC02E4
:10E1D000F802F402F002EC02E802E402E002DC02DF
:10E1E000D802D302CF02CB02C702C302BF02BB02D6
:10E1F000B702B302AF02AB02A602A2029E029A02CB
:10E20000960292028E028A02850281027D027902C2
:10E21000750271026D026902640260025C025802BA
:10E22000540250024C02480243023F023B023702B2
:10E2300033022F022A02260222021E021A021602AC
:10E2400012020D02090205020102FD01F801F401AA
:10E25000F001EC01E801E401DF01DB01D701D301AA
:10E26000CF01CA01C601C201BE01BA01B501B101A7
:10E27000AD01A901A501A0019C01980194019001A3
:10E280008B01870183017F017B01760172016E01A1
:10E290006A01650161015D015901540150014C01A0
:10E2A000480143013F013B01370133012E012A019F
:10E2B000260121011D011901150110010C010801A0
:10E2C0000401FF00FB00F700F300EE00EA00E600A7
:10E2D000E100DD00D900D500D000CC00C800C300AB
:10E2E000BF00BB00B700B200AE00AA00A500A100AD
:10E2F0009D009800940090008C00870083007F00B0
:10E300007A00760072006D006900650060005C00B4
:10E31000580053004F004B00460042003E003900B9
:10E32000350031002C00280024001F001B001700BE
:10E3300012000E000A0005000100FCFFF8FFF4FFC8
:10E34000EFFFEBFFE7FFE2FFDEFFD9FFD5FFD1FFD5
:10E35000CCFFC8FFC4FFBFFFBBFFB6FFB2FFAEFFDD
:10E36000A9FFA5FFA0FF9CFF98FF93FF8FFF8BFFE6
:10E3700086FF82FF7DFF79FF74FF70FF6CFF67FFF0
:10E3800063FF5EFF4F074B074707440740073D0702
:10E390003907350732072E072A07270723071F07E4
:10E3A0001C071807150711070D070A0706070207BC
:10E3B000FF06FB06F706F406F006EC06E906E5069E
:10E3C000E106DE06DA06D606D306CF06CB06C7067A
:10E3D000C406C006BC06B906B506B106AE06AA0656
:10E3E000A606A3069F069B069706940690068C0633
:10E3F0008906850681067D067A06760672066F0610
:10E400006B066706630660065C06580654065106EE
:10E410004D064906460642063E063A0637063306CC
:10E420002F062B062806240620061C0619061506AC
:10E4300011060D060A0606060206FE05FA05F70590
:10E44000F305EF05EB05E805E405E005DC05D80577
:10E45000D505D105CD05C905C605C205BE05BA0558
:10E46000B605B305AF05AB05A705A305A0059C053B
:10E470009805940590058C058905850581057D0520
:10E480007905760572056E056A05660562055F0504
:10E490005B05570553054F054B05480544054005E9
:10E4A0003C053805340530052D05290525052105D0
:10E4B0001D051905150512050E050A0506050205B7
:10E4C000FE04FA04F604F304EF04EB04E704E304A7
:10E4D000DF04DB04D704D304D004CC04C804C40490
:10E4E000C004BC04B804B404B004AC04A904A5047A
:10E4F000A1049D049904950491048D048904850464
:10E5000081047D047A04760472046E046A0466044D
:10E5100062045E045A04560452044E044A0446043B
:10E5200042043E043B04370433042F042B04270425
:10E5300023041F041B04170413040F040B04070413
:10E540000304FF03FB03F703F303EF03EB03E7030A
:10E55000E303DF03DB03D703D303CF03CB03C703FB
:10E56000C303BF03BB03B703B303AF03AB03A703EB
:10E57000A3039F039B03970393038F038B038703DB
:10E5800083037F037B03770373036F036B036703CB
:10E5900063035F035B03570353034E034A034603BE
:10E5A00042033E033A03360332032E032A032603B3
:10E5B00022031E031A03160312030E0309030503A5
:10E5C0000103FD02F902F502F102ED02E902E502A2
:10E5D000E102DD02D802D402D002CC02C802C40299
:10E5E000C002BC02B802B402AF02AB02A702A3028F
:10E5F0009F029B02970293028E028A028602820287
:10E600007E027A02760272026D026902650261027E
:10E610005D025902550250024C0248024402400277
:10E620003C02380233022F022B02270223021F0270
:10E630001A02160212020E020A0206020102FD016D
:10E64000F901F501F101ED01E801E401E001DC016E
:10E65000D801D301CF01CB01C701C301BE01BA016B
:10E66000B601B201AE01A901A501A1019D01990167
:10E67000940190018C01880183017F017B01770166
:10E6800073016E016A01660162015D015901550164
:10E6900051014C014801440140013B013701330164
:10E6A0002F012A01260122011E0119011501110164
:10E6B0000D01080104010001FB00F700F300EF0069
:10E6C000EA00E600E200DE00D900D500D100CC006F
:10E6D000C800C400C000BB00B700B300AE00AA0071
:10E6E000A600A1009D009900950090008C00880074
:10E6F00083007F007B00760072006E006900650079
:10E7000061005C00580054004F004B00470042007D
:10E710003E003A00350031002D0028002400200082
:10E720001B00170013000E000A0005000100FDFF8A
:10E73000F8FFF4FFF0FFEBFFE7FFE3FFDEFFDAFF98
:10E74000D5FFD1FFCDFFC8FFC4FFC0FFBBFFB7FFA0
:10E75000B2FFAEFFAAFFA5FFA1FF9CFF98FF94FFA9
:10E760008FFF8BFF86FF82FF7EFF79FF75FF6507B6
:10E7700061075D075A07560752074F074B074807BF
:10E78000440740073D073907350732072E072A0798
:10E79000270723071F071C071807140711070D0772
:10E7A000090706070207FE06FB06F706F306F00652
:10E7B000EC06E806E506E106DD06DA06D606D20630
:10E7C000CE06CB06C706C306C006BC06B806B5060D
:10E7D000B106AD06A906A606A2069E069B069706EA
:10E7E00093068F068C068806840680067D067906C9
:10E7F000750672066E066A06660663065F065B06A7
:10E800005706540650064C064806450641063D0686
:10E810003906360632062E062A06270623061F0666
:10E820001B061806140610060C0608060506010647
:10E83000FD05F905F605F205EE05EA05E605E30531
:10E84000DF05DB05D705D305D005CC05C805C40514
:10E85000C005BD05B905B505B105AD05AA05A605F7
:10E86000A2059E059A05960593058F058B058705DC
:10E8700083057F057C057805740570056C056805C2
:10E88000650561055D055905550551054E054A05A6
:10E89000460542053E053A05360533052F052B058D
:10E8A000270523051F051B051705140510050C0575
:10E8B000080504050005FC04F804F404F104ED0463
:10E8C000E904E504E104DD04D904D504D104CE044F
:10E8D000CA04C604C204BE04BA04B604B204AE0438
:10E8E000AA04A604A2049F049B04970493048F0423
:10E8F0008B04870483047F047B04770473046F0410
:10E900006B046704640460045C04580454045004F9
:10E910004C044804440440043C04380434043004E7
:10E920002C042804240420041C04180414041004D7
:10E930000C04080404040004FC03F803F403F003CB
:10E94000EC03E803E403E003DC03D803D403D003BF
:10E95000CC03C803C403C003BC03B803B403B003AF
:10E96000AC03A803A403A0039C039803940390039F
:10E970008C038803840380037C037803740370038F
:10E980006C036803640360035C035803540350037F
:10E990004B03470343033F033B03370333032F0377
:10E9A0002B03270323031F031B03170313030E0368
:10E9B0000A0306030203FE02FA02F602F202EE0264
:10E9C000EA02E602E102DD02D902D502D102CD025D
:10E9D000C902C502C102BD02B802B402B002AC0253
:10E9E000A802A402A0029C02970293028F028B024B
:10E9F000870283027F027B02760272026E026A0243
:10EA0000660262025E025902550251024D0249023B
:10EA1000450241023C023802340230022C02280234
:10EA200023021F021B02170213020F020A02060230
:10EA30000202FE01FA01F501F101ED01E901E50132
:10EA4000E001DC01D801D401D001CB01C701C30131
:10EA5000BF01BB01B601B201AE01AA01A601A1012D
:10EA60009D019901950191018C018801840180012A
:10EA70007B01770173016F016A01660162015E012A
:10EA80005A01550151014D014901440140013C0128
:10EA9000380133012F012B01260122011E011A0129
:10EAA000150111010D01090104010001FC00F8002C
:10EAB000F300EF00EB00E600E200DE00DA00D50034
:10EAC000D100CD00C800C400C000BC00B700B30036
:10EAD000AF00AA00A600A2009D009900950090003A
:10EAE0008C00880084007F007B00770072006E003D
:10EAF0006A00650061005D005800540050004B0042
:10EB0000470043003E003A00360031002D00290046
:10EB1000240020001B00170013000E000A0006004E
:10EB20000100FDFFF9FFF4FFF0FFECFFE7FFE3FF5B
:10EB3000DEFFDAFFD6FFD1FFCDFFC9FFC4FFC0FF64
:10EB4000BBFFB7FFB3FFAEFFAAFFA5FFA1FF9DFF6D
:10EB500098FF94FF90FF8BFF7B0777077307700781
:10EB60006C076807650761075D075A075607520774
:10EB70004F074B074707440740073D07390735074D
:10EB800032072E072A07270723071F071B07180727
:10EB9000140710070D07090705070207FE06FA0606
:10EBA000F706F306EF06EC06E806E406E006DD06E7
:10EBB000D906D506D206CE06CA06C706C306BF06C4
:10EBC000BB06B806B406B006AD06A906A506A106A2
:10EBD0009E069A06960692068F068B068706830681
:10EBE00080067C067806750671066D06690666065F
:10EBF00062065E065A06570653064F064B06470640
:10EC0000440640063C063806350631062D06290620
:10EC1000260622061E061A06160613060F060B0601
:10EC2000070603060006FC05F805F405F105ED05E9
:10EC3000E905E505E105DD05DA05D605D205CE05D0
:10EC4000CA05C705C305BF05BB05B705B405B005B3
:10EC5000AC05A805A405A0059D0599059505910598
:10EC60008D058905860582057E057A05760572057E
:10EC70006E056B05670563055F055B055705530565
:10EC800050054C054805440540053C05380535054B
:10EC900031052D052905250521051D051905160533
:10ECA00012050E050A0506050205FE04FA04F6041F
:10ECB000F204EF04EB04E704E304DF04DB04D7040D
:10ECC000D304CF04CB04C704C404C004BC04B804F8
:10ECD000B404B004AC04A804A404A0049C049804E4
:10ECE000940491048D048904850481047D047904CD
:10ECF000750471046D046904650461045D045904BC
:10ED0000550451044D044904450441043D043904AB
:10ED1000360432042E042A04260422041E041A0493
:10ED2000160412040E040A0406040204FE03FA0385
:10ED3000F603F203EE03EA03E603E203DE03DA037B
:10ED4000D603D203CE03CA03C603C203BE03BA036B
:10ED5000B603B203AE03A903A503A1039D03990360
:10ED6000950391038D038903850381037D03790353
:10ED7000750371036D036903650361035D03590343
:10ED8000550350034C034803440340033C0338033A
:10ED9000340330032C032803240320031C0317032C
:10EDA00013030F030B0307030303FF02FB02F70226
:10EDB000F302EF02EA02E602E202DE02DA02D60221
:10EDC000D202CE02CA02C602C102BD02B902B50217
:10EDD000B102AD02A902A502A0029C02980294020F
:10EDE00090028C02880283027F027B027702730208
:10EDF0006F026B02660262025E025A025602520201
:10EE00004E024902450241023D02390235023002FA
:10EE10002C022802240220021C02170213020F02F5
:10EE20000B0207020202FE01FA01F601F201EE01F5
:10EE3000E901E501E101DD01D901D401D001CC01F5
:10EE4000C801C401BF01BB01B701B301AE01AA01F2
:10EE5000A601A2019E019901950191018D018801F0
:10EE6000840180017C01780173016F016B016701EE
:10EE700062015E015A01560151014D0149014501EE
:10EE800040013C01380134012F012B0127012301EE
:10EE90001E011A01160111010D01090105010001F0
:10EEA000FC00F800F400EF00EB00E700E200DE00F9
:10EEB000DA00D600D100CD00C900C400C000BC00FB
:10EEC000B700B300AF00AB00A600A2009E009900FF
:10EED000950091008C00880084007F007B00770003
:10EEE00072006E006A00660061005D005900540007
:10EEF00050004C00470043003E003A00360031000D
:10EF00002D002900240020001C00170013000F0012
:10EF10000A0006000200FDFFF9FFF4FFF0FFECFF1E
:10EF2000E7FFE3FFDFFFDAFFD6FFD2FFCDFFC9FF28
:10EF3000C4FFC0FFBCFFB7FFB3FFAEFFAAFFA6FF31
:10EF4000A1FF91078D078907860782077E077B0748
:10EF50007707730770076C076807650761075D0728
:10EF60005A07560752074F074B0747074407400702
:10EF70003C073907350731072E072A0726072307DD
:10EF80001F071B071807140710070C0709070507B9
:10EF90000107FE06FA06F606F306EF06EB06E7069D
:10EFA000E406E006DC06D906D506D106CD06CA067B
:10EFB000C606C206BF06BB06B706B306B006AC0659
:10EFC000A806A406A1069D069906950692068E0639
:10EFD0008A06860683067F067B0677067406700619
:10EFE0006C066806650661065D06590656065206F9
:10EFF0004E064A06460643063F063B0637063406DB
:10F0000030062C062806240621061D0619061506BC
:10F0100011060E060A0606060206FE05FB05F705A2
:10F02000F305EF05EB05E805E405E005DC05D8058B
:10F03000D405D105CD05C905C505C105BE05BA056F
:10F04000B605B205AE05AA05A705A3059F059B0554
:10F05000970593058F058C058805840580057C053B
:10F060007805740571056D056905650561055D0522
:10F070005905560552054E054A05460542053E0509
:10F080003A05370533052F052B05270523051F05F1
:10F090001B051705140510050C05080504050005DA
:10F0A000FC04F804F404F004EC04E904E504E104CD
:10F0B000DD04D904D504D104CD04C904C504C104B8
:10F0C000BD04B904B604B204AE04AA04A604A204A2
:10F0D0009E049A04960492048E048A048604820490
:10F0E0007E047A04760472046F046B04670463047C
:10F0F0005F045B04570453044F044B044704430468
:10F100003F043B04370433042F042B042704230457
:10F110001F041B04170413040F040B040704030447
:10F12000FF03FB03F703F303EF03EB03E703E3033F
:10F13000DF03DB03D703D303CF03CB03C703C3032F
:10F14000BF03BB03B703B303AF03AB03A703A3031F
:10F150009E039A03960392038E038A038603820317
:10F160007E037A03760372036E036A036603620307
:10F170005E035A03560351034D03490345034103FC
:10F180003D033903350331032D03290325032103EF
:10F190001C031803140310030C03080304030003E7
:10F1A000FC02F802F302EF02EB02E702E302DF02E5
:10F1B000DB02D702D302CE02CA02C602C202BE02DC
:10F1C000BA02B602B202AD02A902A502A1029D02D4
:10F1D0009902950291028C028802840280027C02CC
:10F1E000780274026F026B02670263025F025B02C5
:10F1F000560252024E024A02460242023D023902C1
:10F20000350231022D022902240220021C021802BA
:10F21000140210020B0207020302FF01FB01F601B8
:10F22000F201EE01EA01E601E101DD01D901D501BA
:10F23000D101CC01C801C401C001BC01B701B301B7
:10F24000AF01AB01A601A2019E019A0196019101B5
:10F250008D018901850180017C01780174016F01B4
:10F260006B01670163015E015A01560152014D01B4
:10F270004901450141013C013801340130012B01B4
:10F28000270123011F011A01160112010D010901B5
:10F2900005010101FC00F800F400F000EB00E700BC
:10F2A000E300DE00DA00D600D100CD00C900C500C1
:10F2B000C000BC00B800B300AF00AB00A600A200C5
:10F2C0009E009A00950091008D00880084008000C7
:10F2D0007B00770073006E006A00660061005D00CD
:10F2E0005900540050004C00470043003F003A00D2
:10F2F000360032002D002900250020001C001800D7
:10F3000013000F000A0006000200FDFFF9FFF5FFE1
:10F31000F0FFECFFE8FFE3FFDFFFDAFFD6FFD2FFED
:10F32000CDFFC9FFC5FFC0FFBCFFB7FFA707A307FD
:10F330009F079C079807940791078D078907860701
:10F3400082077E077B077707730770076C076807DC
:10F35000650761075D075A07560752074F074B07B6
:10F360004707440740073C073807350731072D0793
:10F370002A07260722071F071B071707130710076F
:10F380000C07080705070107FD06FA06F606F20650
:10F39000EE06EB06E706E306DF06DC06D806D40633
:10F3A000D106CD06C906C506C206BE06BA06B60611
:10F3B000B306AF06AB06A706A406A0069C069806F1
:10F3C000950691068D068906860682067E067A06D1
:10F3D000770673066F066B066706640660065C06B2
:10F3E0005806550651064D064906450642063E0694
:10F3F0003A06360632062F062B06270623061F0678
:10F400001C061806140610060C0609060506010659
:10F41000FD05F905F505F205EE05EA05E605E20547
:10F42000DF05DB05D705D305CF05CB05C805C4052A
:10F43000C005BC05B805B405B005AD05A905A50511
:10F44000A1059D059905960592058E058A058605F7
:10F4500082057E057A05770573056F056B056705DF
:10F4600063055F055B055805540550054C054805C7
:10F47000440540053C053905350531052D052905AF
:10F48000250521051D051905150512050E050A0599
:10F4900006050205FE04FA04F604F204EE04EA048A
:10F4A000E604E204DF04DB04D704D304CF04CB0476
:10F4B000C704C304BF04BB04B704B304AF04AB0464
:10F4C000A704A304A0049C049804940490048C044E
:10F4D0008804840480047C047804740470046C043C
:10F4E0006804640460045C045804540450044C042C
:10F4F0004804440440043C043804340430042C041C
:10F500002804240420041C041804140410040C040B
:10F51000080404040004FC03F803F403F003EC0300
:10F52000E803E403E003DC03D803D403D003CC03F3
:10F53000C803C403C003BC03B803B403B003AC03E3
:10F54000A803A403A0039B03970393038F038B03D8
:10F55000870383037F037B03770373036F036B03CB
:10F56000670363035F035B03560352034E034A03BF
:10F57000460342033E033A03360332032E032A03B3
:10F58000250321031D031903150311030D030903AB
:10F5900005030103FC02F802F402F002EC02E802A7
:10F5A000E402E002DC02D702D302CF02CB02C702A0
:10F5B000C302BF02BB02B602B202AE02AA02A60298
:10F5C000A2029E029902950291028D028902850291
:10F5D00081027C027802740270026C02680263028B
:10F5E0005F025B02570253024F024B024602420285
:10F5F0003E023A02360231022D0229022502210280
:10F600001D021802140210020C0208020302FF017C
:10F61000FB01F701F301EE01EA01E601E201DE017F
:10F62000D901D501D101CD01C901C401C001BC017D
:10F63000B801B301AF01AB01A701A3019E019A017B
:10F64000960192018D018901850181017C0178017A
:10F65000740170016B01670163015F015A0156017A
:10F6600052014E014901450141013D01380134017A
:10F6700030012C01270123011F011B01160112017A
:10F680000E01090105010101FD00F800F400F00080
:10F69000EB00E700E300DF00DA00D600D200CD0087
:10F6A000C900C500C100BC00B800B400AF00AB0089
:10F6B000A700A2009E009A00950091008D0088008E
:10F6C000840080007C00770073006F006A00660091
:10F6D00062005D005900550050004C004800430096
:10F6E0003F003B00360032002D002900250020009D
:10F6F0001C00180013000F000B0006000200FEFFA4
:10F70000F9FFF5FFF0FFECFFE8FFE3FFDFFFDBFFB2
:10F71000D6FFD2FFCEFFBD07B907B507B207AE07C8
:10F72000AA07A707A3079F079C07980794079107B5
:10F730008D078907860782077E077B077707730790
:10F7400070076C076807650761075D07590756076B
:10F7500052074E074B074707430740073C07380748
:10F76000340731072D072907260722071E071B0725
:10F77000170713070F070C07080704070007FD0604
:10F78000F906F506F206EE06EA06E606E306DF06E9
:10F79000DB06D706D406D006CC06C806C506C106C9
:10F7A000BD06B906B606B206AE06AA06A706A306A9
:10F7B0009F069B069806940690068C06880685068A
:10F7C00081067D067906760672066E066A0666066C
:10F7D00063065F065B065706530650064C0648064E
:10F7E000440640063D063906350631062D062A0632
:10F7F000260622061E061A06170613060F060B0615
:10F80000070603060006FC05F805F405F005EC05FF
:10F81000E905E505E105DD05D905D505D205CE05E6
:10F82000CA05C605C205BE05BA05B705B305AF05CD
:10F83000AB05A705A3059F059C05980594059005B4
:10F840008C058805840580057D057905750571059C
:10F850006D056905650561055E055A055605520584
:10F860004E054A05460542053E053A05370533056E
:10F870002F052B05270523051F051B051705130558
:10F880000F050C05080504050005FC04F804F40444
:10F89000F004EC04E804E404E004DC04D804D40438
:10F8A000D104CD04C904C504C104BD04B904B50420
:10F8B000B104AD04A904A504A1049D049904950410
:10F8C00091048D048904850481047D047904750400
:10F8D00071046D046904660462045E045A045604EB
:10F8E00052044E044A04460442043E043A043604D8
:10F8F00032042E042A04260422041E041A041604C8
:10F9000012040E040A0405040104FD03F903F503BF
:10F91000F103ED03E903E503E103DD03D903D503B7
:10F92000D103CD03C903C503C103BD03B903B503A7
:10F93000B103AD03A903A503A1039D039803940399
:10F9400090038C038803840380037C03780374038F
:10F9500070036C036803640360035B035703530382
:10F960004F034B03470343033F033B033703330377
:10F970002E032A03260322031E031A03160312036F
:10F980000E030A0305030103FD02F902F502F10269
:10F99000ED02E902E502E002DC02D802D402D00264
:10F9A000CC02C802C302BF02BB02B702B302AF025D
:10F9B000AB02A702A2029E029A02960292028E0255
:10F9C0008902850281027D027902750271026C0250
:10F9D0006802640260025C02580253024F024B024A
:10F9E000470243023E023A02360232022E022A0245
:10F9F000250221021D021902150210020C02080242
:10FA000004020002FB01F701F301EF01EB01E60143
:10FA1000E201DE01DA01D601D101CD01C901C50142
:10FA2000C001BC01B801B401B001AB01A701A30141
:10FA30009F019A01960192018E0189018501810140
:10FA40007D017801740170016C01680163015F013F
:10FA50005B01560152014E014A01450141013D0140
:10FA60003901340130012C01280123011F011B0140
:10FA7000160112010E010A0105010101FD00F90044
:10FA8000F400F000EC00E700E300DF00DA00D6004D
:10FA9000D200CE00C900C500C100BC00B800B4004F
:10FAA000AF00AB00A700A3009E009A009600910053
:10FAB0008D008900840080007C00770073006F0057
:10FAC0006A00660062005D005900550050004C005D
:10FAD000480043003F003B00360032002E00290062
:10FAE000250021001C00180014000F000B00060068
:10FAF0000200FEFFF9FFF5FFF1FFECFFE8FFE4FF76
:10FB0000D307CF07CB07C807C407C007BD07B9078E
:10FB1000B507B207AE07AA07A707A3079F079C0769
:10FB20009807940791078D078907860782077E0744
:10FB30007B07770773076F076C0768076407610720
:10FB40005D075907560752074E074A0747074307FD
:10FB50003F073C073807340730072D0729072507DB
:10FB600022071E071A07160713070F070B070707B9
:10FB700004070007FC06F806F506F106ED06E9069F
:10FB8000E606E206DE06DA06D706D306CF06CB0681
:10FB9000C806C406C006BC06B906B506B106AD0661
:10FBA000AA06A606A2069E069A06970693068F0642
:10FBB0008B068706840680067C0678067506710625
:10FBC0006D066906650662065E065A065606520608
:10FBD0004F064B06470643063F063B0638063406EB
:10FBE00030062C062806250621061D0619061506D0
:10FBF00011060E060A0606060206FE05FA05F705B8
:10FC0000F305EF05EB05E705E305DF05DC05D805A2
:10FC1000D405D005CC05C805C405C105BD05B90589
:10FC2000B505B105AD05A905A505A2059E059A0571
:10FC3000960592058E058A05860583057F057B0559
:10FC4000770573056F056B056705630560055C0542
:10FC50005805540550054C054805440540053C052C
:10FC60003805350531052D052905250521051D0515
:10FC70001905150511050D05090505050105FE0404
:10FC8000FA04F604F204EE04EA04E604E204DE04F4
:10FC9000DA04D604D204CE04CA04C604C204BE04E4
:10FCA000BA04B604B304AF04AB04A704A3049F04CE
:10FCB0009B04970493048F048B04870483047F04BC
:10FCC0007B04770473046F046B04670463045F04AC
:10FCD0005B04570453044F044B04470443043F049C
:10FCE0003B04370433042F042B04270423041F048C
:10FCF0001B04170413040F040B0407040304FF037D
:10FD0000FB03F703F303EF03EA03E603E203DE0377
:10FD1000DA03D603D203CE03CA03C603C203BE036B
:10FD2000BA03B603B203AE03AA03A603A2039E035B
:10FD30009903950391038D038903850381037D0353
:10FD40007903750371036D036903640360035C0346
:10FD50005803540350034C034803440340033C033B
:10FD6000370333032F032B03270323031F031B0333
:10FD7000170313030E030A0306030203FE02FA022B
:10FD8000F602F202ED02E902E502E102DD02D90229
:10FD9000D502D102CC02C802C402C002BC02B80221
:10FDA000B402AF02AB02A702A3029F029B0297021A
:10FDB00092028E028A02860282027E027902750215
:10FDC00071026D026902650260025C02580254020F
:10FDD00050024B02470243023F023B02370232020B
:10FDE0002E022A02260222021D0219021502110207
:10FDF0000D02080204020002FC01F801F301EF0108
:10FE0000EB01E701E301DE01DA01D601D201CD0108
:10FE1000C901C501C101BD01B801B401B001AC0106
:10FE2000A701A3019F019B01960192018E018A0106
:10FE3000860181017D017901750170016C01680104
:10FE400064015F015B01570152014E014A01460105
:10FE500041013D013901350130012C012801240106
:10FE60001F011B01170112010E010A010601010108
:10FE7000FD00F900F400F000EC00E800E300DF0012
:10FE8000DB00D600D200CE00C900C500C100BD0015
:10FE9000B800B400B000AB00A700A3009E009A0019
:10FEA000960091008D008900840080007C0077001E
:10FEB00073006F006B00660062005E005900550021
:10FEC00051004C00480043003F003B003600320028
:10FED0002E002900250021001C00180014000F002E
:10FEE0000B0007000200FEFFF9FFE907E507E20744
:10FEF000DE07DA07D707D307CF07CC07C807C40741
:10FF0000C107BD07B907B607B207AE07AB07A7071A
:10FF1000A3079F079C079807940791078D078907F8
:10FF2000860782077E077A07770773076F076C07D4
:10FF30006807640760075D075907550752074E07B2
:10FF40004A07460743073F073B0738073407300790
:10FF50002C072907250721071D071A07160712076F
:10FF60000E070B0707070307FF06FC06F806F40653
:10FF7000F006ED06E906E506E106DE06DA06D60637
:10FF8000D206CE06CB06C706C306BF06BC06B80619
:10FF9000B406B006AC06A906A506A1069D069906FC
:10FFA000960692068E068A06860683067F067B06DE
:10FFB0007706730670066C066806640660065D06C2
:10FFC0005906550651064D064A06460642063E06A5
:10FFD0003A06360633062F062B06270623061F068B
:10FFE0001C061806140610060C0608060406010670
:10FFF000FD05F905F505F105ED05E905E605E2055F
:020000041009E1
:10000000DE05DA05D605D205CE05CB05C705C30545
:10001000BF05BB05B705B305AF05AC05A805A4052D
:10002000A0059C059805940590058C058905850516
:1000300081057D057905750571056D056905650500
:1000400061055E055A05560552054E054A054605E9
:1000500042053E053A05360532052F052B052705D5
:1000600023051F051B05170513050F050B050705C0
:100070000305FF04FB04F704F304F004EC04E804B4
:10008000E404E004DC04D804D404D004CC04C804A0
:10009000C404C004BC04B804B404B004AC04A80490
:1000A000A404A0049C049804940490048C04880480
:1000B000840480047C047804740470046C04680470
:1000C000640460045C045804540450044C04480460
:1000D000440440043C043804340430042C04280450
:1000E000240420041C041804140410040C04080440
:1000F00004040004FC03F803F403F003EC03E80336
:10010000E403DF03DB03D703D303CF03CB03C7032E
:10011000C303BF03BB03B703B303AF03AB03A7031F
:10012000A3039F039A03960392038E038A03860315
:1001300082037E037A03760372036E036903650309
:1001400061035D035903550351034D0349034503FF
:1001500041033C033803340330032C0328032403F6
:1001600020031C03170313030F030B0307030303ED
:10017000FF02FB02F602F202EE02EA02E602E202ED
:10018000DE02D902D502D102CD02C902C502C102E6
:10019000BC02B802B402B002AC02A802A4029F02E0
:1001A0009B02970293028F028B02860282027E02DA
:1001B0007A02760272026D026902650261025D02D4
:1001C0005902540250024C02480244023F023B02D0
:1001D000370233022F022A02260222021E021A02CC
:1001E000150211020D02090205020002FC01F801CC
:1001F000F401F001EB01E701E301DF01DA01D601CF
:10020000D201CE01CA01C501C101BD01B901B401CC
:10021000B001AC01A801A3019F019B0197019301CB
:100220008E018A01860182017D01790175017101CA
:100230006C016801640160015B01570153014E01CB
:100240004A01460142013D013901350131012C01CC
:10025000280124011F011B01170113010E010A01CE
:1002600006010101FD00F900F500F000EC00E800D6
:10027000E300DF00DB00D700D200CE00CA00C500DB
:10028000C100BD00B800B400B000AB00A700A300DF
:100290009F009A00960092008D00890085008000E2
:1002A0007C00780073006F006B00660062005E00E7
:1002B0005900550051004C00480044003F003B00ED
:1002C000370032002E002A00250021001C001800F3
:1002D00014000F00FF07FC07F807F407F107ED070C
:1002E000E907E607E207DE07DB07D707D307CF07F3
:1002F000CC07C807C407C107BD07B907B607B207CF
:10030000AE07AB07A707A3079F079C0798079407AB
:1003100091078D078907850782077E077A07770788
:1003200073076F076B076807640760075C07590767
:10033000550751074E074A07460742073F073B0745
:100340003707330730072C072807240721071D0725
:100350001907150712070E070A0706070307FF0606
:10036000FB06F706F306F006EC06E806E406E106EF
:10037000DD06D906D506D106CE06CA06C606C206D1
:10038000BE06BB06B706B306AF06AC06A806A406B3
:10039000A0069C069906950691068D068906850697
:1003A00082067E067A06760672066F066B0667067A
:1003B00063065F065B065806540650064C06480660
:1003C000440641063D063906350631062D062A0645
:1003D000260622061E061A06160612060F060B062B
:1003E00007060306FF05FB05F705F405F005EC0518
:1003F000E805E405E005DC05D805D505D105CD0502
:10040000C905C505C105BD05B905B505B205AE05EA
:10041000AA05A605A2059E059A05960592058F05D3
:100420008B05870583057F057B05770573056F05BC
:100430006B056705630560055C05580554055005A7
:100440004C054805440540053C0538053405300594
:100450002C052905250521051D051905150511057D
:100460000D05090505050105FD04F904F504F10470
:10047000ED04E904E504E104DD04D904D504D10464
:10048000CD04CA04C604C204BE04BA04B604B2044D
:10049000AE04AA04A604A2049E049A04960492043C
:1004A0008E048A04860482047E047A04760472042C
:1004B0006E046A04660462045E045A04560452041C
:1004C0004E044A04460442043E043904350431040F
:1004D0002D042904250421041D0419041504110404
:1004E0000D04090405040104FD03F903F503F103F8
:1004F000ED03E903E503E103DD03D803D403D003EF
:10050000CC03C803C403C003BC03B803B403B003E3
:10051000AC03A803A4039F039B03970393038F03D8
:100520008B03870383037F037B03770373036E03CC
:100530006A03660362035E035A03560352034E03C3
:100540004A03450341033D033903350331032D03BA
:100550002903250320031C031803140310030C03B1
:1005600008030403FF02FB02F702F302EF02EB02AF
:10057000E702E202DE02DA02D602D202CE02CA02AA
:10058000C502C102BD02B902B502B102AC02A802A5
:10059000A402A0029C02980293028F028B0287029F
:1005A00083027F027A02760272026E026A02660299
:1005B00061025D025902550251024C024802440296
:1005C00040023C02370233022F022B022702220292
:1005D0001E021A02160212020D020902050201028F
:1005E000FD01F801F401F001EC01E801E301DF0194
:1005F000DB01D701D201CE01CA01C601C101BD0193
:10060000B901B501B101AC01A801A401A0019B0190
:10061000970193018F018A01860182017E01790190
:10062000750171016D016801640160015B01570191
:1006300053014F014A01460142013E013901350192
:1006400031012D012801240120011B011701130193
:100650000F010A0106010201FD00F900F500F0009A
:10066000EC00E800E400DF00DB00D700D200CE00A1
:10067000CA00C500C100BD00B900B400B000AC00A4
:10068000A700A3009F009A00960092008D008900A9
:10069000850080007C00780073006F006B006600AE
:1006A00062005E005900550051004C0048004400B3
:1006B0003F003B00370032002E002A0025001608BC
:1006C00012080E080B08070803080008FC07F807C3
:1006D000F507F107ED07E907E607E207DE07DB07A5
:1006E000D707D307D007CC07C807C407C107BD0782
:1006F000B907B607B207AE07AB07A707A3079F075F
:100700009C079807940790078D078907850782073C
:100710007E077A07760773076F076B07670764071B
:1007200060075C075807550751074D0749074607FB
:1007300042073E073A07370733072F072B072807DB
:10074000240720071C071907150711070D070907BC
:1007500006070207FE06FA06F706F306EF06EB06A3
:10076000E706E406E006DC06D806D406D106CD0688
:10077000C906C506C106BE06BA06B606B206AE066C
:10078000AB06A706A3069F069B069806940690064E
:100790008C068806840681067D0679067506710634
:1007A0006D066A06660662065E065A065606530619
:1007B0004F064B06470643063F063B0638063406FF
:1007C00030062C062806240620061D0619061506E6
:1007D00011060D06090605060206FE05FA05F605D0
:1007E000F205EE05EA05E605E205DF05DB05D705BE
:1007F000D305CF05CB05C705C305BF05BC05B805A7
:10080000B405B005AC05A805A405A0059C05980590
:10081000940591058D058905850581057D05790579
:10082000750571056D056905650562055E055A0565
:10083000560552054E054A05460542053E053A0550
:10084000360532052E052A05260522051E051B053F
:10085000170513050F050B0507050305FF04FB042A
:10086000F704F304EF04EB04E704E304DF04DB0420
:10087000D704D304CF04CB04C704C304BF04BB0410
:10088000B704B304AF04AB04A704A3049F049B0400
:10089000970493048F048B04870483047F047B04F0
:1008A000770473046F046B04670463045F045B04E0
:1008B000570453044F044B04470443043F043B04D0
:1008C000370433042F042B04270423041E041A04C2
:1008D000160412040E040A0406040204FE03FA03BA
:1008E000F603F203EE03EA03E603E203DE03DA03B0
:1008F000D503D103CD03C903C503C103BD03B903A8
:10090000B503B103AD03A903A503A0039C0398039A
:10091000940390038C038803840380037C0378038F
:1009200073036F036B03670363035F035B03570387
:1009300053034E034A03460342033E033A0336037E
:1009400032032E032903250321031D031903150375
:1009500011030C03080304030003FC02F802F40271
:10096000F002EB02E702E302DF02DB02D702D2026F
:10097000CE02CA02C602C202BE02BA02B502B10269
:10098000AD02A902A502A1029C0298029402900263
:100990008C02880283027F027B02770273026E025E
:1009A0006A02660262025E025902550251024D025B
:1009B0004902450240023C023802340230022B0256
:1009C000270223021F021A02160212020E020A0254
:1009D00005020102FD01F901F501F001EC01E80158
:1009E000E401DF01DB01D701D301CE01CA01C60159
:1009F000C201BE01B901B501B101AD01A801A40157
:100A0000A0019C01970193018F018B018601820156
:100A10007E017A01750171016D0169016401600156
:100A20005C01570153014F014B01460142013E0158
:100A30003A01350131012D012801240120011C0159
:100A4000170113010F010A0106010201FE00F9005E
:100A5000F500F100EC00E800E400DF00DB00D70067
:100A6000D300CE00CA00C600C100BD00B900B4006A
:100A7000B000AC00A700A3009F009A00960092006F
:100A80008E008900850081007C00780074006F0072
:100A90006B00670062005E005A00550051004D0077
:100AA000480044003F003B002C0828082508210886
:100AB0001D081A08160812080F080B080708040872
:100AC0000008FC07F807F507F107ED07EA07E60756
:100AD000E207DF07DB07D707D307D007CC07C80734
:100AE000C507C107BD07B907B607B207AE07AA0712
:100AF000A707A3079F079C079807940790078D07F0
:100B00008907850781077E077A07760772076F07CF
:100B10006B076707630760075C07580754075107AF
:100B20004D074907450741073E073A073607320791
:100B30002F072B072707230720071C071807140771
:100B400010070D07090705070107FD06FA06F60657
:100B5000F206EE06EA06E706E306DF06DB06D70640
:100B6000D406D006CC06C806C406C106BD06B90622
:100B7000B506B106AD06AA06A606A2069E069A0608
:100B8000960693068F068B06870683067F067C06ED
:100B90007806740670066C066806650661065D06D2
:100BA0005906550651064D064A06460642063E06B9
:100BB0003A06360632062F062B06270623061F06A0
:100BC0001B061706130610060C0608060406000688
:100BD000FC05F805F405F005ED05E905E505E10579
:100BE000DD05D905D505D105CD05C905C605C20563
:100BF000BE05BA05B605B205AE05AA05A605A2054D
:100C00009E059A05970593058F058B058705830536
:100C10007F057B05770573056F056B056705630524
:100C200060055C055805540550054C05480544050C
:100C300040053C053805340530052C0528052405FC
:100C400020051C051805140510050C0508050405EC
:100C50000005FD04F904F504F104ED04E904E504DC
:100C6000E104DD04D904D504D104CD04C904C504CC
:100C7000C104BD04B904B504B104AD04A904A504BC
:100C8000A1049D049904950491048D0489048504AC
:100C900081047D047904740470046C0468046404A1
:100CA00060045C045804540450044C044804440494
:100CB00040043C043804340430042C042804240484
:100CC00020041C04180414040F040B040704030478
:100CD000FF03FB03F703F303EF03EB03E703E30374
:100CE000DF03DB03D703D203CE03CA03C603C20369
:100CF000BE03BA03B603B203AE03AA03A603A1035D
:100D00009D039903950391038D0389038503810353
:100D10007D037803740370036C036803640360034A
:100D20005C03580353034F034B03470343033F0341
:100D30003B03370332032E032A03260322031E0339
:100D40001A03160311030D03090305030103FD0232
:100D5000F902F402F002EC02E802E402E002DB0233
:100D6000D702D302CF02CB02C702C202BE02BA022E
:100D7000B602B202AE02A902A502A1029D02990228
:100D8000950290028C028802840280027B02770224
:100D900073026F026B02670262025E025A0256021F
:100DA00052024D024902450241023D02380234021C
:100DB00030022C02280223021F021B021702120219
:100DC0000E020A0206020202FD01F901F501F1011B
:100DD000EC01E801E401E001DC01D701D301CF011E
:100DE000CB01C601C201BE01BA01B501B101AD011D
:100DF000A901A401A0019C01980193018F018B011D
:100E0000870182017E017A01760171016D0169011C
:100E1000650160015C01580153014F014B0147011D
:100E200042013E013A01350131012D012901240120
:100E300020011C01170113010F010B010601020122
:100E4000FE00F900F500F100ED00E800E400E0002C
:100E5000DB00D700D300CE00CA00C600C100BD0031
:100E6000B900B500B000AC00A800A3009F009B0033
:100E7000960092008E008900850081007C00780039
:100E800074006F006B00670062005E005A0055003E
:100E9000510043083F083B083808340830082D0843
:100EA0002908250821081E081A08160813080F0823
:100EB0000B08080804080008FC07F907F507F10704
:100EC000EE07EA07E607E207DF07DB07D707D307E6
:100ED000D007CC07C807C507C107BD07B907B607C4
:100EE000B207AE07AA07A707A3079F079B079807A4
:100EF000940790078C078907850781077D077A0784
:100F0000760772076E076B07670763075F075B0764
:100F10005807540750074C074907450741073D0745
:100F20003907360732072E072A07270723071F0727
:100F30001B071707140710070C070807040701070A
:100F4000FD06F906F506F106EE06EA06E606E206F5
:100F5000DE06DA06D706D306CF06CB06C706C306DB
:100F6000C006BC06B806B406B006AC06A906A506BF
:100F7000A1069D069906950692068E068A068606A5
:100F800082067E067B06770673066F066B0667068B
:100F900063065F065C065806540650064C06480673
:100FA000440641063D063906350631062D0629065A
:100FB000250621061E061A06160612060E060A0643
:100FC00006060206FE05FB05F705F305EF05EB0532
:100FD000E705E305DF05DB05D705D405D005CC051E
:100FE000C805C405C005BC05B805B405B005AC0509
:100FF000A805A405A1059D059905950591058D05F3
:101000008905850581057D057905750571056D05E0
:101010006905650561055D055A05560552054E05CC
:101020004A05460542053E053A05360532052E05B8
:101030002A05260522051E051A05160512050E05A8
:101040000A0506050205FE04FA04F604F204EE049D
:10105000EA04E604E204DE04DA04D604D204CE0490
:10106000CA04C604C204BE04BA04B604B204AE0480
:10107000AA04A604A2049E049A04960492048E0470
:101080008A04860482047E047A04760472046E0460
:101090006A04660462045E045A04560452044D0451
:1010A0004904450441043D043904350431042D0448
:1010B0002904250421041D041904150411040D0438
:1010C000090404040004FC03F803F403F003EC0334
:1010D000E803E403E003DC03D803D403CF03CB032A
:1010E000C703C303BF03BB03B703B303AF03AB0320
:1010F000A703A2039E039A03960392038E038A0317
:10110000860382037D037903750371036D0369030D
:10111000650361035D035803540350034C03480304
:10112000440340033B03370333032F032B032703FD
:1011300023031F031A03160312030E030A030603F5
:101140000203FD02F902F502F102ED02E902E402F6
:10115000E002DC02D802D402D002CB02C702C302F2
:10116000BF02BB02B702B202AE02AA02A602A202EC
:101170009E029902950291028D02890284028002E8
:101180007C02780274026F026B02670263025F02E4
:101190005A02560252024E024A02450241023D02E2
:1011A0003902350230022C022802240220021B02DE
:1011B000170213020F020A0206020202FE01FA01DE
:1011C000F501F101ED01E901E401E001DC01D801E3
:1011D000D301CF01CB01C701C201BE01BA01B601E3
:1011E000B101AD01A901A501A0019C0198019401E3
:1011F0008F018B01870183017E017A0176017201E3
:101200006D016901650160015C01580154014F01E4
:101210004B01470143013E013A01360131012D01E5
:101220002901250120011C01180113010F010B01E7
:1012300007010201FE00FA00F500F100ED00E800F0
:10124000E400E000DC00D700D300CF00CA00C600F5
:10125000C200BD00B900B500B000AC00A800A300FA
:101260009F009B00960092008E00890085008100FF
:101270007C00780074006F006B0067005908560806
:1012800052084E084B08470843083F083C083808F6
:10129000340831082D082908260822081E081A08D3
:1012A000170813080F080C08080804080008FD07B1
:1012B000F907F507F107EE07EA07E607E307DF0797
:1012C000DB07D707D407D007CC07C807C507C10776
:1012D000BD07B907B607B207AE07AA07A707A30756
:1012E0009F079B079807940790078C078807850737
:1012F00081077D077907760772076E076A07660719
:1013000063075F075B075707540750074C074807F9
:10131000440741073D073907350731072E072A07DC
:10132000260722071E071B07170713070F070B07C0
:10133000070704070007FC06F806F406F106ED06A9
:10134000E906E506E106DD06DA06D606D206CE0691
:10135000CA06C606C306BF06BB06B706B306AF0677
:10136000AC06A806A406A0069C069806940691065C
:101370008D068906850681067D0679067506720644
:101380006E066A06660662065E065A06570653062B
:101390004F064B06470643063F063B063706340614
:1013A00030062C062806240620061C0618061406FD
:1013B00010060D06090605060106FD05F905F505E9
:1013C000F105ED05E905E505E205DE05DA05D605D9
:1013D000D205CE05CA05C605C205BE05BA05B605C5
:1013E000B205AE05AB05A705A3059F059B059705AF
:1013F00093058F058B05870583057F057B0577059D
:1014000073056F056B05670563055F055B0558058B
:10141000540550054C054805440540053C05380574
:10142000340530052C052805240520051C05180564
:10143000140510050C05080504050005FC04F80456
:10144000F404F004EC04E804E404E004DC04D8044C
:10145000D404D004CC04C804C404C004BC04B8043C
:10146000B404B004AC04A804A404A0049C0498042C
:10147000940490048B04870483047F047B04770422
:1014800073046F046B04670463045F045B04570414
:1014900053044F044B04470443043F043B04360405
:1014A00032042E042A04260422041E041A041604FC
:1014B00012040E040A0406040204FD03F903F503F2
:1014C000F103ED03E903E503E103DD03D903D503EC
:1014D000D103CC03C803C403C003BC03B803B403E3
:1014E000B003AC03A803A3039F039B0397039303D9
:1014F0008F038B03870383037E037A0376037203D0
:101500006E036A03660362035D03590355035103C7
:101510004D034903450340033C03380334033003C0
:101520002C03280323031F031B03170313030F03B9
:101530000B0306030203FE02FA02F602F202ED02B8
:10154000E902E502E102DD02D902D402D002CC02B6
:10155000C802C402C002BB02B702B302AF02AB02B0
:10156000A602A2029E029A02960292028D028902AD
:10157000850281027D027802740270026C026802A8
:1015800063025F025B02570253024E024A024602A6
:1015900042023D023902350231022D0228022402A4
:1015A00020021C02180213020F020B0207020202A1
:1015B000FE01FA01F601F101ED01E901E501E001A9
:1015C000DC01D801D401D001CB01C701C301BF01A7
:1015D000BA01B601B201AE01A901A501A1019C01A8
:1015E0009801940190018B01870183017F017A01A9
:1015F000760172016E016901650161015C015801AA
:10160000540150014B01470143013F013A013601AA
:1016100032012D012901250120011C0118011401AD
:101620000F010B0107010201FE00FA00F600F100B4
:10163000ED00E900E400E000DC00D700D300CF00BB
:10164000CA00C600C200BE00B900B500B100AC00BF
:10165000A800A4009F009B00970092008E008A00C3
:10166000850081007D0070086C08690865086108C4
:101670005E085A08560853084F084B0847084408A4
:1016800040083C083908350831082D082A08260882
:1016900022081E081B081708130810080C08080861
:1016A00004080108FD07F907F507F207EE07EA0746
:1016B000E607E307DF07DB07D707D407D007CC0728
:1016C000C807C507C107BD07B907B607B207AE0708
:1016D000AA07A607A3079F079B07970794079007EA
:1016E0008C078807840781077D07790775077107CD
:1016F0006E076A07660762075F075B0757075307AE
:101700004F074C074807440740073C073807350791
:1017100031072D072907250722071E071A07160775
:1017200012070E070B0707070307FF06FB06F7065E
:10173000F406F006EC06E806E406E006DD06D90647
:10174000D506D106CD06C906C606C206BE06BA062D
:10175000B606B206AE06AB06A706A3069F069B0614
:10176000970693068F068C068806840680067C06FC
:101770007806740670066D066906650661065D06E4
:101780005906550651064D064A06460642063E06CD
:101790003A06360632062E062A06260623061F06B7
:1017A0001B06170613060F060B0607060306FF05A2
:1017B000FB05F705F405F005EC05E805E405E00593
:1017C000DC05D805D405D005CC05C805C405C00581
:1017D000BC05B805B505B105AD05A905A505A1056B
:1017E0009D059905950591058D0589058505810559
:1017F0007D057905750571056D0569056505610549
:101800005D055905550551054E054A054605420534
:101810003E053A05360532052E052A052605220520
:101820001E051A05160512050E050A050605020510
:10183000FE04FA04F604F204EE04EA04E604E20408
:10184000DE04DA04D604D104CD04C904C504C104FD
:10185000BD04B904B504B104AD04A904A504A104F0
:101860009D049904950491048D04890485048104E0
:101870007D047904750471046D04680464046004D3
:101880005C045804540450044C04480444044004C8
:101890003C043804340430042C04270423041F04BB
:1018A0001B04170413040F040B0407040304FF03B1
:1018B000FB03F603F203EE03EA03E603E203DE03AF
:1018C000DA03D603D203CE03C903C503C103BD03A4
:1018D000B903B503B103AD03A903A403A0039C039B
:1018E0009803940390038C03880383037F037B0393
:1018F000770373036F036B03670362035E035A038B
:10190000560352034E034A03450341033D03390383
:10191000350331032D032803240320031C0318037C
:1019200014030F030B0307030303FF02FB02F6027A
:10193000F202EE02EA02E602E202DD02D902D5027A
:10194000D102CD02C902C402C002BC02B802B40274
:10195000AF02AB02A702A3029F029B029602920271
:101960008E028A02860281027D027902750271026C
:101970006C026802640260025B02570253024F026B
:101980004B02460242023E023A02360231022D0268
:101990002902250220021C02180214020F020B0267
:1019A00007020302FF01FA01F601F201EE01E9016B
:1019B000E501E101DD01D801D401D001CC01C7016D
:1019C000C301BF01BB01B601B201AE01AA01A5016D
:1019D000A1019D019901940190018C01870183016E
:1019E0007F017B01760172016E016A01650161016F
:1019F0005D015801540150014C01470143013F0171
:101A00003A01360132012E012901250121011C0173
:101A10001801140110010B0107010301FE00FA0077
:101A2000F600F100ED00E900E500E000DC00D80080
:101A3000D300CF00CB00C600C200BE00B900B50085
:101A4000B100AC00A800A4009F009B00970092008A
:101A50008708830880087C087808750871086D0875
:101A60006908660862085E085A08570853084F0854
:101A70004C084808440840083D0839083508310832
:101A80002E082A08260823081F081B081708140810
:101A900010080C08080805080108FD07F907F607F3
:101AA000F207EE07EA07E707E307DF07DB07D707D9
:101AB000D407D007CC07C807C507C107BD07B907BA
:101AC000B507B207AE07AA07A607A3079F079B079C
:101AD0009707930790078C078807840780077D077F
:101AE0007907750771076D076A07660762075E0762
:101AF0005A07570753074F074B0747074307400746
:101B00003C073807340730072C072907250721072A
:101B10001D071907150712070E070A070607020710
:101B2000FE06FB06F706F306EF06EB06E706E306FE
:101B3000E006DC06D806D406D006CC06C806C506E4
:101B4000C106BD06B906B506B106AD06AA06A606CB
:101B5000A2069E069A06960692068E068A068706B4
:101B600083067F067B06770673066F066B0667069D
:101B7000640660065C065806540650064C06480685
:101B8000440640063D063906350631062D0629066F
:101B9000250621061D061906150611060D060A065C
:101BA00006060206FE05FA05F605F205EE05EA054B
:101BB000E605E205DE05DA05D605D205CE05CB053C
:101BC000C705C305BF05BB05B705B305AF05AB0525
:101BD000A705A3059F059B05970593058F058B0515
:101BE000870583057F057B05770573056F056B0505
:101BF000670563055F055B05570553054F054B05F5
:101C0000470543053F053B05370533052F052B05E4
:101C1000270523051F051B05170513050F050B05D4
:101C200007050305FF04FB04F704F304EF04EB04CA
:101C3000E704E304DF04DB04D704D304CF04CB04BC
:101C4000C704C304BF04BB04B704B304AF04AB04AC
:101C5000A704A3049F049B04970492048E048A049F
:101C6000860482047E047A04760472046E046A0494
:101C7000660462045E045A04560451044D04490487
:101C8000450441043D043904350431042D0429047C
:101C9000250421041C041804140410040C04080472
:101CA00004040004FC03F803F403EF03EB03E7036D
:101CB000E303DF03DB03D703D303CF03CA03C60366
:101CC000C203BE03BA03B603B203AE03AA03A5035D
:101CD000A1039D039903950391038D038903840355
:101CE00080037C037803740370036C03670363034E
:101CF0005F035B03570353034F034A034603420347
:101D00003E033A03360332032D032903250321033F
:101D10001D031903140310030C0308030403000339
:101D2000FB02F702F302EF02EB02E702E202DE023D
:101D3000DA02D602D202CD02C902C502C102BD0238
:101D4000B802B402B002AC02A802A4029F029B0235
:101D5000970293028F028A02860282027E02790231
:101D6000750271026D026902640260025C0258022F
:101D700054024F024B02470243023E023A0236022D
:101D800032022E022902250221021D02180214022B
:101D900010020C0207020302FF01FB01F701F2012E
:101DA000EE01EA01E601E101DD01D901D501D00131
:101DB000CC01C801C401BF01BB01B701B201AE0132
:101DC000AA01A601A1019D019901950190018C0133
:101DD000880184017F017B01770172016E016A0134
:101DE000660161015D015901540150014C01480136
:101DF00043013F013B01360132012E012A01250139
:101E000021011D011801140110010B01070103013B
:101E1000FF00FA00F600F200ED00E900E500E00046
:101E2000DC00D800D300CF00CB00C700C200BE004A
:101E3000BA00B500B100AD00A8009E089A08970846
:101E400093088F088C088808840880087D08790822
:101E5000750871086E086A08660863085F085B0801
:101E60005708540850084C084808450841083D08E0
:101E70003908360832082E082A08270823081F08C0
:101E80001B081808140810080C08090805080108A0
:101E9000FD07FA07F607F207EE07EA07E707E30789
:101EA000DF07DB07D807D407D007CC07C807C5076B
:101EB000C107BD07B907B507B207AE07AA07A6074E
:101EC000A2079F079B07970793078F078C07880731
:101ED000840780077C077907750771076D07690715
:101EE000650762075E075A07560752074E074B07FA
:101EF000470743073F073B073707340730072C07DF
:101F00002807240720071D071907150711070D07C4
:101F1000090705070207FE06FA06F606F206EE06B0
:101F2000EA06E706E306DF06DB06D706D306CF069A
:101F3000CB06C806C406C006BC06B806B406B00682
:101F4000AC06A906A506A1069D069906950691066A
:101F50008D068906850682067E067A067606720654
:101F60006E066A06660662065E065B06570653063E
:101F70004F064B06470643063F063B063706330629
:101F80002F062B062806240620061C061806140613
:101F900010060C06080604060006FC05F805F40504
:101FA000F005EC05E805E505E105DD05D905D505F4
:101FB000D105CD05C905C505C105BD05B905B505E1
:101FC000B105AD05A905A505A1059D0599059505D1
:101FD00091058D058905850581057D0579057505C1
:101FE00071056D056905650561055D0559055505B1
:101FF00051054D054905450541053D0539053505A1
:1020000031052D052905250521051D051905150590
:1020100011050D05090505050105FD04F904F50483
:10202000F104ED04E904E504E104DD04D904D50478
:10203000D104CD04C904C504C104BD04B804B4046A
:10204000B004AC04A804A404A0049C049804940460
:1020500090048C048804840480047C047804730451
:102060006F046B04670463045F045B045704530448
:102070004F044B04470443043E043A04360432043C
:102080002E042A04260422041E041A041604110431
:102090000D04090405040104FD03F903F503F1032C
:1020A000ED03E803E403E003DC03D803D403D00327
:1020B000CC03C703C303BF03BB03B703B303AF031F
:1020C000AB03A603A2039E039A03960392038E0317
:1020D0008A03850381037D037903750371036D030F
:1020E0006803640360035C03580354034F034B030A
:1020F000470343033F033B03370332032E032A0303
:10210000260322031E031903150311030D030903FC
:1021100005030003FC02F802F402F002EB02E702FE
:10212000E302DF02DB02D702D202CE02CA02C602FB
:10213000C202BD02B902B502B102AD02A802A402F8
:10214000A0029C02980293028F028B0287028302F4
:102150007E027A02760272026D02690265026102F3
:102160005D025802540250024C02470243023F02F1
:102170003B02370232022E022A02260221021D02EF
:102180001902150210020C0208020402FF01FB01F1
:10219000F701F301EE01EA01E601E201DD01D901F7
:1021A000D501D101CC01C801C401C001BB01B701F7
:1021B000B301AF01AA01A601A2019E0199019501F7
:1021C00091018C018801840180017B0177017301F9
:1021D0006F016A01660162015D01590155015101FA
:1021E0004C01480144013F013B01370132012E01FE
:1021F0002A01260121011D011901140110010C0100
:1022000007010301FF00FB00F600F200EE00E90009
:10221000E500E100DC00D800D400CF00CB00C7000F
:10222000C200BE00B508B208AE08AA08A608A308F6
:102230009F089B089708940890088C0889088508CF
:1022400081087D087A08760872086E086B086708AE
:1022500063085F085C085808540850084D0849088E
:10226000450841083E083A08360832082F082B086E
:102270002708230820081C081808140810080D084F
:10228000090805080108FE07FA07F607F207EE0736
:10229000EB07E707E307DF07DB07D807D407D0071B
:1022A000CC07C807C507C107BD07B907B507B207FF
:1022B000AE07AA07A607A2079F079B0797079307E2
:1022C0008F078B078807840780077C0778077407C8
:1022D00071076D076907650761075D075A075607AC
:1022E00052074E074A07460743073F073B07370792
:1022F00033072F072B072807240720071C07180779
:10230000140710070D07090705070107FD06F90661
:10231000F506F106EE06EA06E606E206DE06DA064F
:10232000D606D206CE06CB06C706C306BF06BB0638
:10233000B706B306AF06AB06A806A406A0069C0621
:102340009806940690068C068806840680067D060C
:102350007906750671066D066906650661065D06F5
:102360005906550651064D064A06460642063E06E1
:102370003A06360632062E062A06260622061E06CD
:102380001A06160612060E060A0607060306FF05BB
:10239000FB05F705F305EF05EB05E705E305DF05AD
:1023A000DB05D705D305CF05CB05C705C305BF059D
:1023B000BB05B705B305AF05AB05A705A3059F058D
:1023C0009B05970593058F058B05870583057F057D
:1023D0007B05770573056F056B05670563055F056D
:1023E0005B05570553054F054B05470543053F055D
:1023F0003B05370533052F052B05270523051F054D
:102400001B05170513050F050B0507050305FF043D
:10241000FB04F704F304EF04EB04E704E304DF0434
:10242000DA04D604D204CE04CA04C604C204BE042C
:10243000BA04B604B204AE04AA04A604A2049E041C
:102440009A04960491048D048904850481047D0412
:102450007904750471046D046904650461045C0405
:102460005804540450044C044804440440043C04FC
:10247000380434042F042B04270423041F041B04F2
:10248000170413040F040B0406040204FE03FA03EA
:10249000F603F203EE03EA03E503E103DD03D903E8
:1024A000D503D103CD03C903C403C003BC03B803E0
:1024B000B403B003AC03A803A3039F039B039703D8
:1024C00093038F038B03860382037E037A037603D1
:1024D00072036E036903650361035D0359035503CA
:1024E00050034C034803440340033C0337033303C6
:1024F0002F032B03270323031E031A0316031203C0
:102500000E030A0305030103FD02F902F502F002BE
:10251000EC02E802E402E002DB02D702D302CF02BF
:10252000CB02C602C202BE02BA02B602B102AD02BC
:10253000A902A502A1029C029802940290028C02B8
:10254000870283027F027B02770272026E026A02B6
:10255000660261025D025902550250024C024802B5
:10256000440240023B02370233022F022A022602B3
:1025700022021E021902150211020D0208020402B3
:102580000002FC01F701F301EF01EB01E601E201BA
:10259000DE01DA01D501D101CD01C901C401C001BB
:1025A000BC01B801B301AF01AB01A601A2019E01BC
:1025B0009A01950191018D018901840180017C01BD
:1025C000770173016F016B01660162015E015901C0
:1025D000550151014D014801440140013B013701C2
:1025E00033012E012A01260122011D0119011501C5
:1025F00010010C0108010301FF00FB00F700F200CD
:10260000EE00EA00E500E100DD00D800D400CD08CE
:10261000C908C508C108BE08BA08B608B308AF089B
:10262000AB08A708A408A0089C089808950891087A
:102630008D088908860882087E087A08770873085A
:102640006F086B086808640860085C08590855083A
:1026500051084D084908460842083E083A0837081C
:1026600033082F082B082708240820081C081808FE
:10267000150811080D08090805080208FE07FA07E1
:10268000F607F207EF07EB07E707E307DF07DC07CB
:10269000D807D407D007CC07C807C507C107BD07AF
:1026A000B907B507B207AE07AA07A607A2079E0794
:1026B0009B07970793078F078B0787078407800778
:1026C0007C077807740770076C076907650761075F
:1026D0005D075907550752074E074A074607420745
:1026E0003E073A07360733072F072B07270723072D
:1026F0001F071B071807140710070C070807040714
:102700000007FC06F806F506F106ED06E906E50603
:10271000E106DD06D906D506D206CE06CA06C606ED
:10272000C206BE06BA06B606B206AE06AA06A706D8
:10273000A3069F069B06970693068F068B068706C1
:1027400083067F067B067806740670066C066806AC
:10275000640660065C065806540650064C06480699
:10276000440640063C063806350631062D06290685
:10277000250621061D061906150611060D06090671
:1027800005060106FD05F905F505F105ED05E90567
:10279000E505E105DD05D905D505D105CD05C90559
:1027A000C505C105BD05B905B505B205AE05AA0546
:1027B000A605A2059E059A05960592058E058A0531
:1027C000860582057E057905750571056D05690526
:1027D000650561055D055905550551054D05490519
:1027E000450541053D053905350531052D05290509
:1027F000250521051D051905150511050D050905F9
:1028000005050105FD04F904F504F004EC04E804F1
:10281000E404E004DC04D804D404D004CC04C804E8
:10282000C404C004BC04B804B404B004AB04A704DA
:10283000A3049F049B04970493048F048B048704D0
:1028400083047F047B04760472046E046A046604C5
:1028500062045E045A04560452044E0449044504BA
:1028600041043D043904350431042D0429042404B1
:1028700020041C041804140410040C0408040404A8
:10288000FF03FB03F703F303EF03EB03E703E303A8
:10289000DE03DA03D603D203CE03CA03C603C203A0
:1028A000BD03B903B503B103AD03A903A503A00399
:1028B0009C039803940390038C03870383037F0393
:1028C0007B03770373036F036A03660362035E038C
:1028D0005A03560351034D034903450341033D0386
:1028E0003803340330032C03280323031F031B0383
:1028F000170313030F030A0306030203FE02FA027F
:10290000F502F102ED02E902E502E002DC02D80282
:10291000D402D002CB02C702C302BF02BB02B6027E
:10292000B202AE02AA02A602A1029D02990295027B
:1029300090028C028802840280027B02770273027A
:102940006F026A02660262025E025A025502510278
:102950004D024902440240023C02380233022F0277
:102960002B02270222021E021A02160211020D0277
:10297000090205020002FC01F801F401EF01EB017C
:10298000E701E301DE01DA01D601D201CD01C9017F
:10299000C501C101BC01B801B401AF01AB01A70180
:1029A000A3019E019A01960192018D018901850181
:1029B00080017C01780174016F016B016701620184
:1029C0005E015A01560151014D0149014401400186
:1029D0003C01370133012F012B01260122011E0189
:1029E0001901150111010C0108010401FF00FB0090
:1029F000F700F300EE00EA00E408E008DD08D9087B
:102A0000D508D108CE08CA08C608C208BF08BB0846
:102A1000B708B408B008AC08A808A408A1089D0825
:102A20009908950892088E088A08860883087F0806
:102A30007B087708740870086C08680864086108E7
:102A40005D085908550852084E084A0846084208C9
:102A50003F083B08370833082F082C0828082408AB
:102A600020081C081908150811080D08090806088F
:102A70000208FE07FA07F607F307EF07EB07E70779
:102A8000E307DF07DC07D807D407D007CC07C9075F
:102A9000C507C107BD07B907B507B207AE07AA0743
:102AA000A607A2079E079A07970793078F078B072A
:102AB0008707830780077C077807740770076C0710
:102AC0006807640761075D075907550751074D07F8
:102AD0004907460742073E073A07360732072E07DF
:102AE0002A07270723071F071B07170713070F07C7
:102AF0000B07070703070007FC06F806F406F006B5
:102B0000EC06E806E406E006DC06D906D506D106A2
:102B1000CD06C906C506C106BD06B906B506B1068D
:102B2000AD06AA06A606A2069E069A069606920676
:102B30008E068A06860682067E067A067606720665
:102B40006F066B06670663065F065B06570653064D
:102B50004F064B06470643063F063B06370633063D
:102B60002F062B06270623061F061B06170613062D
:102B700010060C06080604060006FC05F805F40518
:102B8000F005EC05E805E405E005DC05D805D4050D
:102B9000D005CC05C805C405C005BC05B805B405FD
:102BA000B005AC05A805A405A0059C0598059405ED
:102BB00090058C058805840580057C0578057405DD
:102BC00070056C05680564055F055B0557055305D1
:102BD0004F054B05470543053F053B0537053305C5
:102BE0002F052B05270523051F051B0517051305B5
:102BF0000F050B0507050305FE04FA04F604F204AD
:102C0000EE04EA04E604E204DE04DA04D604D204A4
:102C1000CE04CA04C604C204BD04B904B504B10498
:102C2000AD04A904A504A1049D049904950491048C
:102C30008C048804840480047C0478047404700484
:102C40006C04680463045F045B04570453044F047A
:102C50004B04470443043F043A04360432042E0470
:102C60002A04260422041E041904150411040D0468
:102C7000090405040104FD03F803F403F003EC0365
:102C8000E803E403E003DC03D703D303CF03CB0360
:102C9000C703C303BF03BA03B603B203AE03AA0359
:102CA000A603A2039D039903950391038D03890352
:102CB000840380037C037803740370036B0367034E
:102CC00063035F035B03570352034E034A03460348
:102CD00042033D033903350331032D032903240344
:102CE00020031C03180314030F030B030703030340
:102CF000FF02FA02F602F202EE02EA02E502E10245
:102D0000DD02D902D502D002CC02C802C402C00240
:102D1000BB02B702B302AF02AB02A602A2029E023E
:102D20009A02950291028D028902850280027C023C
:102D3000780274026F026B02670263025E025A023B
:102D4000560252024E024902450241023D02380239
:102D5000340230022C02270223021F021B02160239
:102D600012020E020A0205020102FD01F901F4013C
:102D7000F001EC01E701E301DF01DB01D601D20143
:102D8000CE01CA01C501C101BD01B901B401B00143
:102D9000AC01A701A3019F019B01960192018E0145
:102DA0008901850181017D017801740170016B0148
:102DB000670163015F015A01560152014D0149014A
:102DC000450140013C01380134012F012B0127014D
:102DD00022011E011A01150111010D010801040152
:102DE0000001FC08F808F408F108ED08E908E50816
:102DF000E208DE08DA08D608D308CF08CB08C708EF
:102E0000C408C008BC08B808B508B108AD08A908CE
:102E1000A508A2089E089A08960893088F088B08B0
:102E20008708830880087C087808740871086D0892
:102E30006908650861085E085A08560852084E0875
:102E40004B08470843083F083B0838083408300857
:102E50002C082808250821081D081908150811083C
:102E60000E080A0806080208FE07FA07F707F30724
:102E7000EF07EB07E707E407E007DC07D807D4070D
:102E8000D007CC07C907C507C107BD07B907B507F4
:102E9000B207AE07AA07A607A2079E079A079707D9
:102EA00093078F078B07870783077F077B077807C1
:102EB000740770076C076807640760075C075907A9
:102EC000550751074D074907450741073D07390792
:102ED000360732072E072A07260722071E071A077A
:102EE000160713070F070B0707070307FF06FB0665
:102EF000F706F306EF06EB06E706E406E006DC0657
:102F0000D806D406D006CC06C806C406C006BC0641
:102F1000B806B406B106AD06A906A506A1069D062B
:102F20009906950691068D068906850681067D0619
:102F30007906750671066D066906660662065E0606
:102F40005A06560652064E064A06460642063E06F1
:102F50003A06360632062E062A06260622061E06E1
:102F60001A06160612060E060A0606060206FE05D2
:102F7000FA05F605F205EE05EA05E605E205DE05C9
:102F8000DA05D605D205CE05CA05C605C205BE05B9
:102F9000BA05B605B205AE05AA05A605A2059E05A9
:102FA0009A05960592058E058A05860582057E0599
:102FB0007A05760572056E056A05660562055E0589
:102FC0005A05550551054D054905450541053D0580
:102FD0003905350531052D052905250521051D0571
:102FE0001905150511050D05080504050005FC0466
:102FF000F804F404F004EC04E804E404E004DC0461
:10300000D804D404CF04CB04C704C304BF04BB0456
:10301000B704B304AF04AB04A704A3049E049A044A
:10302000960492048E048A04860482047E047A0440
:10303000750471046D046904650461045D04590438
:10304000550450044C044804440440043C0438042F
:10305000340430042B04270423041F041B04170426
:1030600013040F040A0406040204FE03FA03F60321
:10307000F203ED03E903E503E103DD03D903D5031F
:10308000D003CC03C803C403C003BC03B703B3031A
:10309000AF03AB03A703A3039F039A039603920313
:1030A0008E038A03860381037D037903750371030D
:1030B0006C036803640360035C03580353034F030A
:1030C0004B03470343033F033A03360332032E0304
:1030D0002A03250321031D031903150310030C0301
:1030E000080304030003FB02F702F302EF02EB0202
:1030F000E602E202DE02DA02D602D102CD02C90203
:10310000C502C002BC02B802B402B002AB02A70200
:10311000A3029F029A02960292028E028A028502FE
:1031200081027D027902740270026C0268026302FD
:103130005F025B02570252024E024A0246024102FD
:103140003D023902350230022C02280224021F02FD
:103150001B02170213020E020A0206020202FD01FE
:10316000F901F501F101EC01E801E401E001DB0105
:10317000D701D301CE01CA01C601C201BD01B90107
:10318000B501B001AC01A801A4019F019B01970109
:1031900093018E018A01860181017D01790174010B
:1031A00070016C01680163015F015B01560152010E
:1031B0004E014A01450141013D0138013401300110
:1031C0002B01270123011E011A0116011409100900
:1031D0000C09080905090109FD08F908F608F208B3
:1031E000EE08EA08E708E308DF08DB08D808D40897
:1031F000D008CC08C808C508C108BD08B908B60879
:10320000B208AE08AA08A608A3089F089B0897085A
:10321000940890088C088808840881087D0879083B
:10322000750871086E086A08660862085E085A0820
:10323000570853084F084B084708440840083C0803
:103240003808340830082D082908250821081D08E9
:103250001A08160812080E080A0806080308FF07CD
:10326000FB07F707F307EF07EB07E807E407E007BB
:10327000DC07D807D407D007CD07C907C507C107A2
:10328000BD07B907B507B207AE07AA07A607A20789
:103290009E079A07960793078F078B078707830771
:1032A0007F077B077707740770076C076807640759
:1032B00060075C075807540751074D074907450742
:1032C00041073D073907350731072D07290726072D
:1032D00022071E071A07160712070E070A07060716
:1032E0000207FE06FA06F706F306EF06EB06E70608
:1032F000E306DF06DB06D706D306CF06CB06C706F6
:10330000C306BF06BB06B806B406B006AC06A806E0
:10331000A406A0069C069806940690068C068806CD
:10332000840680067C067806740670066C066806BD
:10333000640660065C065806550651064D064906A9
:10334000450641063D063906350631062D06290695
:10335000250621061D061906150611060D06090685
:1033600005060106FD05F905F505F105ED05E9057B
:10337000E505E105DD05D905D505D105CD05C9056D
:10338000C505C105BD05B905B405B005AC05A80561
:10339000A405A0059C059805940590058C05880555
:1033A000840580057C057805740570056C05680545
:1033B000640560055C055805540550054B05470537
:1033C00043053F053B05370533052F052B0527052D
:1033D00023051F051B05170513050F050A0506051F
:1033E0000205FE04FA04F604F204EE04EA04E6041C
:1033F000E204DE04D904D504D104CD04C904C50413
:10340000C104BD04B904B504B104AC04A804A40407
:10341000A0049C049804940490048C0488048304FD
:103420007F047B04770473046F046B0467046304F4
:103430005E045A04560452044E044A0446044204EC
:103440003D043904350431042D04290425042004E5
:103450001C041804140410040C0408040304FF03DF
:10346000FB03F703F303EF03EB03E603E203DE03DF
:10347000DA03D603D203CE03C903C503C103BD03D8
:10348000B903B503B003AC03A803A403A0039C03D2
:10349000970393038F038B03870383037E037A03CE
:1034A000760372036E036903650361035D035903C9
:1034B000550350034C034803440340033B033703C5
:1034C00033032F032B03260322031E031A031603C1
:1034D00011030D03090305030103FC02F802F402C2
:1034E000F002EC02E702E302DF02DB02D602D202C4
:1034F000CE02CA02C602C102BD02B902B502B002C2
:10350000AC02A802A402A0029B02970293028F02BF
:103510008A02860282027E027902750271026D02BF
:103520006802640260025C02570253024F024B02BF
:10353000460242023E023A02350231022D022902BF
:10354000240220021C02180213020F020B020702BF
:103550000202FE01FA01F501F101ED01E901E401C8
:10356000E001DC01D801D301CF01CB01C601C201CA
:10357000BE01BA01B501B101AD01A901A401A001CB
:103580009C01970193018F018B01860182017E01CD
:103590007901750171016C016801640160015B01D1
:1035A000570153014E014A01460141013D013901D4
:1035B000350130012C012C092809240920091D0995
:1035C0001909150911090E090A0906090209FF0856
:1035D000FB08F708F308EF08EC08E808E408E0083F
:1035E000DD08D908D508D108CD08CA08C608C20820
:1035F000BE08BA08B708B308AF08AB08A708A40804
:10360000A0089C089808940891088D0889088508E6
:1036100081087E087A08760872086E086B086708C9
:1036200063085F085B085708540850084C084808AE
:10363000440840083D083908350831082D08290894
:10364000260822081E081A08160812080E080B0879
:1036500007080308FF07FB07F707F307F007EC0766
:10366000E807E407E007DC07D807D507D107CD074F
:10367000C907C507C107BD07B907B607B207AE0737
:10368000AA07A607A2079E079A07960793078F0720
:103690008B07870783077F077B0777077307700709
:1036A0006C076807640760075C07580754075007F2
:1036B0004C074807450741073D07390735073107DC
:1036C0002D072907250721071D07190715071107CA
:1036D0000E070A0706070207FE06FA06F606F206B6
:1036E000EE06EA06E606E206DE06DA06D606D206AA
:1036F000CE06CB06C706C306BF06BB06B706B30693
:10370000AF06AB06A706A3069F069B069706930681
:103710008F068B06870683067F067B067706730671
:103720006F066B06670663065F065B065706530661
:103730004F064B06470643063F063B063706330651
:103740002F062B06270623061F061B061706130641
:103750000F060B0607060306FF05FB05F705F30535
:10376000EF05EB05E705E305DF05DB05D705D30529
:10377000CF05CB05C705C305BF05BB05B705B30519
:10378000AF05AB05A705A3059F059B059705930509
:103790008F058A05860582057E057A057605720500
:1037A0006E056A05660562055E055A0556055205F1
:1037B0004E054A05460541053D05390535053105E6
:1037C0002D052905250521051D05190515051105D9
:1037D0000C05080504050005FC04F804F404F004D5
:1037E000EC04E804E404DF04DB04D704D304CF04CE
:1037F000CB04C704C304BF04BB04B604B204AE04C4
:10380000AA04A604A2049E049A04960491048D04BA
:103810008904850481047D047904750471046C04B1
:103820006804640460045C045804540450044B04A9
:10383000470443043F043B04370433042E042A04A2
:10384000260422041E041A04160411040D0409049B
:1038500005040104FD03F803F403F003EC03E8039B
:10386000E403E003DB03D703D303CF03CB03C70396
:10387000C203BE03BA03B603B203AE03A903A50392
:10388000A1039D039903940390038C03880384038D
:1038900080037B03770373036F036B036603620389
:1038A0005E035A03560351034D0349034503410385
:1038B0003C033803340330032C03270323031F0383
:1038C0001B03170312030E030A0306030203FD0280
:1038D000F902F502F102EC02E802E402E002DC0285
:1038E000D702D302CF02CB02C602C202BE02BA0284
:1038F000B602B102AD02A902A502A0029C02980282
:1039000094028F028B02870283027E027A02760281
:1039100072026D026902650261025C025802540281
:1039200050024B02470243023F023A023602320281
:103930002E022902250221021D0218021402100281
:103940000C0207020302FF01FA01F601F201EE0187
:10395000E901E501E101DD01D801D401D001CB018C
:10396000C701C301BF01BA01B601B201AD01A9018E
:10397000A501A1019C01980194018F018B01870190
:1039800083017E017A01760171016D016901640193
:1039900060015C01580153014F014B014601420196
:1039A000440940093C093909350931092D092A0919
:1039B000260922091E091A09170913090F090B09FB
:1039C000080904090009FC08F808F508F108ED08E1
:1039D000E908E508E208DE08DA08D608D208CF08C8
:1039E000CB08C708C308BF08BC08B808B408B008AB
:1039F000AC08A908A508A1089D089908950892088F
:103A00008E088A08860882087F087B087708730872
:103A10006F086B086808640860085C085808540858
:103A200050084D084908450841083D08390836083E
:103A300032082E082A08260822081E081B08170824
:103A400013080F080B0807080308FF07FC07F8070F
:103A5000F407F007EC07E807E407E007DD07D907FC
:103A6000D507D107CD07C907C507C107BD07BA07E5
:103A7000B607B207AE07AA07A607A2079E079A07CE
:103A8000970793078F078B07870783077F077B07B6
:103A9000770773076F076B076807640760075C07A2
:103AA0005807540750074C074807440740073C078E
:103AB0003807350731072D072907250721071D0777
:103AC0001907150711070D07090705070107FD0667
:103AD000F906F506F106EE06EA06E606E206DE0659
:103AE000DA06D606D206CE06CA06C606C206BE0646
:103AF000BA06B606B206AE06AA06A606A2069E0636
:103B00009A06960692068E068A06860682067E0625
:103B10007A06760672066E066A06660662065E0615
:103B20005A06560652064E064A06460642063E0605
:103B30003A06360632062E062A06260622061E06F5
:103B40001A06160612060E060A0606060206FE05E6
:103B5000FA05F605F205EE05EA05E605E205DE05DD
:103B6000DA05D605D205CE05CA05C605C205BD05CE
:103B7000B905B505B105AD05A905A505A1059D05C5
:103B80009905950591058D058905850581057D05B5
:103B90007905740570056C056805640560055C05AC
:103BA0005805540550054C054805440540053B059E
:103BB000370533052F052B05270523051F051B0595
:103BC000170513050F050A0506050205FE04FA048C
:103BD000F604F204EE04EA04E604E104DD04D90488
:103BE000D504D104CD04C904C504C104BC04B8047F
:103BF000B404B004AC04A804A404A0049C04970476
:103C000093048F048B04870483047F047B0476046D
:103C100072046E046A04660462045E045904550466
:103C200051044D044904450441043C04380434045F
:103C300030042C04280424041F041B041704130458
:103C40000F040B0406040204FE03FA03F603F20356
:103C5000ED03E903E503E103DD03D903D403D00356
:103C6000CC03C803C403C003BB03B703B303AF0350
:103C7000AB03A703A2039E039A03960392038D034B
:103C80008903850381037D037803740370036C0348
:103C9000680363035F035B03570353034E034A0345
:103CA000460342033E033903350331032D03290341
:103CB000240320031C03180314030F030B0307033F
:103CC0000303FE02FA02F602F202EE02E902E50244
:103CD000E102DD02D802D402D002CC02C702C30244
:103CE000BF02BB02B702B202AE02AA02A602A10242
:103CF0009D029902950290028C02880284027F0242
:103D00007B02770273026E026A02660262025D0241
:103D10005902550251024C024802440240023B0241
:103D2000370233022E022A02260222021D02190243
:103D3000150211020C02080204020002FB01F70145
:103D4000F301EE01EA01E601E201DD01D901D5014D
:103D5000D001CC01C801C401BF01BB01B701B20150
:103D6000AE01AA01A601A1019D0199019401900152
:103D70008C01870183017F017B01760172016E0155
:103D80006901650161015C0158015C095909550926
:103D900051094D094A09460942093E093A093709BC
:103DA00033092F092B092809240920091C0918099E
:103DB000150911090D09090905090209FE08FA0882
:103DC000F608F208EF08EB08E708E308DF08DB086D
:103DD000D808D408D008CC08C808C508C108BD0850
:103DE000B908B508B108AE08AA08A608A2089E0836
:103DF0009A08970893088F088B088708830880081B
:103E00007C087808740870086C0868086508610800
:103E10005D085908550851084D084A0846084208E7
:103E20003E083A08360832082F082B0827082308CE
:103E30001F081B08170813080F080C0808080408B7
:103E40000008FC07F807F407F007ED07E907E507A6
:103E5000E107DD07D907D507D107CD07C907C60791
:103E6000C207BE07BA07B607B207AE07AA07A6077A
:103E7000A2079E079B07970793078F078B07870764
:103E800083077F077B07770773076F076B07670752
:103E9000640760075C075807540750074C0748073A
:103EA000440740073C073807340730072C0728072A
:103EB000240721071D071907150711070D07090713
:103EC00005070107FD06F906F506F106ED06E90608
:103ED000E506E106DD06D906D506D106CD06C906FA
:103EE000C506C106BD06B906B506B106AD06A906EA
:103EF000A506A1069D069906950691068D068906DA
:103F0000850681067D067906750671066D066906C9
:103F1000650661065D065906550651064D064906B9
:103F2000450641063D063906350631062D062906A9
:103F3000250621061D061906150611060D06090699
:103F400005060106FD05F905F505F105ED05E9058F
:103F5000E405E005DC05D805D405D005CC05C80589
:103F6000C405C005BC05B805B405B005AC05A80579
:103F7000A405A0059C05970593058F058B0587056E
:103F800083057F057B05770573056F056B05670561
:103F900062055E055A05560552054E054A05460559
:103FA00042053E053A05360531052D05290525054D
:103FB00021051D051905150511050D050805040543
:103FC0000005FC04F804F404F004EC04E804E40440
:103FD000DF04DB04D704D304CF04CB04C704C30439
:103FE000BE04BA04B604B204AE04AA04A604A20431
:103FF0009D049904950491048D048904850480042A
:104000007C047804740470046C04680463045F0422
:104010005B04570453044F044B04460442043E041B
:104020003A04360432042E042904250421041D0414
:104030001904150410040C04080404040004FC030F
:10404000F703F303EF03EB03E703E303DE03DA0312
:10405000D603D203CE03C903C503C103BD03B9030D
:10406000B503B003AC03A803A403A0039B03970309
:1040700093038F038B03860382037E037A03760305
:1040800071036D036903650361035C035803540303
:1040900050034C03470343033F033B033603320300
:1040A0002E032A03260321031D03190315031003FE
:1040B0000C03080304030003FB02F702F302EF0200
:1040C000EA02E602E202DE02D902D502D102CD0204
:1040D000C902C402C002BC02B802B302AF02AB0202
:1040E000A702A2029E029A02960291028D02890202
:1040F000850280027C02780274026F026B02670202
:1041000063025E025A02560252024D024902450201
:1041100040023C02380234022F022B022702230203
:104120001E021A02160211020D0209020502000205
:10413000FC01F801F401EF01EB01E701E201DE010E
:10414000DA01D601D101CD01C901C401C001BC0110
:10415000B701B301AF01AB01A601A2019E01990114
:10416000950191018D018801840180017B01770116
:1041700073016E01750971096E096A0966096209A0
:104180005E095B09570953094F094B09480944095E
:1041900040093C093809350931092D092909250942
:1041A00022091E091A09160912090F090B09070924
:1041B0000309FF08FC08F808F408F008EC08E80810
:1041C000E508E108DD08D908D508D108CE08CA08F5
:1041D000C608C208BE08BA08B708B308AF08AB08DB
:1041E000A708A3089F089C089808940890088C08C2
:1041F0008808840881087D087908750871086D08A9
:104200006908660862085E085A08560852084E088F
:104210004A08470843083F083B08370833082F0877
:104220002B082708240820081C0818081408100860
:104230000C08080804080108FD07F907F507F1074D
:10424000ED07E907E507E107DD07D907D607D2073C
:10425000CE07CA07C607C207BE07BA07B607B20726
:10426000AE07AA07A607A3079F079B079707930711
:104270008F078B07870783077F077B0777077307FE
:104280006F076B076707640760075C0758075407E9
:1042900050074C074807440740073C0738073407D6
:1042A00030072C072807240720071C0718071407C6
:1042B00010070C07080704070007FC06F806F506B8
:1042C000F106ED06E906E506E106DD06D906D506A6
:1042D000D106CD06C906C506C106BD06B906B50696
:1042E000B106AD06A906A506A1069D069906950686
:1042F00091068D068906850681067D067906750676
:1043000071066D066806640660065C06580654066B
:1043100050064C064806440640063C06380634065D
:1043200030062C062806240620061C06180614064D
:1043300010060C06080604060006FC05F705F30542
:10434000EF05EB05E705E305DF05DB05D705D3053D
:10435000CF05CB05C705C305BF05BB05B705B2052E
:10436000AE05AA05A605A2059E059A059605920525
:104370008E058A05860582057D0579057505710519
:104380006D056905650561055D055905550550050E
:104390004C054805440540053C0538053405300505
:1043A0002C05270523051F051B05170513050F05FC
:1043B0000B0507050205FE04FA04F604F204EE04F8
:1043C000EA04E604E104DD04D904D504D104CD04F3
:1043D000C904C504C004BC04B804B404B004AC04EB
:1043E000A804A4049F049B04970493048F048B04E3
:1043F000870482047E047A04760472046E046904DD
:10440000650461045D045904550451044C044804D6
:10441000440440043C04380433042F042B042704D0
:1044200023041F041A04160412040E040A040604CA
:104430000104FD03F903F503F103EC03E803E403CE
:10444000E003DC03D803D303CF03CB03C703C303C9
:10445000BE03BA03B603B203AE03A903A503A103C7
:104460009D039903940390038C03880384037F03C3
:104470007B03770373036F036A03660362035E03C0
:104480005A03550351034D034903440340033C03BE
:10449000380334032F032B03270323031E031A03BC
:1044A000160312030D03090305030103FD02F802BD
:1044B000F402F002EC02E702E302DF02DB02D602C2
:1044C000D202CE02CA02C502C102BD02B902B402C2
:1044D000B002AC02A802A3029F029B0297029202C2
:1044E0008E028A02860281027D02790275027002C2
:1044F0006C02680264025F025B02570252024E02C3
:104500004A02460241023D023902350230022C02C3
:10451000280223021F021B02170212020E020A02C5
:1045200006020102FD01F901F401F001EC01E801CC
:10453000E301DF01DB01D601D201CE01CA01C501D1
:10454000C101BD01B801B401B001AB01A701A301D4
:104550009F019A01960192018D01890185018E09C1
:104560008A09870983097F097B097709740970091A
:104570006C096809640961095D09590955095109FE
:104580004D094A09460942093E093A0937093309E2
:104590002F092B092709230920091C0918091409C7
:1045A00010090D09090905090109FD08F908F508AF
:1045B000F208EE08EA08E608E208DE08DB08D70899
:1045C000D308CF08CB08C708C308C008BC08B80880
:1045D000B408B008AC08A808A508A1089D08990867
:1045E000950891088D088908860882087E087A084F
:1045F000760872086E086A08670863085F085B0837
:10460000570853084F084B084708440840083C081F
:104610003808340830082C082808240820081D0809
:104620001908150811080D08090805080108FD07F3
:10463000F907F507F107EE07EA07E607E207DE07E5
:10464000DA07D607D207CE07CA07C607C207BE07D2
:10465000BA07B707B307AF07AB07A707A3079F07BB
:104660009B07970793078F078B07870783077F07AA
:104670007B07770773076F076B0768076407600797
:104680005C075807540750074C0748074407400782
:104690003C073807340730072C0728072407200772
:1046A0001C071807140710070C0708070407000762
:1046B000FC06F806F406F006EC06E806E406E0065A
:1046C000DC06D806D406D006CC06C806C406C0064A
:1046D000BC06B806B406B006AC06A806A406A0063A
:1046E0009C069806940690068C068806840680062A
:1046F0007C067806740670066C066806640660061A
:104700005C06580653064F064B06470643063F060F
:104710003B06370633062F062B06270623061F0601
:104720001B06170613060F060B0607060206FE05F4
:10473000FA05F605F205EE05EA05E605E205DE05F1
:10474000DA05D605D205CE05CA05C505C105BD05E4
:10475000B905B505B105AD05A905A505A1059D05D9
:104760009905940590058C058805840580057C05D0
:104770007805740570056C05670563055F055B05C5
:10478000570553054F054B05470542053E053A05BC
:10479000360532052E052A05260522051D051905B3
:1047A000150511050D05090505050105FC04F804AD
:1047B000F404F004EC04E804E404E004DB04D704AB
:1047C000D304CF04CB04C704C304BE04BA04B604A4
:1047D000B204AE04AA04A604A1049D04990495049D
:1047E00091048D048904840480047C047804740496
:1047F00070046B04670463045F045B045704520491
:104800004E044A04460442043E043904350431048B
:104810002D042904250420041C0418041404100485
:104820000B0407040304FF03FB03F703F203EE0387
:10483000EA03E603E203DD03D903D503D103CD0385
:10484000C803C403C003BC03B803B303AF03AB0383
:10485000A703A3039E039A03960392038E0389037F
:10486000850381037D037803740370036C0368037D
:1048700063035F035B03570352034E034A0346037C
:1048800042033D033903350331032C03280324037A
:1048900020031C03170313030F030B030603020378
:1048A000FE02FA02F502F102ED02E902E402E00280
:1048B000DC02D802D302CF02CB02C702C202BE0280
:1048C000BA02B602B102AD02A902A502A0029C0280
:1048D000980294028F028B02870283027E027A0280
:1048E000760271026D026902650260025C02580282
:1048F00054024F024B02470242023E023A02360283
:1049000031022D022902250220021C021802130284
:104910000F020B0207020202FE01FA01F501F1018A
:10492000ED01E801E401E001DC01D701D301CF0191
:10493000CA01C601C201BE01B901B501B101AC0194
:10494000A801A4019F019B01A709A409A0099C0932
:104950009809940991098D098909850981097D09B9
:104960007A09760972096E096A09670963095F099C
:104970005B095709530950094C0948094409400982
:104980003C093909350931092D0929092509220967
:104990001E091A09160912090E090A09070903094D
:1049A000FF08FB08F708F308EF08EC08E808E4083C
:1049B000E008DC08D808D408D108CD08C908C50823
:1049C000C108BD08B908B508B208AE08AA08A6080B
:1049D000A2089E089A08960893088F088B088708F3
:1049E00083087F087B08770873086F086C086808DD
:1049F000640860085C085808540850084C084808C7
:104A0000450841083D083908350831082D082908AE
:104A1000250821081D081908160812080E080A089A
:104A200006080208FE07FA07F607F207EE07EA078C
:104A3000E607E207DE07DA07D707D307CF07CB077A
:104A4000C707C307BF07BB07B707B307AF07AB0766
:104A5000A707A3079F079B07970793078F078B0756
:104A6000870783077F077C077807740770076C0741
:104A70006807640760075C075807540750074C072E
:104A80004807440740073C073807340730072C071E
:104A90002807240720071C071807140710070C070E
:104AA000080704070007FC06F806F406F006EC0603
:104AB000E806E406E006DC06D806D406D006CC06F6
:104AC000C806C406C006BC06B806B406B006AC06E6
:104AD000A806A3069F069B06970693068F068B06DD
:104AE000870683067F067B06770673066F066B06CE
:104AF000670663065F065B06570653064F064B06BE
:104B0000460642063E063A06360632062E062A06B5
:104B1000260622061E061A06160612060E060A06A5
:104B200005060106FD05F905F505F105ED05E905A3
:104B3000E505E105DD05D905D505D005CC05C80598
:104B4000C405C005BC05B805B405B005AC05A8058D
:104B5000A3059F059B05970593058F058B05870585
:104B600083057F057A05760572056E056A0566057B
:104B700062055E055A05550551054D054905450572
:104B800041053D053905340530052C05280524056A
:104B900020051C05180513050F050B050705030562
:104BA000FF04FB04F704F204EE04EA04E604E20462
:104BB000DE04DA04D504D104CD04C904C504C1045B
:104BC000BC04B804B404B004AC04A804A4049F0456
:104BD0009B04970493048F048B04860482047E0450
:104BE0007A04760472046D046904650461045D044A
:104BF0005904540450044C04480444043F043B0446
:104C0000370433042F042B04260422041E041A0440
:104C1000160411040D04090405040104FC03F8033F
:104C2000F403F003EC03E703E303DF03DB03D70341
:104C3000D203CE03CA03C603C203BD03B903B5033F
:104C4000B103AD03A803A403A0039C03980393033B
:104C50008F038B03870382037E037A037603720339
:104C60006D036903650361035C0358035403500338
:104C70004C03470343033F033B03360332032E0336
:104C80002A03250321031D031903140310030C0336
:104C900008030303FF02FB02F702F202EE02EA023C
:104CA000E602E102DD02D902D502D002CC02C8023E
:104CB000C402BF02BB02B702B302AE02AA02A6023E
:104CC000A2029D029902950291028C02880284023E
:104CD0007F027B02770273026E026A026602620240
:104CE0005D025902550250024C02480244023F0242
:104CF0003B02370232022E022A02260221021D0244
:104D00001902140210020C0208020302FF01FB0147
:104D1000F601F201EE01EA01E501E101DD01D80150
:104D2000D401D001CB01C701C301BF01BA01B60153
:104D3000B201C109BD09B909B509B209AE09AA098B
:104D4000A609A2099E099B09970993098F098B0956
:104D50008809840980097C097809740971096D0939
:104D60006909650961095D095909560952094E0920
:104D70004A09460942093F093B09370933092F0906
:104D80002B092709240920091C09180914091009ED
:104D90000C09090905090109FD08F908F508F108D8
:104DA000ED08EA08E608E208DE08DA08D608D208C4
:104DB000CE08CA08C708C308BF08BB08B708B308AD
:104DC000AF08AB08A708A408A0089C089808940896
:104DD00090088C088808840880087C087908750881
:104DE00071086D086908650861085D08590855086B
:104DF00051084D084A08460842083E083A08360855
:104E000032082E082A08260822081E081A08160842
:104E100012080E080B0807080308FF07FB07F7072F
:104E2000F307EF07EB07E707E307DF07DB07D70722
:104E3000D307CF07CB07C707C307BF07BB07B70712
:104E4000B307B007AC07A807A407A0079C079807FB
:104E5000940790078C078807840780077C077807EA
:104E6000740770076C076807640760075C075807DA
:104E7000540750074C074807440740073C073807CA
:104E8000340730072C072807240720071C071807BA
:104E9000140710070C07080704070007FC06F806AC
:104EA000F406F006EC06E806E406E006DC06D706A3
:104EB000D306CF06CB06C706C306BF06BB06B7069A
:104EC000B306AF06AB06A706A3069F069B0697068A
:104ED00093068F068B06870683067F067B0676067B
:104EE00072066E066A06660662065E065A06560672
:104EF00052064E064A06460642063E063A06350663
:104F000031062D062906250621061D061906150659
:104F100011060D06090604060006FC05F805F40551
:104F2000F005EC05E805E405E005DC05D805D3054A
:104F3000CF05CB05C705C305BF05BB05B705B30541
:104F4000AF05AA05A605A2059E059A059605920538
:104F50008E058A05850581057D057905750571052F
:104F60006D056905640560055C0558055405500527
:104F70004C05480543053F053B05370533052F051F
:104F80002B05260522051E051A05160512050E0518
:104F9000090505050105FD04F904F504F104EC0417
:104FA000E804E404E004DC04D804D404CF04CB0413
:104FB000C704C304BF04BB04B604B204AE04AA040D
:104FC000A604A2049D049904950491048D04890407
:104FD000840480047C047804740470046B04670403
:104FE00063045F045B04560452044E044A044604FE
:104FF00041043D043904350431042D0428042404FB
:1050000020041C04180413040F040B0407040304F5
:10501000FE03FA03F603F203EE03E903E503E103FB
:10502000DD03D803D403D003CC03C803C303BF03F9
:10503000BB03B703B303AE03AA03A603A2039D03F6
:105040009903950391038D038803840380037C03F4
:10505000770373036F036B03660362035E035A03F4
:10506000560351034D034903450340033C033803F2
:1050700034032F032B03270323031E031A031603F2
:1050800012030D03090305030103FC02F802F402F5
:10509000F002EB02E702E302DF02DA02D602D202FA
:1050A000CE02C902C502C102BD02B802B402B002FA
:1050B000AB02A702A3029F029A02960292028E02FC
:1050C0008902850281027C027802740270026B02FE
:1050D000670263025E025A02560252024D02490200
:1050E000450241023C02380234022F022B02270201
:1050F00022021E021A02160211020D020902040205
:105100000002FC01F801F301EF01EB01E601E2010D
:10511000DE01D901D501D101CD01C801DB09D709D3
:10512000D309CF09CB09C709C409C009BC09B8090B
:10513000B409B009AD09A909A509A1099D099909F1
:10514000960992098E098A09860982097F097B09D5
:10515000770973096F096B096709640960095C09BC
:105160005809540950094C094909450941093D09A3
:105170003909350931092D092A09260922091E098B
:105180001A09160912090E090B0907090309FF0874
:10519000FB08F708F308EF08EB08E708E408E00865
:1051A000DC08D808D408D008CC08C808C408C0084F
:1051B000BD08B908B508B108AD08A908A508A10837
:1051C0009D089908950891088E088A088608820823
:1051D0007E087A08760872086E086A08660862080F
:1051E0005E085A08570853084F084B0847084308F9
:1051F0003F083B08370833082F082B0827082308E7
:105200001F081B08170813080F080B0808080408D4
:105210000008FC07F807F407F007EC07E807E407C5
:10522000E007DC07D807D407D007CC07C807C407B6
:10523000C007BC07B807B407B007AC07A807A407A6
:10524000A0079C079807940790078C078807840796
:1052500080077C077807740770076C076807640786
:1052600060075C075807540750074C074807440776
:1052700040073C073807340730072C072807240766
:1052800020071C071807140710070C070807040756
:105290000007FC06F806F406F006EB06E706E30650
:1052A000DF06DB06D706D306CF06CB06C706C30646
:1052B000BF06BB06B706B306AF06AB06A706A30636
:1052C0009F069A06960692068E068A06860682062D
:1052D0007E067A06760672066E066A06660662061E
:1052E0005D065906550651064D0649064506410616
:1052F0003D063906350631062D0628062406200609
:105300001C061806140610060C06080604060006FD
:10531000FB05F705F305EF05EB05E705E305DF05FD
:10532000DB05D605D205CE05CA05C605C205BE05F4
:10533000BA05B605B105AD05A905A505A1059D05EB
:105340009905950590058C058805840580057C05E3
:10535000780574056F056B05670563055F055B05DB
:10536000570553054E054A05460542053E053A05D3
:10537000360531052D052905250521051D051805CD
:10538000140510050C05080504050005FB04F704C9
:10539000F304EF04EB04E704E204DE04DA04D604C9
:1053A000D204CE04C904C504C104BD04B904B504C3
:1053B000B004AC04A804A404A0049C0497049304BF
:1053C0008F048B04870482047E047A0476047204BA
:1053D0006E046904650461045D04590454045004B6
:1053E0004C04480444043F043B04370433042F04B2
:1053F0002A04260422041E041A04150411040D04B0
:10540000090405040004FC03F803F403EF03EB03B1
:10541000E703E303DF03DA03D603D203CE03C903B2
:10542000C503C103BD03B903B403B003AC03A803B0
:10543000A3039F039B03970393038E038A038603AF
:1054400082037D037903750371036C0368036403AE
:1054500060035B03570353034F034A0346034203AE
:105460003E033903350331032D03280324032003AE
:105470001C03170313030F030B0306030203FE02AF
:10548000FA02F502F102ED02E902E402E002DC02B6
:10549000D802D302CF02CB02C602C202BE02BA02B7
:1054A000B502B102AD02A902A402A0029C029702B9
:1054B00093028F028B02860282027E027A027502BA
:1054C00071026D026802640260025C0257025302BC
:1054D0004F024A02460242023E02390235023102BE
:1054E0002C02280224021F021B02170213020E02C2
:1054F0000A0206020102FD01F901F401F001EC01CA
:10550000E801E301DF01F509F109ED09E909E50920
:10551000E209DE09DA09D609D209CE09CA09C709A2
:10552000C309BF09BB09B709B309B009AC09A80988
:10553000A409A0099C099809950991098D0989096F
:10554000850981097D097909760972096E096A0957
:10555000660962095E095A09570953094F094B093F
:10556000470943093F093B093709340930092C0928
:105570002809240920091C091809140911090D0911
:10558000090905090109FD08F908F508F108ED0800
:10559000E908E608E208DE08DA08D608D208CE08EC
:1055A000CA08C608C208BE08BA08B608B308AF08D9
:1055B000AB08A708A3089F089B08970893088F08C3
:1055C0008B08870883087F087B08770874087008B1
:1055D0006C086808640860085C085808540850089B
:1055E0004C084808440840083C083808340830088B
:1055F0002C082808240820081C081808140810087B
:105600000D08090805080108FD07F907F507F10766
:10561000ED07E907E507E107DD07D907D507D1075A
:10562000CD07C907C507C107BD07B907B507B1074A
:10563000AD07A907A507A1079D079907950791073A
:105640008D078907850781077D077907750771072A
:105650006D076907650761075D075807540750071D
:105660004C074807440740073C0738073407300712
:105670002C072807240720071C0718071407100702
:105680000C07080704070007FC06F806F406EF06F7
:10569000EB06E706E306DF06DB06D706D306CF06F2
:1056A000CB06C706C306BF06BB06B706B306AF06E2
:1056B000AA06A606A2069E069A06960692068E06DA
:1056C0008A06860682067E067A06750671066D06CD
:1056D0006906650661065D065906550651064D06C2
:1056E0004906440640063C063806340630062C06B9
:1056F0002806240620061B06170613060F060B06AF
:1057000007060306FF05FB05F605F205EE05EA05AB
:10571000E605E205DE05DA05D605D105CD05C905A4
:10572000C505C105BD05B905B505B005AC05A8059C
:10573000A405A0059C05980593058F058B05870595
:1057400083057F057B05770572056E056A0566058D
:1057500062055E055905550551054D054905450587
:1057600041053C053805340530052C052805230581
:105770001F051B05170513050F050B05060502057B
:10578000FE04FA04F604F204ED04E904E504E1047D
:10579000DD04D804D404D004CC04C804C404BF0479
:1057A000BB04B704B304AF04AA04A604A2049E0475
:1057B0009A04960491048D048904850481047C0470
:1057C0007804740470046C04670463045F045B046D
:1057D000570452044E044A04460442043D0439046A
:1057E000350431042D042804240420041C04170467
:1057F00013040F040B0407040204FE03FA03F60368
:10580000F103ED03E903E503E103DC03D803D4036B
:10581000D003CB03C703C303BF03BB03B603B20369
:10582000AE03AA03A503A1039D0399039403900368
:105830008C03880383037F037B03770372036E0368
:105840006A03660361035D035903550350034C0368
:10585000480344033F033B03370333032E032A0368
:10586000260322031D031903150311030C03080368
:1058700004030003FB02F702F302EE02EA02E6026F
:10588000E202DD02D902D502D102CC02C802C40272
:10589000BF02BB02B702B302AE02AA02A602A20274
:1058A0009D029902950290028C02880284027F0276
:1058B0007B02770272026E026A02660261025D0278
:1058C0005902540250024C02470243023F023B027B
:1058D000360232022E022902250221021D0218027E
:1058E000140210020B0207020302FE01FA01F60184
:1058F0000F0A0B0A070A040A000AFC09F809F4094E
:10590000F009EC09E909E509E109DD09D909D50939
:10591000D109CE09CA09C609C209BE09BA09B60920
:10592000B309AF09AB09A709A3099F099B09970907
:10593000940990098C098809840980097C097809EF
:10594000740971096D096909650961095D095909D8
:10595000550951094D094A09460942093E093A09C2
:10596000360932092E092A09260922091F091B09AD
:10597000170913090F090B0907090309FF08FB0899
:10598000F708F308EF08EC08E808E408E008DC088A
:10599000D808D408D008CC08C808C408C008BC0877
:1059A000B808B408B008AD08A908A508A1089D0862
:1059B0009908950891088D088908850881087D084F
:1059C0007908750871086D086908650861085D083F
:1059D0005908550851084D084908450841083E082E
:1059E0003A08360832082E082A08260822081E0817
:1059F0001A08160812080E080A0806080208FE0708
:105A0000FA07F607F207EE07EA07E607E207DE07FE
:105A1000DA07D607D207CE07CA07C607C207BE07EE
:105A2000BA07B607B207AE07AA07A607A1079D07E0
:105A30009907950791078D078907850781077D07D6
:105A40007907750771076D076907650761075D07C6
:105A50005907550751074D074907450741073D07B6
:105A60003907350730072C072807240720071C07AC
:105A70001807140710070C07080704070007FC069F
:105A8000F806F406F006EB06E706E306DF06DB069B
:105A9000D706D306CF06CB06C706C306BF06BB068E
:105AA000B706B206AE06AA06A606A2069E069A0685
:105AB000960692068E068A06850681067D0679067A
:105AC000750671066D066906650661065D0658066F
:105AD000540650064C064806440640063C06380666
:105AE00033062F062B06270623061F061B0617065E
:105AF00013060E060A0606060206FE05FA05F60558
:105B0000F205ED05E905E505E105DD05D905D50554
:105B1000D105CC05C805C405C005BC05B805B4054C
:105B2000AF05AB05A705A3059F059B059705920546
:105B30008E058A05860582057E057A05750571053F
:105B40006D056905650561055C0558055405500539
:105B50004C05480543053F053B05370533052F0533
:105B60002A05260522051E051A05160511050D052F
:105B7000090505050105FD04F804F404F004EC042E
:105B8000E804E304DF04DB04D704D304CF04CA042D
:105B9000C604C204BE04BA04B504B104AD04A90429
:105BA000A504A0049C049804940490048B04870426
:105BB00083047F047B04760472046E046A04660422
:105BC00061045D045904550451044C044804440420
:105BD00040043B04370433042F042B04260422041E
:105BE0001E041A04150411040D040904050400041C
:105BF000FC03F803F403EF03EB03E703E303DE0323
:105C0000DA03D603D203CE03C903C503C103BD0320
:105C1000B803B403B003AC03A703A3039F039B0320
:105C2000960392038E038A03850381037D03790320
:105C3000740370036C03680363035F035B03570320
:105C400052034E034A03460341033D033903350320
:105C500030032C03280323031F031B031703120322
:105C60000E030A0306030103FD02F902F402F00227
:105C7000EC02E802E302DF02DB02D702D202CE022C
:105C8000CA02C502C102BD02B902B402B002AC022E
:105C9000A702A3029F029B02960292028E02890231
:105CA000850281027D027802740270026B02670233
:105CB00063025E025A02560252024D024902450236
:105CC00040023C02380233022F022B02270222023A
:105CD0001E021A02150211020D022A0A260A220ABF
:105CE0001E0A1A0A170A130A0F0A0B0A070A030ADE
:105CF000FF09FC09F809F409F009EC09E809E409CD
:105D0000E009DD09D909D509D109CD09C909C509B4
:105D1000C109BD09BA09B609B209AE09AA09A6099D
:105D2000A2099E099A09970993098F098B09870986
:105D300083097F097B09770973096F096C09680971
:105D4000640960095C095809540950094C0948095B
:105D5000440940093D093909350931092D09290945
:105D6000250921091D091909150911090D09090933
:105D700005090209FE08FA08F608F208EE08EA0822
:105D8000E608E208DE08DA08D608D208CE08CA0813
:105D9000C608C208BE08BA08B608B208AE08AA0803
:105DA000A708A3089F089B08970893088F088B08EB
:105DB000870883087F087B08770873086F086B08DB
:105DC000670863085F085B08570853084F084B08CB
:105DD000470843083F083B08370833082F082B08BB
:105DE000270823081F081B08170813080F080B08AB
:105DF00007080308FF07FB07F707F307EF07EB07A1
:105E0000E707E307DF07DB07D707D307CF07CB0792
:105E1000C707C307BF07BB07B707B207AE07AA0785
:105E2000A607A2079E079A07960792078E078A077A
:105E3000860782077E077A07760772076E076A076A
:105E4000660762075E075A07550751074D0749075E
:105E5000450741073D073907350731072D07290752
:105E6000250721071D071807140710070C07080747
:105E700004070007FC06F806F406F006EC06E80640
:105E8000E306DF06DB06D706D306CF06CB06C7063A
:105E9000C306BF06BB06B706B206AE06AA06A6062E
:105EA000A2069E069A06960692068E068906850624
:105EB00081067D067906750671066D06690664061B
:105EC00060065C065806540650064C064806440612
:105ED0003F063B06370633062F062B06270623060A
:105EE0001E061A06160612060E060A060606010603
:105EF000FD05F905F505F105ED05E905E405E00504
:105F0000DC05D805D405D005CC05C705C305BF05FC
:105F1000BB05B705B305AF05AA05A605A2059E05F5
:105F20009A05960591058D058905850581057D05EF
:105F30007905740570056C056805640560055B05E9
:105F4000570553054F054B05460542053E053A05E5
:105F5000360532052D052905250521051D051905DF
:105F6000140510050C0508050405FF04FB04F704DF
:105F7000F304EF04EA04E604E204DE04DA04D504E0
:105F8000D104CD04C904C504C004BC04B804B404DD
:105F9000B004AB04A704A3049F049B0496049204DA
:105FA0008E048A04860481047D04790475047004D7
:105FB0006C046804640460045B04570453044F04D5
:105FC0004B04460442043E043A04350431042D04D3
:105FD0002904240420041C04180414040F040B04D2
:105FE00007040304FE03FA03F603F203ED03E903D7
:105FF000E503E103DC03D803D403D003CB03C703D9
:10600000C303BF03BA03B603B203AE03A903A503D8
:10601000A1039D039803940390038C0387038303D8
:106020007F037B03760372036E036A0365036103D8
:106030005D035903540350034C03480343033F03D8
:106040003B03360332032E032A03250321031D03DA
:106050001903140310030C0307030303FF02FB02DD
:10606000F602F202EE02E902E502E102DD02D802E6
:10607000D402D002CB02C702C302BF02BA02B602E8
:10608000B202AD02A902A502A1029C0298029402EA
:106090008F028B02870283027E027A0276027102ED
:1060A0006D026902640260025C02580253024F02F0
:1060B0004B02460242023E023902350231022C02F4
:1060C00028022402450A410A3D0A390A360A320AE0
:1060D0002E0A2A0A260A220A1E0A1A0A170A130A6E
:1060E0000F0A0B0A070A030AFF09FB09F709F4095B
:1060F000F009EC09E809E409E009DC09D809D40948
:10610000D009CD09C909C509C109BD09B909B50930
:10611000B109AD09A909A509A2099E099A0996091B
:1061200092098E098A09860982097E097A09760907
:1061300072096F096B09670963095F095B095709F0
:1061400053094F094B09470943093F093B093709DF
:1061500033092F092C092809240920091C091809C9
:10616000140910090C09080904090009FC08F808B9
:10617000F408F008EC08E808E408E008DC08D808AF
:10618000D408D008CC08C808C408C008BD08B9089D
:10619000B508B108AD08A908A508A1089D08990887
:1061A000950891088D088908850881087D08790877
:1061B000750871086D086908650861085D08590867
:1061C000550851084D084908450841083D08390857
:1061D000350831082D082908240820081C0818084B
:1061E000140810080C08080804080008FC07F80741
:1061F000F407F007EC07E807E407E007DC07D80737
:10620000D407D007CC07C807C407C007BC07B80726
:10621000B407AF07AB07A707A3079F079B0797071D
:1062200093078F078B07870783077F077B0777070E
:1062300073076F076A07660762075E075A07560704
:1062400052074E074A07460742073E073A073607F6
:1062500031072D072907250721071D0719071507EE
:1062600011070D07090705070007FC06F806F406E5
:10627000F006EC06E806E406E006DC06D706D306E0
:10628000CF06CB06C706C306BF06BB06B706B306D6
:10629000AE06AA06A606A2069E069A0696069206CE
:1062A0008D068906850681067D06790675067106C6
:1062B0006D066806640660065C06580654065006BD
:1062C0004B06470643063F063B06370633062F06B6
:1062D0002A06260622061E061A06160612060D06AF
:1062E000090605060106FD05F905F505F005EC05AD
:1062F000E805E405E005DC05D705D305CF05CB05AA
:10630000C705C305BE05BA05B605B205AE05AA05A3
:10631000A505A1059D059905950591058C0588059F
:10632000840580057C05780573056F056B05670599
:1063300063055F055A05560552054E054A05450594
:1063400041053D053905350530052C052805240591
:1063500020051C05170513050F050B05070502058C
:10636000FE04FA04F604F204ED04E904E504E10491
:10637000DD04D804D404D004CC04C704C304BF048F
:10638000BB04B704B204AE04AA04A604A2049D048C
:106390009904950491048C048804840480047C048A
:1063A000770473046F046B04660462045E045A0489
:1063B000560451044D044904450440043C04380487
:1063C00034042F042B04270423041E041A04160487
:1063D00012040D04090405040104FD03F803F40389
:1063E000F003EC03E703E303DF03DB03D603D2038D
:1063F000CE03CA03C503C103BD03B803B403B0038E
:10640000AC03A703A3039F039B03960392038E038E
:106410008A03850381037D037903740370036C038E
:10642000670363035F035B03560352034E034A0390
:10643000450341033D033803340330032C03270392
:1064400023031F031B03160312030E030903050393
:106450000103FD02F802F402F002EB02E702E3029C
:10646000DF02DA02D602D202CD02C902C502C002A0
:10647000BC02B802B402AF02AB02A702A2029E02A3
:106480009A02950291028D028902840280027C02A6
:10649000770273026F026A02660262025E025902AA
:1064A000550251024C02480244023F023B02610A7B
:1064B0005D0A590A550A510A4D0A490A450A420A13
:1064C0003E0A3A0A360A320A2E0A2A0A260A220AFC
:1064D0001E0A1B0A170A130A0F0A0B0A070A030AE5
:1064E000FF09FB09F709F309F009EC09E809E409D8
:1064F000E009DC09D809D409D009CC09C809C409C4
:10650000C009BD09B909B509B109AD09A909A509AC
:10651000A1099D099909950991098D09890985099B
:1065200081097E097A09760972096E096A09660984
:1065300062095E095A09560952094E094A09460973
:1065400042093E093A09360932092E092A09260963
:1065500022091E091B09170913090F090B0907094D
:106560000309FF08FB08F708F308EF08EB08E70842
:10657000E308DF08DB08D708D308CF08CB08C70833
:10658000C308BF08BB08B708B308AF08AB08A70823
:10659000A3089F089B08970893088F088B08870813
:1065A00083087F087B08770873086F086B08670803
:1065B00063085F085B08570852084E084A084608F7
:1065C00042083E083A08360832082E082A082608EB
:1065D00022081E081A08160812080E080A080608DB
:1065E0000208FE07FA07F607F207EE07E907E507D4
:1065F000E107DD07D907D507D107CD07C907C507CB
:10660000C107BD07B907B507B107AD07A807A407BC
:10661000A0079C079807940790078C0788078407B2
:1066200080077C07780774076F076B0767076307A6
:106630005F075B07570753074F074B07470742079B
:106640003E073A07360732072E072A072607220792
:106650001E071A07150711070D0709070507010788
:10666000FD06F906F506F006EC06E806E406E00687
:10667000DC06D806D406D006CB06C706C306BF067E
:10668000BB06B706B306AF06AA06A606A2069E0676
:106690009A06960692068E068906850681067D066E
:1066A0007906750671066C066806640660065C0667
:1066B000580654064F064B06470643063F063B0660
:1066C000370632062E062A06260622061E061A0659
:1066D000150611060D06090605060106FC05F80556
:1066E000F405F005EC05E805E305DF05DB05D70556
:1066F000D305CF05CA05C605C205BE05BA05B60550
:10670000B105AD05A905A505A1059C05980594054C
:1067100090058C05880583057F057B057705730546
:106720006E056A05660562055E0559055505510544
:106730004D054905450540053C053805340530053E
:106740002B05270523051F051A05160512050E053D
:106750000A0505050105FD04F904F504F004EC043F
:10676000E804E404E004DB04D704D304CF04CA043F
:10677000C604C204BE04BA04B504B104AD04A9043D
:10678000A404A0049C04980494048F048B0487043C
:1067900083047E047A04760472046D04690465043B
:1067A00061045C045804540450044B04470443043B
:1067B0003F043B04360432042E042A042504210439
:1067C0001D041904140410040C0408040304FF033A
:1067D000FB03F703F203EE03EA03E503E103DD0342
:1067E000D903D403D003CC03C803C303BF03BB0343
:1067F000B703B203AE03AA03A603A1039D03990343
:10680000940390038C03880383037F037B03770344
:1068100072036E036A03650361035D035903540346
:1068200050034C03470343033F033B033603320348
:106830002E032903250321031D031803140310034A
:106840000B0307030303FF02FA02F602F202ED0252
:10685000E902E502E102DC02D802D402CF02CB0257
:10686000C702C202BE02BA02B602B102AD02A9025A
:10687000A402A0029C02970293028F028B0286025E
:1068800082027E027902750271026C026802640261
:106890005F025B02570252027D0A790A750A710A89
:1068A0006D0A690A650A610A5D0A590A560A520A9E
:1068B0004E0A4A0A460A420A3E0A3A0A360A320A88
:1068C0002E0A2B0A270A230A1F0A1B0A170A130A71
:1068D0000F0A0B0A070A030AFF09FB09F709F40963
:1068E000F009EC09E809E409E009DC09D809D40950
:1068F000D009CC09C809C409C009BC09B809B40940
:10690000B009AD09A909A509A1099D099909950928
:1069100091098D098909850981097D097909750917
:1069200071096D096909650961095D095909550907
:1069300051094D094909450941093D0939093509F7
:1069400031092D092909250921091D0919091509E7
:1069500011090D09090905090109FD08F908F508DA
:10696000F108ED08E908E508E108DD08D908D508CF
:10697000D108CD08C908C508C108BD08B908B508BF
:10698000B108AD08A908A508A1089D0899089508AF
:1069900091088D088908850881087D08790875089F
:1069A00071086D086908650861085D085908540890
:1069B00050084C084808440840083C083808340887
:1069C00030082C082808240820081C081808140877
:1069D00010080C0807080308FF07FB07F707F30771
:1069E000EF07EB07E707E307DF07DB07D707D30767
:1069F000CE07CA07C607C207BE07BA07B607B2075F
:106A0000AE07AA07A607A2079E0799079507910751
:106A10008D078907850781077D0779077507710746
:106A20006C076807640760075C075807540750073E
:106A30004C07470743073F073B07370733072F0735
:106A40002B07270722071E071A07160712070E072C
:106A50000A0706070207FD06F906F506F106ED0628
:106A6000E906E506E106DC06D806D406D006CC0623
:106A7000C806C406BF06BB06B706B306AF06AB061C
:106A8000A706A3069E069A06960692068E068A0614
:106A9000860681067D067906750671066D0668060E
:106AA000640660065C065806540650064B06470608
:106AB00043063F063B06370632062E062A06260602
:106AC00022061E061906150611060D0609060506FC
:106AD0000006FC05F805F405F005EB05E705E30500
:106AE000DF05DB05D705D205CE05CA05C605C205FB
:106AF000BD05B905B505B105AD05A905A405A005F8
:106B00009C05980594058F058B05870583057F05F2
:106B10007A05760572056E056A05650561055D05F0
:106B20005905550550054C05480544053F053B05ED
:106B3000370533052F052A05260522051E051A05EA
:106B4000150511050D05090504050005FC04F804EB
:106B5000F404EF04EB04E704E304DE04DA04D604EF
:106B6000D204CE04C904C504C104BD04B804B404ED
:106B7000B004AC04A704A3049F049B0496049204ED
:106B80008E048A04860481047D04790475047004EB
:106B90006C04680464045F045B04570453044E04EB
:106BA0004A04460442043D043904350431042C04EB
:106BB0002804240420041B04170413040E040A04EC
:106BC00006040204FD03F903F503F103EC03E803F3
:106BD000E403E003DB03D703D303CE03CA03C603F6
:106BE000C203BD03B903B503B103AC03A803A403F7
:106BF0009F039B03970393038E038A0386038203F9
:106C00007D037903750370036C03680364035F03FA
:106C10005B03570352034E034A03460341033D03FC
:106C20003903340330032C03270323031F031B03FF
:106C3000160312030E03090305030103FD02F80204
:106C4000F402F002EB02E702E302DE02DA02D6020D
:106C5000D102CD02C902C502C002BC02B802B30211
:106C6000AF02AB02A602A2029E0299029502910215
:106C70008D028802840280027B02770273026E0218
:106C80006A02990A950A910A8D0A890A850A820A76
:106C90007E0A7A0A760A720A6E0A6A0A660A620A24
:106CA0005E0A5A0A560A520A4F0A4B0A470A430A10
:106CB0003F0A3B0A370A330A2F0A2B0A270A230AFC
:106CC0001F0A1B0A170A130A0F0A0C0A080A040AE9
:106CD000000AFC09F809F409F009EC09E809E409DB
:106CE000E009DC09D809D409D009CC09C809C409CC
:106CF000C009BC09B809B409B009AC09A809A409BC
:106D0000A0099C099809940991098D0989098509A7
:106D100081097D097909750971096D096909650993
:106D200061095D095909550951094D094909450983
:106D300041093D093909350931092D092909250973
:106D400021091D091909150910090C090809040967
:106D50000009FC08F808F408F008EC08E808E40862
:106D6000E008DC08D808D408D008CC08C808C40853
:106D7000C008BC08B808B408B008AC08A808A40843
:106D8000A0089C08980893088F088B088708830838
:106D90007F087B08770873086F086B08670863082B
:106DA0005F085B08570853084F084A08460842081E
:106DB0003E083A08360832082E082A082608220813
:106DC0001E081A08160811080D0809080508010808
:106DD000FD07F907F507F107ED07E907E507E00704
:106DE000DC07D807D407D007CC07C807C407C007FB
:106DF000BC07B807B307AF07AB07A707A3079F07F1
:106E00009B07970793078E078A07860782077E07E7
:106E10007A07760772076E076907650761075D07DE
:106E20005907550751074D074907440740073C07D5
:106E30003807340730072C07280723071F071B07CD
:106E4000170713070F070B0706070207FE06FA06C8
:106E5000F606F206EE06E906E506E106DD06D906C7
:106E6000D506D106CC06C806C406C006BC06B806C0
:106E7000B406AF06AB06A706A3069F069B069606BA
:106E800092068E068A06860682067E0679067506B4
:106E900071066D066906650660065C0658065406AE
:106EA00050064B06470643063F063B0637063206AA
:106EB0002E062A06260622061E06190615061106A5
:106EC0000D06090604060006FC05F805F405EF05A5
:106ED000EB05E705E305DF05DB05D605D205CE05A5
:106EE000CA05C605C105BD05B905B505B105AC05A1
:106EF000A805A405A0059C05970593058F058B059E
:106F0000860582057E057A05760571056D0569059C
:106F1000650561055C055805540550054B05470599
:106F200043053F053B05360532052E052A05250597
:106F300021051D051905150510050C050805040595
:106F4000FF04FB04F704F304EE04EA04E604E2049D
:106F5000DD04D904D504D104CD04C804C404C0049C
:106F6000BC04B704B304AF04AB04A604A2049E049B
:106F70009A04950491048D048904840480047C049B
:106F8000780473046F046B04670462045E045A049B
:106F9000560451044D044904440440043C0438049C
:106FA00033042F042B04270422041E041A0416049D
:106FB00011040D04090404040004FC03F803F303A2
:106FC000EF03EB03E703E203DE03DA03D503D103A8
:106FD000CD03C903C403C003BC03B703B303AF03AA
:106FE000AB03A603A2039E039A03950391038D03AB
:106FF0008803840380037B03770373036F036A03AF
:10700000660362035D035903550351034C034803B0
:1070100044033F033B03370332032E032A032603B3
:1070200021031D031903140310030C0307030303B7
:10703000FF02FB02F602F202EE02E902E502E102C1
:10704000DC02D802D402CF02CB02C702C302BE02C6
:10705000BA02B602B102AD02A902A402A0029C02C9
:10706000970293028F028A0286028202B60AB20A4D
:10707000AE0AAA0AA60AA20A9E0A9A0A970A930ABE
:107080008F0A8B0A870A830A7F0A7B0A770A730AA8
:107090006F0A6B0A670A630A5F0A5B0A570A530A98
:1070A000500A4C0A480A440A400A3C0A380A340A80
:1070B000300A2C0A280A240A200A1C0A180A140A70
:1070C000100A0C0A080A040A000AFC09F809F40963
:1070D000F009EC09E809E409E009DC09D809D40958
:1070E000D009CC09C809C409C009BC09B809B40948
:1070F000B009AC09A809A409A0099C099809940938
:1071000090098C098809840980097C097809740927
:1071100070096C096809640960095C095809540917
:1071200050094C094809440940093C093809340907
:1071300030092C092809240920091C0918091409F7
:1071400010090C09080904090009FB08F708F308ED
:10715000EF08EB08E708E308DF08DB08D708D308E7
:10716000CF08CB08C708C308BF08BB08B708B308D7
:10717000AF08AA08A608A2089E089A0896089208CE
:107180008E088A08860882087E087A0876087108C0
:107190006D086908650861085D08590855085108B7
:1071A0004D084908450841083C08380834083008AB
:1071B0002C082808240820081C08180814080F08A0
:1071C0000B0807080308FF07FB07F707F307EF079C
:1071D000EB07E607E207DE07DA07D607D207CE0796
:1071E000CA07C607C107BD07B907B507B107AD078D
:1071F000A907A507A0079C079807940790078C0785
:10720000880784077F077B07770773076F076B077C
:10721000670763075E075A07560752074E074A0774
:10722000460741073D073907350731072D0729076D
:10723000240720071C071807140710070C07070767
:107240000307FF06FB06F706F306EF06EA06E60667
:10725000E206DE06DA06D606D106CD06C906C50662
:10726000C106BD06B806B406B006AC06A806A4065C
:107270009F069B06970693068F068B068606820658
:107280007E067A06760671066D0669066506610653
:107290005D065806540650064C06480643063F064F
:1072A0003B06370633062E062A06260622061E064B
:1072B0001906150611060D06090604060006FC054A
:1072C000F805F405EF05EB05E705E305DF05DA054D
:1072D000D605D205CE05CA05C505C105BD05B9054A
:1072E000B505B005AC05A805A4059F059B05970548
:1072F00093058F058A05860582057E057905750546
:1073000071056D056905640560055C055805530543
:107310004F054B05470542053E053A053605320542
:107320002D052905250521051C0518051405100541
:107330000B0507050305FF04FA04F604F204EE0446
:10734000E904E504E104DD04D804D404D004CC0449
:10735000C704C304BF04BB04B604B204AE04AA0449
:10736000A504A1049D049904940490048C04880449
:1073700083047F047B04770472046E046A0465044A
:1073800061045D045904540450044C04480443044B
:107390003F043B04360432042E042A04250421044D
:1073A0001D041904140410040C0407040304FF034F
:1073B000FB03F603F203EE03E903E503E103DD0358
:1073C000D803D403D003CB03C703C303BF03BA035B
:1073D000B603B203AD03A903A503A1039C0398035D
:1073E00094038F038B03870382037E037A03760360
:1073F00071036D036903640360035C035703530364
:107400004F034B03460342033E0339033503310365
:107410002C032803240320031B03170313030E0369
:107420000A0306030103FD02F902F402F002EC0272
:10743000E702E302DF02DA02D602D202CE02C9027A
:10744000C502C102BC02B802B402AF02AB02A7027D
:10745000A2029E029A02D30AD00ACC0AC80AC40A1F
:10746000C00ABC0AB80AB40AB00AAC0AA80AA40A3C
:10747000A00A9C0A980A940A900A8C0A880A840A2C
:10748000800A7C0A780A740A710A6D0A690A650A18
:10749000610A5D0A590A550A510A4D0A490A450A04
:1074A000410A3D0A390A350A310A2D0A290A250AF4
:1074B000210A1D0A190A150A110A0D0A090A050AE4
:1074C000010AFD09F909F509F109ED09E909E509DB
:1074D000E109DD09D909D509D109CD09C909C509CC
:1074E000C109BD09B909B509B109AD09A909A509BC
:1074F000A1099D099909950990098C0988098409B0
:1075000080097C097809740970096C0968096409A3
:1075100060095C095809540950094C094809440993
:1075200040093C093809340930092B092709230986
:107530001F091B09170913090F090B09070903097B
:10754000FF08FB08F708F308EF08EB08E608E20875
:10755000DE08DA08D608D208CE08CA08C608C2086B
:10756000BE08BA08B608B108AD08A908A508A10860
:107570009D089908950891088D0889088508800854
:107580007C087808740870086C086808640860084B
:107590005C08570853084F084B08470843083F0842
:1075A0003B08370833082E082A08260822081E0838
:1075B0001A08160812080E08090805080108FD0730
:1075C000F907F507F107ED07E807E407E007DC072F
:1075D000D807D407D007CC07C707C307BF07BB0727
:1075E000B707B307AF07AB07A607A2079E079A071F
:1075F000960792078E078907850781077D07790718
:10760000750771076C076807640760075C07580710
:1076100053074F074B07470743073F073B0736070B
:1076200032072E072A07260722071D071907150705
:1076300011070D07090704070007FC06F806F40602
:10764000F006EB06E706E306DF06DB06D706D20602
:10765000CE06CA06C606C206BD06B906B506B106FE
:10766000AD06A906A406A0069C06980694068F06F9
:107670008B06870683067F067A06760672066E06F6
:107680006A06650661065D065906550650064C06F3
:107690004806440640063B06370633062F062B06EF
:1076A000260622061E061A06160611060D060906ED
:1076B00005060006FC05F805F405F005EB05E705F1
:1076C000E305DF05DB05D605D205CE05CA05C505F0
:1076D000C105BD05B905B405B005AC05A805A405EF
:1076E0009F059B05970593058E058A0586058205EE
:1076F0007D057905750571056D05680564056005ED
:107700005C05570553054F054B05460542053E05EB
:107710003A05350531052D052905240520051C05EB
:10772000180513050F050B0507050205FE04FA04ED
:10773000F604F104ED04E904E504E004DC04D804F3
:10774000D404CF04CB04C704C204BE04BA04B604F4
:10775000B104AD04A904A504A0049C0498049404F5
:107760008F048B04870482047E047A0476047104F7
:107770006D046904640460045C04580453044F04F9
:107780004B04470442043E043A04350431042D04FA
:107790002904240420041C04170413040F040B04FC
:1077A00006040204FE03F903F503F103ED03E80305
:1077B000E403E003DB03D703D303CE03CA03C6030A
:1077C000C203BD03B903B503B003AC03A803A3030D
:1077D0009F039B03970392038E038A038503810310
:1077E0007D037803740370036B03670363035F0314
:1077F0005A03560352034D034903450340033C0318
:10780000380333032F032B03270322031E031A031A
:10781000150311030D03080304030003FB02F70221
:10782000F302EE02EA02E602E102DD02D902D4022C
:10783000D002CC02C702C302BF02BA02B602B20231
:10784000F10AEE0AEA0AE60AE20ADE0ADA0AD60AC9
:10785000D20ACE0ACA0AC60AC20ABE0ABA0AB60AB8
:10786000B20AAE0AAA0AA60AA20A9E0A9A0A960AA8
:10787000920A8E0A8A0A860A820A7E0A7A0A760A98
:10788000720A6E0A6A0A660A620A5E0A5A0A560A88
:10789000520A4E0A4A0A460A420A3E0A3A0A360A78
:1078A000320A2E0A2A0A260A220A1E0A1A0A160A68
:1078B000120A0E0A0A0A060A020AFE09FA09F6095B
:1078C000F209EE09EA09E609E209DE09DA09D60950
:1078D000D109CD09C909C509C109BD09B909B50948
:1078E000B109AD09A909A509A1099D099909950938
:1078F00091098D098909850981097D09780974092A
:1079000070096C096809640960095C09580954091F
:1079100050094C094809440940093C093709330911
:107920002F092B09270923091F091B091709130907
:107930000F090B0907090209FE08FA08F608F20800
:10794000EE08EA08E608E208DE08DA08D508D108F9
:10795000CD08C908C508C108BD08B908B508B108EF
:10796000AC08A808A408A0089C08980894089008E7
:107970008C08880883087F087B08770873086F08DD
:107980006B08670862085E085A08560852084E08D5
:107990004A08460842083D083908350831082D08CC
:1079A0002908250821081C081808140810080C08C4
:1079B00008080408FF07FB07F707F307EF07EB07C3
:1079C000E707E207DE07DA07D607D207CE07CA07BE
:1079D000C507C107BD07B907B507B107AD07A807B8
:1079E000A407A0079C07980794078F078B078707B2
:1079F00083077F077B07760772076E076A076607AC
:107A000062075D075907550751074D0749074407A6
:107A100040073C073807340730072B0727072307A1
:107A20001F071B07160712070E070A07060702079C
:107A3000FD06F906F506F106ED06E806E406E006A1
:107A4000DC06D806D306CF06CB06C706C306BE069D
:107A5000BA06B606B206AE06A906A506A1069D069A
:107A60009906940690068C06880684067F067B0697
:107A7000770673066F066A06660662065E065A0693
:107A8000550651064D064906440640063C06380692
:107A900034062F062B06270623061E061A06160690
:107AA00012060E06090605060106FD05F805F40591
:107AB000F005EC05E705E305DF05DB05D705D20595
:107AC000CE05CA05C605C105BD05B905B505B00594
:107AD000AC05A805A4059F059B05970593058E0594
:107AE0008A05860582057D057905750571056C0594
:107AF0006805640560055B05570553054F054A0594
:107B0000460542053E053905350531052D05280593
:107B1000240520051C05170513050F050A05060594
:107B20000205FE04F904F504F104ED04E804E4049C
:107B3000E004DC04D704D304CF04CA04C604C2049E
:107B4000BE04B904B504B104AC04A804A404A004A0
:107B50009B04970493048F048A04860482047D04A2
:107B60007904750471046C04680464045F045B04A4
:107B7000570453044E044A04460441043D043904A6
:107B8000340430042C04280423041F041B041604AA
:107B900012040E040A0405040104FD03F803F403AF
:107BA000F003EB03E703E303DF03DA03D603D203B7
:107BB000CD03C903C503C003BC03B803B303AF03BC
:107BC000AB03A703A2039E039A03950391038D03BE
:107BD0008803840380037B03770373036E036A03C4
:107BE000660362035D035903550350034C034803C6
:107BF00043033F033B03360332032E0329032503CC
:107C000021031C03180314030F030B0307030203D0
:107C1000FE02FA02F502F102ED02E802E402E002DD
:107C2000DB02D702D302CE02CA02100B0C0B080BE8
:107C3000040B000BFC0AF80AF40AF00AEC0AE80A42
:107C4000E40AE00ADC0AD80AD40AD00ACC0AC80A34
:107C5000C40AC00ABC0AB80AB40AB00AAC0AA80A24
:107C6000A40AA00A9C0A980A940A900A8C0A880A14
:107C7000840A800A7C0A780A740A700A6C0A680A04
:107C8000640A600A5C0A580A540A500A4C0A480AF4
:107C9000440A400A3C0A380A340A300A2C0A270AE5
:107CA000230A1F0A1B0A170A130A0F0A0B0A070ADC
:107CB000030AFF09FB09F709F309EF09EB09E709D3
:107CC000E309DF09DB09D609D209CE09CA09C609C9
:107CD000C209BE09BA09B609B209AE09AA09A609BC
:107CE000A2099E099909950991098D0989098509B2
:107CF00081097D097909750971096D0969096409A5
:107D000060095C095809540950094C09480944099B
:107D100040093C09370933092F092B092709230991
:107D20001F091B09170913090E090A090609020987
:107D3000FE08FA08F608F208EE08EA08E508E10885
:107D4000DD08D908D508D108CD08C908C408C0087D
:107D5000BC08B808B408B008AC08A808A4089F0874
:107D60009B08970893088F088B08870882087E086D
:107D70007A08760872086E086A08660861085D0865
:107D80005908550851084D084908440840083C085E
:107D90003808340830082C08270823081F081B0857
:107DA000170813080E080A0806080208FE07FA0753
:107DB000F607F107ED07E907E507E107DD07D80753
:107DC000D407D007CC07C807C407BF07BB07B7074E
:107DD000B307AF07AB07A607A2079E079A07960748
:107DE00091078D078907850781077D077807740745
:107DF00070076C07680763075F075B075707530740
:107E00004F074A07460742073E073A07350731073B
:107E10002D072907250720071C0718071407100737
:107E20000B0707070307FF06FB06F606F206EE063A
:107E3000EA06E606E106DD06D906D506D106CC0639
:107E4000C806C406C006BB06B706B306AF06AB0637
:107E5000A606A2069E069A06960691068D06890635
:107E6000850680067C067806740670066B06670633
:107E700063065F065A06560652064E064906450632
:107E800041063D063906340630062C062806230630
:107E90001F061B06170612060E060A060606010630
:107EA000FD05F905F505F005EC05E805E405DF0538
:107EB000DB05D705D305CE05CA05C605C205BD0538
:107EC000B905B505B105AC05A805A405A0059B0538
:107ED000970593058F058A05860582057E05790538
:107EE000750571056D056805640560055B05570539
:107EF00053054F054A05460542053E05390535053A
:107F000031052C052805240520051B05170513053B
:107F10000F050A0506050205FD04F904F504F10440
:107F2000EC04E804E404DF04DB04D704D304CE0447
:107F3000CA04C604C104BD04B904B504B004AC0449
:107F4000A804A3049F049B04970492048E048A044B
:107F5000850481047D047904740470046C0467044E
:107F600063045F045A04560452044E044904450451
:107F700041043C04380434042F042B042704230454
:107F80001E041A04160411040D0409040404000458
:107F9000FC03F703F303EF03EA03E603E203DE0364
:107FA000D903D503D103CC03C803C403BF03BB0368
:107FB000B703B203AE03AA03A503A1039D0398036D
:107FC000940390038C03870383037F037A03760370
:107FD00072036D036903650360035C035803530375
:107FE0004F034B03460342033E033903350331037A
:107FF0002C03280324031F031B03170312030E0380
:108000000A0305030103FD02F802F402F002EB0289
:10801000E702E3022F0B2B0B270B230B1F0B1B0B72
:10802000170B130B0F0B0B0B070B030BFF0AFB0AB2
:10803000F70AF30AEF0AEB0AE70AE30ADF0ADB0AA8
:10804000D70AD30ACF0ACB0AC70AC30ABF0ABB0A98
:10805000B70AB30AAF0AAB0AA70AA30A9F0A9B0A88
:10806000970A930A8F0A8A0A860A820A7E0A7A0A7D
:10807000760A720A6E0A6A0A660A620A5E0A5A0A70
:10808000560A520A4E0A4A0A460A420A3D0A390A62
:10809000350A310A2D0A290A250A210A1D0A190A58
:1080A000150A110A0D0A090A050A000AFC09F8094D
:1080B000F409F009EC09E809E409E009DC09D80948
:1080C000D409CF09CB09C709C309BF09BB09B7093F
:1080D000B309AF09AB09A709A3099E099A09960933
:1080E00092098E098A09860982097E097A09750929
:1080F00071096D096909650961095D095909550920
:1081000050094C094809440940093C093809340917
:108110002F092B09270923091F091B09170913090F
:108120000F090A0906090209FE08FA08F608F2080A
:10813000ED08E908E508E108DD08D908D508D10807
:10814000CC08C808C408C008BC08B808B408AF0800
:10815000AB08A708A3089F089B08970892088E08F9
:108160008A08860882087E087908750871086D08F3
:108170006908650861085C085808540850084C08EC
:10818000480843083F083B08370833082F082A08E7
:10819000260822081E081A08160811080D080908E2
:1081A00005080108FC07F807F407F007EC07E807E3
:1081B000E307DF07DB07D707D307CE07CA07C607E2
:1081C000C207BE07BA07B507B107AD07A907A507DC
:1081D000A0079C079807940790078B0787078307DA
:1081E0007F077B07760772076E076A0766076107D6
:1081F0005D075907550751074C07480744074007D3
:108200003C07370733072F072B07260722071E07D0
:108210001A07160711070D07090705070107FC06CE
:10822000F806F406F006EB06E706E306DF06DB06D3
:10823000D606D206CE06CA06C506C106BD06B906D2
:10824000B406B006AC06A806A4069F069B069706D1
:1082500093068E068A06860682067D0679067506D0
:1082600071066C066806640660065B0657065306D0
:108270004F064A06460642063E06390635063106D0
:108280002D062806240620061C06170613060F06D0
:108290000B0606060206FE05FA05F505F105ED05D5
:1082A000E905E405E005DC05D805D305CF05CB05D8
:1082B000C605C205BE05BA05B505B105AD05A905DA
:1082C000A405A0059C05980593058F058B058605DB
:1082D00082057E057A05750571056D0568056405DD
:1082E00060055C05570553054F054B0546054205DE
:1082F0003E053905350531052D05280524052005E0
:108300001B05170513050F050A0506050205FD04E3
:10831000F904F504F004EC04E804E404DF04DB04ED
:10832000D704D204CE04CA04C604C104BD04B904EF
:10833000B404B004AC04A704A3049F049B049604F3
:1083400092048E048904850481047C0478047404F6
:108350006F046B04670463045E045A0456045104FA
:108360004D044904440440043C04370433042F04FE
:108370002B04260422041E041904150411040C0401
:1083800008040404FF03FB03F703F203EE03EA030C
:10839000E503E103DD03D803D403D003CB03C70314
:1083A000C303BF03BA03B603B203AD03A903A50316
:1083B000A0039C03980393038F038B03860382031C
:1083C0007E037903750371036C03680364035F0321
:1083D0005B03570352034E034A03450341033D0326
:1083E0003803340330032B03270323031E031A032C
:1083F000160311030D03090304030003FC02500BD1
:108400004B0B470B430B3F0B3B0B370B330B2F0B2C
:108410002B0B270B230B1F0B1B0B170B130B0F0B1C
:108420000B0B070B030BFF0AFB0AF70AF30AEF0A11
:10843000EB0AE70AE20ADE0ADA0AD60AD20ACE0A0A
:10844000CA0AC60AC20ABE0ABA0AB60AB20AAE0AFC
:10845000AA0AA60AA10A9D0A990A950A910A8D0AF2
:10846000890A850A810A7D0A790A750A710A6D0AE4
:10847000680A640A600A5C0A580A540A500A4C0ADC
:10848000480A440A400A3C0A370A330A2F0A2B0AD0
:10849000270A230A1F0A1B0A170A130A0F0A0A0AC5
:1084A000060A020AFE09FA09F609F209EE09EA09C2
:1084B000E509E109DD09D909D509D109CD09C909BC
:1084C000C509C009BC09B809B409B009AC09A809B3
:1084D000A409A0099B09970993098F098B098709AA
:1084E00083097F097A09760972096E096A096609A2
:1084F00062095D095909550951094D09490945099B
:1085000041093C093809340930092C092809240992
:108510001F091B09170913090F090B09060902098D
:10852000FE08FA08F608F208EE08E908E508E1088E
:10853000DD08D908D508D008CC08C808C408C00888
:10854000BC08B708B308AF08AB08A708A3089E0883
:108550009A08960892088E088A08850881087D087E
:108560007908750871086C086808640860085C0878
:10857000570853084F084B08470843083E083A0875
:10858000360832082E082908250821081D08190870
:10859000140810080C0808080408FF07FB07F70771
:1085A000F307EF07EA07E607E207DE07DA07D50772
:1085B000D107CD07C907C507C007BC07B807B4076F
:1085C000B007AB07A707A3079F079B07960792076C
:1085D0008E078A07850781077D077907750770076A
:1085E0006C07680764075F075B07570753074F0768
:1085F0004A07460742073E073907350731072D0767
:108600002907240720071C07180713070F070B0764
:1086100007070207FE06FA06F606F106ED06E9066A
:10862000E506E106DC06D806D406D006CB06C7066A
:10863000C306BF06BA06B606B206AE06A906A5066A
:10864000A1069D069806940690068C06870683066A
:108650007F067B06760672066E066906650661066B
:108660005D065806540650064C06470643063F066C
:108670003B06360632062E062A06250621061D066C
:108680001806140610060C0607060306FF05FB0570
:10869000F605F205EE05E905E505E105DD05D80578
:1086A000D405D005CC05C705C305BF05BA05B60579
:1086B000B205AE05A905A505A1059C05980594057B
:1086C00090058B05870583057E057A05760572057D
:1086D0006D056905650560055C05580553054F0581
:1086E0004B05470542053E053A05350531052D0583
:1086F0002905240520051C05170513050F050A0586
:1087000006050205FD04F904F504F104EC04E8048F
:10871000E404DF04DB04D704D204CE04CA04C60494
:10872000C104BD04B904B404B004AC04A704A30498
:108730009F049A04960492048D048904850481049C
:108740007C04780474046F046B04670462045E04A0
:108750005A04550451044D044804440440043B04A5
:10876000370433042E042A04260421041D041904AA
:10877000140410040C0407040304FF03FA03F603B3
:10878000F203ED03E903E503E103DC03D803D403BB
:10879000CF03CB03C703C203BE03BA03B503B103C0
:1087A000AD03A803A4039F039B03970392038E03C7
:1087B0008A03850381037D037803740370036B03CD
:1087C000670363035E035A03560351034D034903D2
:1087D000440340033C03370333032F032A032603D8
:1087E00022031D0319031503700B6C0B680B640B3C
:1087F000600B5C0B580B540B500B4C0B480B440B91
:10880000400B3C0B380B330B2F0B2B0B270B230B85
:108810001F0B1B0B170B130B0F0B0B0B070B030B78
:10882000FF0AFA0AF60AF20AEE0AEA0AE60AE20A77
:10883000DE0ADA0AD60AD20ACE0AC90AC50AC10A6B
:10884000BD0AB90AB50AB10AAD0AA90AA50AA10A60
:108850009C0A980A940A900A8C0A880A840A800A58
:108860007C0A780A730A6F0A6B0A670A630A5F0A4E
:108870005B0A570A530A4E0A4A0A460A420A3E0A45
:108880003A0A360A320A2E0A290A250A210A1D0A3C
:10889000190A150A110A0D0A080A040A000AFC0935
:1088A000F809F409F009EB09E709E309DF09DB0935
:1088B000D709D309CF09CA09C609C209BE09BA092D
:1088C000B609B209AD09A909A509A1099D09990926
:1088D000950990098C098809840980097C09770920
:1088E00073096F096B09670963095F095A0956091A
:1088F00052094E094A09460941093D093909350914
:1089000031092D092809240920091C09180914090D
:108910000F090B0907090309FF08FA08F608F2080E
:10892000EE08EA08E608E108DD08D908D508D1080C
:10893000CC08C808C408C008BC08B808B308AF0809
:10894000AB08A708A3089E089A08960892088E0804
:108950008908850881087D087908740870086C0802
:10896000680864085F085B08570853084F084A08FE
:10897000460842083E083A08350831082D082908FB
:10898000250820081C08180814080F080B080708F9
:108990000308FF07FA07F607F207EE07E907E507FE
:1089A000E107DD07D907D407D007CC07C807C307FD
:1089B000BF07BB07B707B307AE07AA07A607A207FB
:1089C0009D079907950791078C07880784078007FB
:1089D0007B07770773076F076B07660762075E07FA
:1089E0005A07550751074D074907440740073C07F9
:1089F000380733072F072B07270722071E071A07F9
:108A0000160711070D07090705070007FC06F806FA
:108A1000F406EF06EB06E706E306DE06DA06D60600
:108A2000D106CD06C906C506C006BC06B806B40602
:108A3000AF06AB06A706A3069E069A069606910603
:108A40008D068906850680067C06780674066F0604
:108A50006B06670662065E065A06560651064D0606
:108A60004906450640063C06380633062F062B0607
:108A7000270622061E061A06150611060D06090609
:108A800004060006FC05F705F305EF05EB05E60512
:108A9000E205DE05D905D505D105CC05C805C40517
:108AA000C005BB05B705B305AE05AA05A605A20519
:108AB0009D059905950590058C05880583057F051D
:108AC0007B05770572056E056A05650561055D051F
:108AD0005805540550054B05470543053F053A0524
:108AE000360532052D052905250520051C05180527
:108AF00013050F050B0506050205FE04FA04F5042F
:108B0000F104ED04E804E404E004DB04D704D30436
:108B1000CE04CA04C604C104BD04B904B404B0043C
:108B2000AC04A704A3049F049A04960492048D0441
:108B30008904850480047C04780473046F046B0446
:108B4000670462045E045A04550451044D04480449
:108B5000440440043B04370433042E042A0426044E
:108B600021041D041904140410040B040704030455
:108B7000FE03FA03F603F103ED03E903E403E00364
:108B8000DC03D703D303CF03CA03C603C203BD0369
:108B9000B903B503B003AC03A803A3039F039B036E
:108BA000960392038E038903850381037C03780374
:108BB00073036F036B03660362035E03590355037C
:108BC00051034C03480344033F033B033703320381
:108BD0002E03920B8E0B8A0B860B820B7E0B7A0B6D
:108BE000750B710B6D0B690B650B610B5D0B590BF5
:108BF000550B510B4D0B490B440B400B3C0B380BE9
:108C0000340B300B2C0B280B240B200B1B0B170BDE
:108C1000130B0F0B0B0B070B030BFF0AFB0AF60AD8
:108C2000F20AEE0AEA0AE60AE20ADE0ADA0AD60AD4
:108C3000D10ACD0AC90AC50AC10ABD0AB90AB50ACC
:108C4000B00AAC0AA80AA40AA00A9C0A980A940AC4
:108C50008F0A8B0A870A830A7F0A7B0A770A720ABD
:108C60006E0A6A0A660A620A5E0A5A0A560A510AB5
:108C70004D0A490A450A410A3D0A390A340A300AAE
:108C80002C0A280A240A200A1B0A170A130A0F0AA8
:108C90000B0A070A030AFE09FA09F609F209EE09A6
:108CA000EA09E509E109DD09D909D509D109CC09A4
:108CB000C809C409C009BC09B809B309AF09AB099F
:108CC000A709A3099F099A09960992098E098A0999
:108CD000850981097D097909750971096C09680996
:108CE000640960095C09570953094F094B09470991
:108CF00043093E093A09360932092E09290925098D
:108D000021091D091909140910090C090809040988
:108D1000FF08FB08F708F308EF08EA08E608E2088E
:108D2000DE08DA08D508D108CD08C908C508C0088A
:108D3000BC08B808B408AF08AB08A708A3089F0888
:108D40009A08960892088E088908850881087D0887
:108D50007908740870086C08680863085F085B0885
:108D6000570853084E084A08460842083D08390883
:108D7000350831082D082808240820081C08170881
:108D800013080F080B0806080208FE07FA07F50784
:108D9000F107ED07E907E407E007DC07D807D30789
:108DA000CF07CB07C707C207BE07BA07B607B10789
:108DB000AD07A907A507A0079C07980794078F0789
:108DC0008B07870783077E077A07760772076D0789
:108DD0006907650761075C075807540750074B0789
:108DE000470743073F073A07360732072D0729078A
:108DF000250721071C071807140710070B0707078B
:108E00000307FE06FA06F606F206ED06E906E50693
:108E1000E106DC06D806D406CF06CB06C706C30695
:108E2000BE06BA06B606B106AD06A906A506A00698
:108E30009C06980693068F068B06870682067E069A
:108E40007A06750671066D066906640660065C069C
:108E5000570653064F064A06460642063E063906A0
:108E6000350631062C06280624061F061B061706A3
:108E700013060E060A0606060106FD05F905F405A9
:108E8000F005EC05E805E305DF05DB05D605D205B1
:108E9000CE05C905C505C105BC05B805B405B005B5
:108EA000AB05A705A3059E059A05960591058D05B9
:108EB0008905840580057C05770573056F056A05BE
:108EC000660562055E055905550551054C054805C1
:108ED00044053F053B05370532052E052A052505C6
:108EE00021051D051805140510050B0507050305CB
:108EF000FE04FA04F604F104ED04E904E404E004D9
:108F0000DC04D704D304CF04CA04C604C204BD04DD
:108F1000B904B504B004AC04A804A3049F049B04E2
:108F2000960492048E048904850481047C047804E8
:108F300074046F046B04670462045E045A045504ED
:108F400051044D044804440440043B0437043304F2
:108F50002E042A04250421041D04180414041004FA
:108F60000B0407040304FE03FA03F603F103ED0305
:108F7000E903E403E003DC03D703D303CF03CA030D
:108F8000C603C103BD03B903B403B003AC03A70315
:108F9000A3039F039A03960392038D03890384031B
:108FA00080037C03770373036F036A036603620322
:108FB0005D035903550350034C034703B50BB10B35
:108FC000AC0BA80BA40BA00B9C0B980B940B900B59
:108FD0008C0B870B830B7F0B7B0B770B730B6F0B50
:108FE0006B0B670B620B5E0B5A0B560B520B4E0B47
:108FF0004A0B460B410B3D0B390B350B310B2D0B3F
:10900000290B240B200B1C0B180B140B100B0C0B37
:10901000070B030BFF0AFB0AF70AF30AEF0AEA0A37
:10902000E60AE20ADE0ADA0AD60AD20ACD0AC90A32
:10903000C50AC10ABD0AB90AB40AB00AAC0AA80A2C
:10904000A40AA00A9C0A970A930A8F0A8B0A870A25
:10905000830A7E0A7A0A760A720A6E0A6A0A650A20
:10906000610A5D0A590A550A510A4C0A480A440A1B
:10907000400A3C0A370A330A2F0A2B0A270A230A16
:109080001E0A1A0A160A120A0E0A090A050A010A13
:10909000FD09F909F509F009EC09E809E409E00915
:1090A000DB09D709D309CF09CB09C609C209BE0913
:1090B000BA09B609B109AD09A909A509A1099C090F
:1090C0009809940990098C09870983097F097B090C
:1090D000770972096E096A09660962095D09590909
:1090E000550951094C094809440940093C09370907
:1090F00033092F092B09260922091E091A09160905
:1091000011090D09090905090009FC08F808F40806
:10911000F008EB08E708E308DF08DA08D608D20809
:10912000CE08C908C508C108BD08B908B408B00808
:10913000AC08A808A3089F089B08970892088E0807
:109140008A08860881087D087908750870086C0807
:10915000680864085F085B08570853084E084A0807
:10916000460842083D083908350831082C08280807
:10917000240820081B08170813080F080A08060807
:109180000208FE07F907F507F107EC07E807E4070F
:10919000E007DB07D707D307CF07CA07C607C20711
:1091A000BE07B907B507B107AC07A807A407A00712
:1091B0009B07970793078E078A07860782077D0715
:1091C0007907750771076C07680764075F075B0716
:1091D000570753074E074A07460741073D07390718
:1091E000350730072C07280723071F071B0717071A
:1091F00012070E070A0705070107FD06F906F40620
:10920000F006EC06E706E306DF06DA06D606D20627
:10921000CE06C906C506C106BC06B806B406AF062A
:10922000AB06A706A3069E069A06960691068D062D
:109230008906840680067C06770673066F066B0631
:10924000660662065E065906550651064C06480635
:1092500044063F063B06370632062E062A06260639
:1092600021061D061906140610060C06070603063D
:10927000FF05FA05F605F205ED05E905E505E0054A
:10928000DC05D805D305CF05CB05C605C205BE054F
:10929000BA05B505B105AD05A805A405A0059B0552
:1092A000970593058E058A05860581057D05790557
:1092B000740570056C05670563055F055A0556055D
:1092C00052054D054905450540053C053805330562
:1092D0002F052B05260522051E0519051505110567
:1092E0000C0508050305FF04FB04F604F204EE0474
:1092F000E904E504E104DC04D804D404CF04CB047D
:10930000C704C204BE04BA04B504B104AD04A80481
:10931000A404A0049B04970492048E048A04850488
:1093200081047D047804740470046B04670463048E
:109330005E045A04560451044D0449044404400494
:109340003B04370433042E042A04260421041D049C
:109350001904140410040C0407040304FE03FA03A4
:10936000F603F103ED03E903E403E003DC03D703B1
:10937000D303CE03CA03C603C103BD03B903B403B9
:10938000B003AC03A703A3039E039A0396039103C0
:109390008D038903840380037C03770373036E03C7
:1093A0006A0366036103D80BD40BD00BCC0BC80B3C
:1093B000C40BC00BBB0BB70BB30BAF0BAB0BA70BAB
:1093C000A30B9E0B9A0B960B920B8E0B8A0B850BA5
:1093D000810B7D0B790B750B710B6D0B680B640B9F
:1093E000600B5C0B580B540B4F0B4B0B470B430B99
:1093F0003F0B3B0B360B320B2E0B2A0B260B220B93
:109400001D0B190B150B110B0D0B080B040B000B8F
:10941000FC0AF80AF40AEF0AEB0AE70AE30ADF0A91
:10942000DA0AD60AD20ACE0ACA0AC60AC10ABD0A8E
:10943000B90AB50AB10AAC0AA80AA40AA00A9C0A89
:10944000970A930A8F0A8B0A870A820A7E0A7A0A87
:10945000760A720A6D0A690A650A610A5D0A580A83
:10946000540A500A4C0A480A430A3F0A3B0A370A80
:10947000330A2E0A2A0A260A220A1E0A190A150A7D
:10948000110A0D0A080A040A000AFC09F809F3097E
:10949000EF09EB09E709E209DE09DA09D609D20981
:1094A000CD09C909C509C109BC09B809B409B00980
:1094B000AC09A709A3099F099B09960992098E097E
:1094C0008A09850981097D097909740970096C097E
:1094D000680964095F095B09570953094E094A097C
:1094E000460942093D093909350931092C0928097C
:1094F000240920091B09170913090F090A0906097C
:109500000209FE08F908F508F108ED08E808E40882
:10951000E008DC08D708D308CF08CB08C608C20883
:10952000BE08B908B508B108AD08A808A408A00885
:109530009C08970893088F088B08860882087E0885
:109540007908750871086D086808640860085C0887
:10955000570853084F084A08460842083E08390889
:10956000350831082D082808240820081B0817088A
:1095700013080F080A0806080208FD07F907F5078F
:10958000F107EC07E807E407DF07DB07D707D30796
:10959000CE07CA07C607C107BD07B907B407B0079A
:1095A000AC07A807A3079F079B07960792078E079C
:1095B0008A07850781077D077807740770076B079F
:1095C000670763075F075A07560752074D074907A2
:1095D000450740073C07380733072F072B072707A6
:1095E00022071E071A07150711070D0708070407AA
:1095F0000007FB06F706F306EE06EA06E606E206B5
:10960000DD06D906D506D006CC06C806C306BF06B9
:10961000BB06B606B206AE06A906A506A1069C06BE
:10962000980694068F068B06870682067E067A06C3
:10963000760671066D066906640660065C065706C6
:1096400053064F064A06460642063D0639063506CB
:1096500030062C06280623061F061B0616061206D1
:109660000E06090605060106FC05F805F405EF05DA
:10967000EB05E705E205DE05DA05D505D105CD05E3
:10968000C805C405BF05BB05B705B205AE05AA05EB
:10969000A505A1059D059805940590058B058705F1
:1096A00083057E057A05760571056D0569056405F6
:1096B00060055C05570553054F054A0546054105FC
:1096C0003D053905340530052C05270523051F0503
:1096D0001A05160512050D05090505050005FC040A
:1096E000F704F304EF04EA04E604E204DD04D90419
:1096F000D504D004CC04C804C304BF04BA04B6041F
:10970000B204AD04A904A504A0049C049804930425
:109710008F048A04860482047D047904750470042D
:109720006C04680463045F045A04560452044D0434
:109730004904450440043C04380433042F042A043B
:10974000260422041D041904150410040C04070443
:109750000304FF03FA03F603F203ED03E903E50351
:10976000E003DC03D703D303CF03CA03C603C2035A
:10977000BD03B903B403B003AC03A703A3039F0362
:109780009A03960391038D038903840380037C036A
:10979000FD0BF90BF50BF10BED0BE80BE40BE00BFC
:1097A000DC0BD80BD40BCF0BCB0BC70BC30BBF0BF6
:1097B000BA0BB60BB20BAE0BAA0BA50BA10B9D0BF4
:1097C000990B950B900B8C0B880B840B800B7C0BEF
:1097D000770B730B6F0B6B0B670B620B5E0B5A0BEC
:1097E000560B520B4D0B490B450B410B3C0B380BE9
:1097F000340B300B2C0B270B230B1F0B1B0B170BE6
:10980000120B0E0B0A0B060B020BFD0AF90AF50AE6
:10981000F10AEC0AE80AE40AE00ADC0AD70AD30AE9
:10982000CF0ACB0AC60AC20ABE0ABA0AB60AB10AE7
:10983000AD0AA90AA50AA00A9C0A980A940A900AE5
:109840008B0A870A830A7F0A7A0A760A720A6E0AE4
:10985000690A650A610A5D0A580A540A500A4C0AE4
:10986000470A430A3F0A3B0A370A320A2E0A2A0AE3
:10987000260A210A1D0A190A150A100A0C0A080AE2
:10988000040AFF09FB09F709F309EE09EA09E609E9
:10989000E209DD09D909D509D109CC09C809C409EA
:1098A000BF09BB09B709B309AE09AA09A609A209EC
:1098B0009D099909950991098C09880984098009EC
:1098C0007B09770973096E096A09660962095D09EE
:1098D0005909550951094C094809440940093B09EE
:1098E000370933092E092A09260922091D091909F0
:1098F000150910090C0908090409FF08FB08F708F5
:10990000F208EE08EA08E608E108DD08D908D408FC
:10991000D008CC08C808C308BF08BB08B608B208FE
:10992000AE08AA08A508A1089D0898089408900800
:109930008C08870883087F087A08760872086D0803
:109940006908650861085C08580854084F084B0806
:10995000470842083E083A08360831082D08290809
:10996000240820081C08170813080F080B0806080D
:109970000208FE07F907F507F107EC07E807E40717
:10998000DF07DB07D707D207CE07CA07C607C1071D
:10999000BD07B907B407B007AC07A707A3079F0720
:1099A0009A07960792078D078907850780077C0726
:1099B000780773076F076B07670762075E075A0729
:1099C000550751074D074807440740073B0737072E
:1099D00033072E072A07260721071D071907140733
:1099E00010070C0707070307FF06FA06F606F2063C
:1099F000ED06E906E506E006DC06D806D306CF0646
:109A0000CB06C606C206BE06B906B506B106AC064A
:109A1000A806A4069F069B06970692068E068A064F
:109A2000850681067C06780674066F066B06670657
:109A300062065E065A06550651064D06480644065D
:109A400040063B06370633062E062A062606210662
:109A50001D061806140610060B0607060306FE056B
:109A6000FA05F605F105ED05E905E405E005DC0577
:109A7000D705D305CE05CA05C605C105BD05B9057F
:109A8000B405B005AC05A705A3059F059A05960585
:109A900091058D058905840580057C05770573058D
:109AA0006F056A05660561055D0559055405500594
:109AB0004C05470543053F053A05360531052D059B
:109AC0002905240520051C05170513050F050A05A2
:109AD00006050105FD04F904F404F004EC04E704B0
:109AE000E304DE04DA04D604D104CD04C904C404BA
:109AF000C004BB04B704B304AE04AA04A604A104C2
:109B00009D049904940490048B04870483047E04C8
:109B10007A04760471046D046804640460045B04D0
:109B2000570452044E044A04450441043D043804D9
:109B300034042F042B04270422041E041A041504E1
:109B400011040C0408040404FF03FB03F703F203ED
:109B5000EE03E903E503E103DC03D803D303CF03FA
:109B6000CB03C603C203BE03B903B503B003AC0302
:109B7000A803A3039F039B039603240C1F0C1B0C39
:109B8000170C130C0E0C0A0C060C020CFE0BF90B36
:109B9000F50BF10BED0BE80BE40BE00BDC0BD80B3A
:109BA000D30BCF0BCB0BC70BC20BBE0BBA0BB60B39
:109BB000B10BAD0BA90BA50BA10B9C0B980B940B38
:109BC000900B8B0B870B830B7F0B7A0B760B720B37
:109BD0006E0B690B650B610B5D0B580B540B500B37
:109BE0004C0B470B430B3F0B3B0B360B320B2E0B37
:109BF0002A0B250B210B1D0B190B140B100B0C0B37
:109C0000080B030BFF0AFB0AF70AF20AEE0AEA0A3C
:109C1000E60AE10ADD0AD90AD50AD00ACC0AC80A3E
:109C2000C40ABF0ABB0AB70AB30AAE0AAA0AA60A3E
:109C3000A10A9D0A990A950A900A8C0A880A840A40
:109C40007F0A7B0A770A730A6E0A6A0A660A610A41
:109C50005D0A590A550A500A4C0A480A440A3F0A42
:109C60003B0A370A320A2E0A2A0A260A210A1D0A44
:109C7000190A140A100A0C0A080A030AFF09FB0948
:109C8000F609F209EE09EA09E509E109DD09D80951
:109C9000D409D009CC09C709C309BF09BA09B60953
:109CA000B209AE09A909A509A1099C099809940955
:109CB0008F098B09870983097E097A097609710959
:109CC0006D096909640960095C09580953094F095C
:109CD0004B09460942093E093909350931092D095F
:109CE0002809240920091B09170913090E090A0963
:109CF00006090109FD08F908F508F008EC08E8086C
:109D0000E308DF08DB08D608D208CE08C908C50872
:109D1000C108BC08B808B408AF08AB08A708A30876
:109D20009E089A08960891088D088908840880087A
:109D30007C08770873086F086A08660862085D087F
:109D40005908550850084C08480843083F083B0884
:109D5000360832082E082908250821081C0818088A
:109D600014080F080B0807080208FE07FA07F50792
:109D7000F107ED07E807E407E007DB07D707D3079C
:109D8000CE07CA07C607C107BD07B907B407B007A2
:109D9000AC07A707A3079F079A07960792078D07A7
:109DA0008907850780077C07780773076F076B07AC
:109DB000660762075E075907550751074C074807B2
:109DC00043073F073B07360732072E0729072507BA
:109DD00021071C07180714070F070B0707070207BF
:109DE000FE06F906F506F106EC06E806E406DF06CF
:109DF000DB06D706D206CE06CA06C506C106BC06D5
:109E0000B806B406AF06AB06A706A2069E069A06DB
:109E1000950691068D06880684067F067B067706E2
:109E200072066E066A06650661065D0658065406E9
:109E30004F064B06470642063E063A0635063106F1
:109E40002D06280624061F061B06170612060E06F8
:109E50000A0605060106FC05F805F405EF05EB0505
:109E6000E705E205DE05D905D505D105CC05C80510
:109E7000C405BF05BB05B605B205AE05A905A50518
:109E8000A1059C05980593058F058B058605820520
:109E90007E057905750570056C05680563055F0528
:109EA0005B05560552054D054905450540053C0530
:109EB000380533052F052A05260522051D05190538
:109EC000140510050C0507050305FF04FA04F60444
:109ED000F104ED04E904E404E004DC04D704D30451
:109EE000CE04CA04C604C104BD04B804B404B0045A
:109EF000AB04A704A3049E049A04950491048D0462
:109F0000880484047F047B04770472046E0469046B
:109F1000650461045C04580454044F044B04460473
:109F200042043E043904350430042C04280423047C
:109F30001F041A04160412040D0409040404000486
:109F4000FC03F703F303EF03EA03E603E103DD0396
:109F5000D903D403D003CB03C703C303BE03BA039F
:109F6000B503B1034B0C470C430C3E0C3A0C360CBA
:109F7000320C2D0C290C250C210C1C0C180C140C6B
:109F80000F0C0B0C070C030CFE0BFA0BF60BF20B71
:109F9000ED0BE90BE50BE10BDC0BD80BD40BCF0B76
:109FA000CB0BC70BC30BBE0BBA0BB60BB10BAD0B78
:109FB000A90BA50BA00B9C0B980B940B8F0B8B0B79
:109FC000870B820B7E0B7A0B760B710B6D0B690B7B
:109FD000640B600B5C0B580B530B4F0B4B0B460B7E
:109FE000420B3E0B390B350B310B2D0B280B240B81
:109FF000200B1B0B170B130B0F0B0A0B060B020B83
:10A00000FD0AF90AF50AF00AEC0AE80AE40ADF0A8E
:10A01000DB0AD70AD20ACE0ACA0AC50AC10ABD0A91
:10A02000B90AB40AB00AAC0AA70AA30A9F0A9A0A94
:10A03000960A920A8E0A890A850A810A7C0A780A97
:10A04000740A6F0A6B0A670A620A5E0A5A0A550A9C
:10A05000510A4D0A490A440A400A3C0A370A330A9F
:10A060002F0A2A0A260A220A1D0A190A150A100AA4
:10A070000C0A080A030AFF09FB09F709F209EE09AD
:10A08000EA09E509E109DD09D809D409D009CB09B4
:10A09000C709C309BE09BA09B609B109AD09A909B9
:10A0A000A409A0099C09970993098F098A098609BF
:10A0B00082097D097909750970096C0968096309C4
:10A0C0005F095B09560952094E09490945094109C9
:10A0D0003C09380934092F092B09270922091E09CF
:10A0E0001A09150911090D09080904090009FB08D5
:10A0F000F708F308EE08EA08E608E108DD08D908E1
:10A10000D408D008CC08C708C308BF08BA08B608E6
:10A11000B208AD08A908A408A0089C0897089308ED
:10A120008F088A08860882087D08790875087008F3
:10A130006C08680863085F085B08560852084D08F9
:10A140004908450840083C08380833082F082B0800
:10A15000260822081E081908150810080C08080807
:10A160000308FF07FB07F607F207EE07E907E50715
:10A17000E107DC07D807D307CF07CB07C607C2071D
:10A18000BE07B907B507B107AC07A807A3079F0724
:10A190009B07960792078E078907850780077C072C
:10A1A000780773076F076B07660762075E07590733
:10A1B000550750074C07480743073F073B0736073B
:10A1C00032072D072907250720071C071807130743
:10A1D0000F070A0706070207FD06F906F506F0064F
:10A1E000EC06E706E306DF06DA06D606D206CD065B
:10A1F000C906C406C006BC06B706B306AF06AA0663
:10A20000A606A1069D069906940690068C0687066A
:10A2100083067E067A06760671066D066806640673
:10A2200060065B06570653064E064A06450641067B
:10A230003D06380634062F062B06270622061E0684
:10A240001A06150611060C0608060406FF05FB058E
:10A25000F605F205EE05E905E505E005DC05D8059E
:10A26000D305CF05CB05C605C205BD05B905B505A6
:10A27000B005AC05A705A3059F059A0596059105B0
:10A280008D058905840580057B05770573056E05B9
:10A290006A05660561055D055805540550054B05C1
:10A2A000470542053E053A05350531052C052805CB
:10A2B00024051F051B05160512050E0509050505D4
:10A2C0000005FC04F804F304EF04EA04E604E204E5
:10A2D000DD04D904D404D004CC04C704C304BE04F0
:10A2E000BA04B604B104AD04A804A404A0049B04F9
:10A2F000970492048E048A04850481047C04780403
:10A3000074046F046B04660462045E04590455040B
:10A3100050044C04480443043F043A043604320415
:10A320002D042904240420041C04170413040E041F
:10A330000A0406040104FD03F803F403F003EB032D
:10A34000E703E203DE03DA03D503D103CC03750C84
:10A35000700C6C0C680C630C5F0C5B0C560C520C94
:10A360004E0C490C450C410C3C0C380C340C300C98
:10A370002B0C270C230C1E0C1A0C160C110C0D0C9C
:10A38000090C040C000CFC0BF70BF30BEF0BEA0BA6
:10A39000E60BE20BDD0BD90BD50BD00BCC0BC80BAE
:10A3A000C30BBF0BBB0BB60BB20BAE0BA90BA50BB4
:10A3B000A10B9C0B980B940B8F0B8B0B870B830BB8
:10A3C0007E0B7A0B760B710B6D0B690B640B600BBC
:10A3D0005C0B570B530B4F0B4A0B460B410B3D0BC2
:10A3E000390B340B300B2C0B270B230B1F0B1A0BC9
:10A3F000160B120B0D0B090B050B000BFC0AF80AD0
:10A40000F30AEF0AEB0AE60AE20ADE0AD90AD50ADB
:10A41000D10ACC0AC80AC40ABF0ABB0AB70AB20AE0
:10A42000AE0AAA0AA50AA10A9D0A980A940A8F0AE6
:10A430008B0A870A820A7E0A7A0A750A710A6D0AED
:10A44000680A640A600A5B0A570A530A4E0A4A0AF3
:10A45000460A410A3D0A380A340A300A2B0A270AFA
:10A46000230A1E0A1A0A160A110A0D0A090A040A00
:10A47000000AFB09F709F309EE09EA09E609E1090F
:10A48000DD09D909D409D009CC09C709C309BE0916
:10A49000BA09B609B109AD09A909A409A0099C091D
:10A4A000970993098E098A09860981097D09790925
:10A4B000740970096C09670963095E095A0956092C
:10A4C00051094D094909440940093C093709330933
:10A4D0002E092A09260921091D091909140910093B
:10A4E0000B0907090309FE08FA08F608F108ED0848
:10A4F000E808E408E008DB08D708D308CE08CA0853
:10A50000C508C108BD08B808B408B008AB08A7085A
:10A51000A2089E089A08950891088D088808840862
:10A520007F087B08770872086E086A08650861086A
:10A530005C08580854084F084B08460842083E0873
:10A540003908350831082C08280823081F081B087B
:10A55000160812080D08090805080008FC07F80786
:10A56000F307EF07EA07E607E207DD07D907D40795
:10A57000D007CC07C707C307BF07BA07B607B1079D
:10A58000AD07A907A407A0079B07970793078E07A6
:10A590008A07850781077D07780774076F076B07B0
:10A5A000670762075E075A07550751074C074807B8
:10A5B00044073F073B07360732072E0729072507C1
:10A5C00020071C07180713070F070A0706070207CB
:10A5D000FD06F906F406F006EC06E706E306DE06DD
:10A5E000DA06D606D106CD06C806C406C006BB06E6
:10A5F000B706B206AE06AA06A506A1069C069806F0
:10A6000094068F068B06860682067E0679067506F8
:10A6100070066C06680663065F065A065606520602
:10A620004D064906440640063C06370633062E060C
:10A630002A06260621061D061806140610060B0615
:10A6400007060206FE05F905F505F105EC05E80526
:10A65000E305DF05DB05D605D205CD05C905C50532
:10A66000C005BC05B705B305AF05AA05A605A1053C
:10A670009D059805940590058B05870582057E0547
:10A680007A05750571056C05680564055F055B0550
:10A69000560552054E054905450540053C0537055B
:10A6A00033052F052A05260521051D051905140565
:10A6B00010050B0507050305FE04FA04F504F10473
:10A6C000EC04E804E404DF04DB04D604D204CE0482
:10A6D000C904C504C004BC04B804B304AF04AA048C
:10A6E000A604A1049D049904940490048B04870497
:10A6F00083047E047A04750471046C0468046404A1
:10A700005F045B04560452044E04490445044004AB
:10A710003C04380433042F042A04260421041D04B5
:10A720001904140410040B0407040304FE03FA03C1
:10A73000F503F103EC03E803A00C9C0C970C930CBD
:10A740008E0C8A0C860C810C7D0C790C740C700CB0
:10A750006B0C670C630C5E0C5A0C560C510C4D0CB8
:10A76000480C440C400C3B0C370C330C2E0C2A0CC0
:10A77000250C210C1D0C180C140C100C0B0C070CC8
:10A78000020CFE0BFA0BF50BF10BED0BE80BE40BD7
:10A79000DF0BDB0BD70BD20BCE0BC90BC50BC10BE1
:10A7A000BC0BB80BB40BAF0BAB0BA60BA20B9E0BE9
:10A7B000990B950B900B8C0B880B830B7F0B7B0BF2
:10A7C000760B720B6D0B690B650B600B5C0B570BFB
:10A7D000530B4F0B4A0B460B420B3D0B390B340B03
:10A7E000300B2C0B270B230B1E0B1A0B160B110B0C
:10A7F0000D0B090B040B000BFB0AF70AF30AEE0A18
:10A80000EA0AE50AE10ADD0AD80AD40ACF0ACB0A25
:10A81000C70AC20ABE0ABA0AB50AB10AAC0AA80A2D
:10A82000A40A9F0A9B0A960A920A8E0A890A850A36
:10A83000800A7C0A780A730A6F0A6B0A660A620A3F
:10A840005D0A590A550A500A4C0A470A430A3F0A48
:10A850003A0A360A310A2D0A290A240A200A1B0A52
:10A86000170A130A0E0A0A0A050A010AFD09F8095D
:10A87000F409EF09EB09E709E209DE09D909D5096D
:10A88000D109CC09C809C309BF09BB09B609B20976
:10A89000AD09A909A509A0099C09970993098F0980
:10A8A0008A09860981097D097909740970096B098A
:10A8B000670963095E095A09550951094D09480993
:10A8C00044093F093B09370932092E09290925099D
:10A8D00021091C09180913090F090B0906090209A6
:10A8E000FD08F908F508F008EC08E708E308DF08B8
:10A8F000DA08D608D108CD08C908C408C008BB08C2
:10A90000B708B208AE08AA08A508A1089C089808CC
:10A9100094088F088B08860882087E0879087508D5
:10A9200070086C08680863085F085A0856085108E0
:10A930004D084908440840083B08370833082E08EA
:10A940002A08250821081D08180814080F080B08F4
:10A9500006080208FE07F907F507F007EC07E80705
:10A96000E307DF07DA07D607D107CD07C907C40712
:10A97000C007BB07B707B307AE07AA07A507A1071C
:10A980009D07980794078F078B07860782077E0726
:10A990007907750770076C07670763075F075A0732
:10A9A000560751074D074907440740073B0737073C
:10A9B00032072E072A07250721071C071807140747
:10A9C0000F070B0706070207FD06F906F506F00656
:10A9D000EC06E706E306DE06DA06D606D106CD0665
:10A9E000C806C406C006BB06B706B206AE06A90670
:10A9F000A506A1069C06980693068F068A0686067B
:10AA000082067D067906740670066C066706630684
:10AA10005E065A06550651064D06480644063F0690
:10AA20003B06360632062E062906250620061C069B
:10AA3000170613060F060A0606060106FD05F805A9
:10AA4000F405F005EB05E705E205DE05D905D505BA
:10AA5000D105CC05C805C305BF05BA05B605B205C5
:10AA6000AD05A905A405A0059C05970593058E05D0
:10AA70008A05850581057D05780574056F056B05DB
:10AA8000660562055E055905550550054C054705E7
:10AA900043053F053A05360531052D0528052405F2
:10AAA00020051B05170512050E05090505050105FD
:10AAB000FC04F804F304EF04EA04E604E204DD0411
:10AAC000D904D404D004CB04C704C304BE04BA041C
:10AAD000B504B104AC04A804A4049F049B04960428
:10AAE00092048D048904850480047C047704730433
:10AAF0006E046A04660461045D04580454044F043F
:10AB00004B04470442043E043904350430042C0449
:10AB1000280423041F041A04160411040D04090454
:10AB20000404CE0CC90CC50CC00CBC0CB70CB30C87
:10AB3000AF0CAA0CA60CA10C9D0C980C940C8F0CBD
:10AB40008B0C870C820C7E0C790C750C700C6C0CC9
:10AB5000670C630C5F0C5A0C560C510C4D0C480CD6
:10AB6000440C3F0C3B0C370C320C2E0C290C250CE2
:10AB7000200C1C0C170C130C0F0C0A0C060C010CEF
:10AB8000FD0BF80BF40BF00BEB0BE70BE20BDE0B02
:10AB9000D90BD50BD00BCC0BC80BC30BBF0BBA0B0F
:10ABA000B60BB10BAD0BA80BA40BA00B9B0B970B1B
:10ABB000920B8E0B890B850B810B7C0B780B730B27
:10ABC0006F0B6A0B660B610B5D0B590B540B500B33
:10ABD0004B0B470B420B3E0B390B350B310B2C0B40
:10ABE000280B230B1F0B1A0B160B120B0D0B090B4B
:10ABF000040B000BFB0AF70AF20AEE0AEA0AE50A5E
:10AC0000E10ADC0AD80AD30ACF0ACB0AC60AC20A6A
:10AC1000BD0AB90AB40AB00AAB0AA70AA30A9E0A77
:10AC20009A0A950A910A8C0A880A840A7F0A7B0A82
:10AC3000760A720A6D0A690A640A600A5C0A570A8F
:10AC4000530A4E0A4A0A450A410A3D0A380A340A9A
:10AC50002F0A2B0A260A220A1D0A190A150A100AA7
:10AC60000C0A070A030AFE09FA09F609F109ED09B7
:10AC7000E809E409DF09DB09D609D209CE09C909C7
:10AC8000C509C009BC09B709B309AF09AA09A609D2
:10AC9000A1099D09980994098F098B0987098209DF
:10ACA0007E097909750970096C09670963095F09EB
:10ACB0005A09560951094D094809440940093B09F7
:10ACC000370932092E092909250920091C09180903
:10ACD00013090F090A0906090109FD08F808F40813
:10ACE000F008EB08E708E208DE08D908D508D10823
:10ACF000CC08C808C308BF08BA08B608B108AD0830
:10AD0000A908A408A0089B08970892088E0889083B
:10AD1000850881087C08780873086F086A08660847
:10AD200062085D085908540850084B084708420853
:10AD30003E083A08350831082C08280823081F085F
:10AD40001A08160812080D08090804080008FB076D
:10AD5000F707F207EE07EA07E507E107DC07D80780
:10AD6000D307CF07CA07C607C207BD07B907B4078D
:10AD7000B007AB07A707A2079E079A079507910799
:10AD80008C07880783077F077A07760772076D07A6
:10AD90006907640760075B07570752074E074A07B2
:10ADA000450741073C07380733072F072A072607BF
:10ADB00022071D071907140710070B0707070207CB
:10ADC000FE06FA06F506F106EC06E806E306DF06DF
:10ADD000DA06D606D206CD06C906C406C006BB06EC
:10ADE000B706B206AE06AA06A506A1069C069806F8
:10ADF00093068F068A06860682067D067906740605
:10AE000070066B06670662065E065A065506510610
:10AE10004C06480643063F063A06360632062D061D
:10AE20002906240620061B06170612060E060A0629
:10AE300005060106FC05F805F305EF05EA05E6053C
:10AE4000E205DD05D905D405D005CB05C705C2054A
:10AE5000BE05BA05B505B105AC05A805A3059F0556
:10AE60009A05960592058D058905840580057B0563
:10AE7000770572056E056A05650561055C0558056F
:10AE800053054F054A05460542053D05390534057C
:10AE900030052B05270522051E051A051505110588
:10AEA0000C0508050305FF04FA04F604F204ED049A
:10AEB000E904E404E004DB04D704D204CE04CA04A9
:10AEC000C504C104BC04B804B304AF04AA04A604B6
:10AED000A2049D049904940490048B0487048304C1
:10AEE0007E047A04750471046C04680463045F04CE
:10AEF0005B04560452044D044904440440043B04DA
:10AF0000370433042E042A0425042104FE0CFA0C11
:10AF1000F50CF10CEC0CE70CE30CDE0CDA0CD50CA8
:10AF2000D10CCC0CC80CC30CBF0CBA0CB60CB10CB9
:10AF3000AD0CA80CA40C9F0C9B0C960C920C8D0CC9
:10AF4000880C840C7F0C7B0C760C720C6D0C690CDD
:10AF5000640C600C5B0C570C520C4E0C490C450CED
:10AF6000400C3C0C370C330C2E0C2A0C250C210CFD
:10AF70001C0C180C130C0F0C0A0C060C010CFD0B0E
:10AF8000F80BF40BEF0BEB0BE60BE20BDD0BD90B25
:10AF9000D40BCF0BCB0BC60BC20BBD0BB90BB40B39
:10AFA000B00BAB0BA70BA20B9E0B990B950B900B49
:10AFB0008C0B870B830B7E0B7A0B750B710B6C0B59
:10AFC000680B630B5F0B5A0B560B510B4D0B480B69
:10AFD000440B400B3B0B370B320B2E0B290B250B75
:10AFE000200B1C0B170B130B0E0B0A0B050B010B85
:10AFF000FC0AF80AF30AEF0AEA0AE60AE10ADD0A9D
:10B00000D80AD40ACF0ACB0AC60AC20ABD0AB90AAC
:10B01000B40AB00AAB0AA70AA20A9E0A990A950ABC
:10B02000900A8C0A870A830A7E0A7A0A750A710ACC
:10B030006C0A680A630A5F0A5B0A560A520A4D0ADA
:10B04000490A440A400A3B0A370A320A2E0A290AE8
:10B05000250A200A1C0A170A130A0E0A0A0A050AF8
:10B06000010AFC09F809F309EF09EA09E609E1090F
:10B07000DD09D809D409D009CB09C709C209BE091D
:10B08000B909B509B009AC09A709A3099E099A092C
:10B09000950991098C09880983097F097A0976093C
:10B0A00071096D096809640960095B09570952094A
:10B0B0004E094909450940093C09370933092E0958
:10B0C0002A09250921091C09180913090F090A0968
:10B0D00006090109FD08F908F408F008EB08E7087B
:10B0E000E208DE08D908D508D008CC08C708C3088C
:10B0F000BE08BA08B508B108AC08A808A3089F089C
:10B100009B08960892088D088908840880087B08A7
:10B11000770872086E086908650860085C085708B7
:10B1200053084E084A08460841083D0838083408C4
:10B130002F082B08260822081D08190814081008D3
:10B140000B0807080208FE07F907F507F107EC07E7
:10B15000E807E307DF07DA07D607D107CD07C807F7
:10B16000C407BF07BB07B607B207AD07A907A50706
:10B17000A0079C07970793078E078A078507810713
:10B180007C07780773076F076A07660761075D0723
:10B190005807540750074B07470742073E07390730
:10B1A000350730072C07270723071E071A0715073F
:10B1B00011070D0708070407FF06FB06F606F2064F
:10B1C000ED06E906E406E006DB06D706D206CE0663
:10B1D000C906C506C106BC06B806B306AF06AA0670
:10B1E000A606A1069D06980694068F068B0686067F
:10B1F00082067E067906750670066C06670663068B
:10B200005E065A06550651064C06480643063F069A
:10B210003A06360632062D062906240620061B06A7
:10B22000170612060E06090605060006FC05F805B7
:10B23000F305EF05EA05E605E105DD05D805D405CA
:10B24000CF05CB05C605C205BD05B905B505B005D9
:10B25000AC05A705A3059E059A05950591058C05E6
:10B26000880583057F057B05760572056D056905F3
:10B27000640560055B05570552054E054905450502
:10B2800040053C05380533052F052A05260521050F
:10B290001D05180514050F050B0507050205FE041D
:10B2A000F904F504F004EC04E704E304DE04DA0432
:10B2B000D504D104CD04C804C404BF04BB04B6043F
:10B2C000B204AD04A904A404A0049C04970493044C
:10B2D0008E048A04850481047C04780473046F045A
:10B2E0006A04660462045D045904540450044B0467
:10B2F000470442043E04320D2D0D290D240D1F0D6F
:10B300001B0D160D120D0D0D080D040DFF0CFA0C82
:10B31000F60CF10CED0CE80CE30CDF0CDA0CD50CA0
:10B32000D10CCC0CC80CC30CBE0CBA0CB50CB10CB7
:10B33000AC0CA70CA30C9E0C990C950C900C8C0CCF
:10B34000870C820C7E0C790C750C700C6B0C670CE6
:10B35000620C5E0C590C540C500C4B0C470C420CFC
:10B360003D0C390C340C300C2B0C270C220C1D0C12
:10B37000190C140C100C0B0C060C020CFD0BF90B29
:10B38000F40BF00BEB0BE60BE20BDD0BD90BD40B44
:10B39000D00BCB0BC60BC20BBD0BB90BB40BB00B58
:10B3A000AB0BA60BA20B9D0B990B940B900B8B0B6D
:10B3B000860B820B7D0B790B740B700B6B0B660B82
:10B3C000620B5D0B590B540B500B4B0B470B420B95
:10B3D0003D0B390B340B300B2B0B270B220B1E0BA9
:10B3E000190B140B100B0B0B070B020BFE0AF90ABF
:10B3F000F50AF00AEB0AE70AE20ADE0AD90AD50AD8
:10B40000D00ACC0AC70AC30ABE0AB90AB50AB00AEA
:10B41000AC0AA70AA30A9E0A9A0A950A910A8C0AFC
:10B42000880A830A7E0A7A0A750A710A6C0A680A0F
:10B43000630A5F0A5A0A560A510A4D0A480A430A21
:10B440003F0A3A0A360A310A2D0A280A240A1F0A34
:10B450001B0A160A120A0D0A090A040AFF09FB0947
:10B46000F609F209ED09E909E409E009DB09D70960
:10B47000D209CE09C909C509C009BC09B709B20971
:10B48000AE09A909A509A0099C09970993098E0984
:10B490008A09850981097C09780973096F096A0994
:10B4A000660961095D09580954094F094A094609A5
:10B4B00041093D09380934092F092B0926092209B8
:10B4C0001D091909140910090B0907090209FE08C9
:10B4D000F908F508F008EC08E708E308DE08DA08E0
:10B4E000D508D108CC08C808C308BE08BA08B508F2
:10B4F000B108AC08A808A3089F089A089608910804
:10B500008D08880884087F087B08760872086D0813
:10B510006908640860085B08570852084E08490823
:10B52000450840083C08370833082E082A08250833
:10B5300021081C08180813080F080A080608010843
:10B54000FD07F807F407EF07EB07E607E207DD075B
:10B55000D907D407D007CB07C707C207BE07B9076B
:10B56000B507B007AC07A707A3079E079A0795077B
:10B5700091078C07880783077F077A07760771078B
:10B580006D07680764075F075B07560752074D079B
:10B590004907440740073B07370732072E072907AB
:10B5A000250720071C07170713070E070A070507BB
:10B5B0000107FC06F806F306EF06EA06E606E106D2
:10B5C000DD06D806D406CF06CB06C606C206BD06E3
:10B5D000B906B406B006AB06A706A2069E069906F3
:10B5E000950690068C06870683067E067A06750603
:10B5F00071066C06680663065F065A065606510613
:10B600004D06480644063F063B06360632062D0622
:10B610002906240620061C06170613060E060A062F
:10B6200005060106FC05F805F305EF05EA05E60544
:10B63000E105DD05D805D405CF05CB05C605C20556
:10B64000BD05B905B405B005AB05A705A2059E0566
:10B650009905950590058C05880583057F057A0574
:10B66000760571056D05680564055F055B05560582
:10B6700052054D054905440540053B053705320592
:10B680002E052905250520051C05180513050F05A0
:10B690000A0506050105FD04F804F404EF04EB04B3
:10B6A000E604E204DD04D904D404D004CB04C704C6
:10B6B000C204BE04BA04B504B104AC04A804A304D3
:10B6C0009F049A04960491048D04880484047F04E2
:10B6D0007B04760472046E046904650460045C04EF
:10B6E0006A0D650D610D5C0D570D520D4D0D490D27
:10B6F000440D3F0D3A0D360D310D2C0D270D230D48
:10B700001E0D190D140D100D0B0D060D010DFD0C68
:10B71000F80CF30CEF0CEA0CE50CE00CDC0CD70C8D
:10B72000D20CCE0CC90CC40CBF0CBB0CB60CB10CAB
:10B73000AD0CA80CA30C9E0C9A0C950C900C8C0CC8
:10B74000870C820C7E0C790C740C6F0C6B0C660CE5
:10B75000610C5D0C580C530C4F0C4A0C450C410C01
:10B760003C0C370C330C2E0C290C250C200C1B0C1C
:10B77000170C120C0D0C090C040CFF0BFB0BF60B39
:10B78000F10BED0BE80BE30BDF0BDA0BD50BD10B59
:10B79000CC0BC70BC30BBE0BB90BB50BB00BAB0B74
:10B7A000A70BA20B9E0B990B940B900B8B0B860B8C
:10B7B000820B7D0B780B740B6F0B6B0B660B610BA5
:10B7C0005D0B580B530B4F0B4A0B460B410B3C0BBD
:10B7D000380B330B2E0B2A0B250B210B1C0B170BD5
:10B7E000130B0E0B090B050B000BFC0AF70AF20AF0
:10B7F000EE0AE90AE50AE00ADB0AD70AD20ACE0A0B
:10B80000C90AC40AC00ABB0AB60AB20AAD0AA90A22
:10B81000A40A9F0A9B0A960A920A8D0A880A840A39
:10B820007F0A7B0A760A710A6D0A680A640A5F0A4F
:10B830005B0A560A510A4D0A480A440A3F0A3A0A64
:10B84000360A310A2D0A280A230A1F0A1A0A160A7A
:10B85000110A0D0A080A030AFF09FA09F609F10993
:10B86000EC09E809E309DF09DA09D609D109CC09AD
:10B87000C809C309BF09BA09B609B109AC09A809C1
:10B88000A3099F099A09960991098C0988098309D6
:10B890007F097A09760971096C09680963095F09EA
:10B8A0005A09560951094C09480943093F093A09FF
:10B8B000360931092D09280923091F091A09160912
:10B8C00011090D0908090409FF08FA08F608F1082A
:10B8D000ED08E808E408DF08DB08D608D108CD0841
:10B8E000C808C408BF08BB08B608B208AD08A80855
:10B8F000A4089F089B08960892088D088908840868
:10B9000080087B08760872086D086908640860087A
:10B910005B08570852084E084908440840083B088D
:10B92000370832082E082908250820081C0817089F
:10B9300012080E08090805080008FC07F707F307B6
:10B94000EE07EA07E507E107DC07D707D307CE07CD
:10B95000CA07C507C107BC07B807B307AF07AA07DF
:10B96000A607A1079D07980793078F078A078607F1
:10B9700081077D07780774076F076B076607620703
:10B980005D075907540750074B07460742073D0715
:10B990003907340730072B07270722071E07190727
:10B9A000150710070C0707070307FE06FA06F5063A
:10B9B000F106EC06E706E306DE06DA06D506D10652
:10B9C000CC06C806C306BF06BA06B606B106AD0663
:10B9D000A806A4069F069B06960692068D06890673
:10B9E000840680067B06760672066D066906640686
:10B9F00060065B06570652064E0649064506400697
:10BA00003C06370633062E062A06250621061C06A6
:10BA1000180613060F060A0606060106FD05F805B8
:10BA2000F405EF05EB05E605E205DD05D905D405CE
:10BA3000D005CB05C705C205BE05B905B505B005DE
:10BA4000AC05A705A3059E059A05950591058C05EE
:10BA5000880583057F057A05760571056D056805FE
:10BA600064055F055B05560552054D05490544050E
:10BA700040053B05370532052E052905250520051E
:10BA80001C05170513050E050A0505050105FC042F
:10BA9000F804F304EF04EA04E604E104DD04D80446
:10BAA000D404CF04CB04C604C204BD04B904B40456
:10BAB000B004AB04A704A2049E0499049504900466
:10BAC0008C04870483047E047A04A80DA30D9E0DC4
:10BAD000990D940D8F0D8A0D850D800D7B0D760DC2
:10BAE000710D6C0D680D630D5E0D590D540D4F0DEC
:10BAF0004A0D450D400D3B0D370D320D2D0D280D16
:10BB0000230D1E0D190D140D100D0B0D060D010D3D
:10BB1000FC0CF70CF20CEE0CE90CE40CDF0CDA0C6C
:10BB2000D50CD10CCC0CC70CC20CBD0CB80CB40C91
:10BB3000AF0CAA0CA50CA00C9C0C970C920C8D0CB5
:10BB4000880C840C7F0C7A0C750C700C6C0C670CD8
:10BB5000620C5D0C580C540C4F0C4A0C450C410CFB
:10BB60003C0C370C320C2D0C290C240C1F0C1A0C1D
:10BB7000160C110C0C0C070C030CFE0BF90BF40B40
:10BB8000F00BEB0BE60BE10BDD0BD80BD30BCE0B65
:10BB9000CA0BC50BC00BBB0BB70BB20BAD0BA90B84
:10BBA000A40B9F0B9A0B960B910B8C0B870B830BA3
:10BBB0007E0B790B750B700B6B0B660B620B5D0BC1
:10BBC000580B540B4F0B4A0B460B410B3C0B370BDE
:10BBD000330B2E0B290B250B200B1B0B170B120BFA
:10BBE0000D0B090B040BFF0AFA0AF60AF10AEC0A1C
:10BBF000E80AE30ADE0ADA0AD50AD00ACC0AC70A3A
:10BC0000C20ABE0AB90AB40AB00AAB0AA60AA20A54
:10BC10009D0A980A940A8F0A8A0A860A810A7C0A6F
:10BC2000780A730A6E0A6A0A650A600A5C0A570A89
:10BC3000530A4E0A490A450A400A3B0A370A320AA1
:10BC40002D0A290A240A1F0A1B0A160A120A0D0ABB
:10BC5000080A040AFF09FA09F609F109EC09E809DA
:10BC6000E309DF09DA09D509D109CC09C709C309F4
:10BC7000BE09B909B509B009AC09A709A2099E090D
:10BC80009909950990098B09870982097D09790924
:10BC9000740970096B09660962095D09590954093B
:10BCA0004F094B09460941093D09380934092F0953
:10BCB0002A09260921091D09180913090F090A096A
:10BCC00006090109FC08F808F308EF08EA08E50886
:10BCD000E108DC08D808D308CE08CA08C508C1089E
:10BCE000BC08B708B308AE08AA08A508A0089C08B5
:10BCF000970893088E088A08850880087C087708CA
:10BD000073086E086908650860085C0857085308DE
:10BD10004E084908450840083C08370832082E08F4
:10BD20002908250820081C08170812080E08090809
:10BD300005080008FC07F707F207EE07E907E50723
:10BD4000E007DC07D707D207CE07C907C507C0073A
:10BD5000BC07B707B207AE07A907A507A0079C074E
:10BD6000970792078E078907850780077C07770763
:10BD700073076E076907650760075C075707530776
:10BD80004E074907450740073C07370733072E078B
:10BD90002A07250720071C07170713070E070A079E
:10BDA00005070107FC06F706F306EE06EA06E506B8
:10BDB000E106DC06D806D306CF06CA06C506C106CC
:10BDC000BC06B806B306AF06AA06A606A1069D06DF
:10BDD000980693068F068A06860681067D067806F3
:10BDE00074066F066B06660661065D065806540605
:10BDF0004F064B06460642063D0639063406300617
:10BE00002B06270622061D061906140610060B0629
:10BE100007060206FE05F905F505F005EC05E70540
:10BE2000E305DE05D905D505D005CC05C705C30555
:10BE3000BE05BA05B505B105AC05A805A3059F0566
:10BE40009A05960591058D05880583057F057A0578
:10BE5000760571056D05680564055F055B0556058A
:10BE600052054D054905440540053B05370532059A
:10BE70002E052905250520051C05170513050E05AA
:10BE8000090505050005FC04F704F304EE04EA04C3
:10BE9000E504E104DC04D804D304CF04CA04C604D6
:10BEA000C104BD04B804B404AF04AB04A604A204E6
:10BEB0009D049904ED0DE80DE30DDD0DD80DD30DB6
:10BEC000CE0DC90DC40DBE0DB90DB40DAF0DAA0D2B
:10BED000A50D9F0D9A0D950D900D8B0D860D810D65
:10BEE0007C0D770D720D6C0D670D620D5D0D580D9B
:10BEF000530D4E0D490D440D3F0D3A0D350D300DCE
:10BF00002B0D260D210D1C0D170D120D0D0D080DFD
:10BF1000030DFE0CF90CF40CEF0CEA0CE50CE00C34
:10BF2000DB0CD60CD10CCC0CC70CC20CBD0CB80C65
:10BF3000B30CAE0CA90CA40C9F0C9A0C950C900C95
:10BF40008C0C870C820C7D0C780C730C6E0C690CBD
:10BF5000640C5F0C5A0C560C510C4C0C470C420CE8
:10BF60003D0C380C330C2E0C2A0C250C200C1B0C11
:10BF7000160C110C0C0C080C030CFE0BF90BF40B3B
:10BF8000EF0BEA0BE60BE10BDC0BD70BD20BCD0B67
:10BF9000C90BC40BBF0BBA0BB50BB00BAC0BA70B8B
:10BFA000A20B9D0B980B940B8F0B8A0B850B800BB0
:10BFB0007C0B770B720B6D0B680B640B5F0B5A0BD2
:10BFC000550B500B4C0B470B420B3D0B380B340BF6
:10BFD0002F0B2A0B250B210B1C0B170B120B0E0B17
:10BFE000090B040BFF0AFA0AF60AF10AEC0AE70A3F
:10BFF000E30ADE0AD90AD40AD00ACB0AC60AC10A61
:10C00000BD0AB80AB30AAF0AAA0AA50AA00A9C0A7E
:10C01000970A920A8D0A890A840A7F0A7A0A760A9E
:10C02000710A6C0A680A630A5E0A590A550A500ABC
:10C030004B0A470A420A3D0A380A340A2F0A2A0ADA
:10C04000260A210A1C0A180A130A0E0A090A050AF6
:10C05000000AFB09F709F209ED09E909E409DF091A
:10C06000DA09D609D109CC09C809C309BE09BA0938
:10C07000B509B009AC09A709A2099E099909940953
:10C0800090098B09860982097D09780974096F096D
:10C090006A09660961095C09580953094E094A0988
:10C0A000450940093C09370932092E0929092409A3
:10C0B00020091B09160912090D0908090409FF08BE
:10C0C000FA08F608F108ED08E808E308DF08DA08DE
:10C0D000D508D108CC08C708C308BE08B908B508F8
:10C0E000B008AC08A708A2089E0899089408900810
:10C0F0008B08870882087D08790874086F086B0828
:10C10000660862085D08580854084F084A0846083F
:10C1100041083D08380833082F082A082508210857
:10C120001C08180813080E080A0805080108FC076F
:10C13000F707F307EE07E907E507E007DC07D7078E
:10C14000D207CE07C907C507C007BB07B707B207A5
:10C15000AE07A907A407A0079B07970792078D07BB
:10C160008907840780077B07760772076D076907D1
:10C1700064075F075B07560752074D0748074407E8
:10C180003F073B07360732072D07280724071F07FD
:10C190001B07160711070D0708070407FF06FB0614
:10C1A000F606F106ED06E806E406DF06DA06D60630
:10C1B000D106CD06C806C406BF06BA06B606B10645
:10C1C000AD06A806A4069F069A06960691068D0659
:10C1D000880684067F067A06760671066D0668066E
:10C1E00064065F065A06560651064D064806440682
:10C1F0003F063B06360631062D06280624061F0696
:10C200001B06160611060D0608060406FF05FB05AB
:10C21000F605F205ED05E805E405DF05DB05D605C5
:10C22000D205CD05C905C405C005BB05B605B205D7
:10C23000AD05A905A405A0059B05970592058D05EB
:10C240008905840580057B05770572056E056905FE
:10C25000650560055C05570552054E054905450510
:10C2600040053C05370533052E052A052505210522
:10C270001C05170513050E050A0505050105FC0437
:10C28000F804F304EF04EA04E604E104DD04D8044E
:10C29000D404CF04CA04C604C104BD04B8043E0ECD
:10C2A000390E330E2D0E280E220E1D0E170E110EF6
:10C2B0000C0E060E010EFB0DF60DF00DEB0DE50D4F
:10C2C000E00DDB0DD50DD00DCA0DC50DBF0DBA0D9E
:10C2D000B50DAF0DAA0DA50D9F0D9A0D950D8F0DE6
:10C2E0008A0D850D7F0D7A0D750D6F0D6A0D650D2B
:10C2F000600D5A0D550D500D4A0D450D400D3B0D6D
:10C30000360D300D2B0D260D210D1C0D160D110DAA
:10C310000C0D070D020DFC0CF70CF20CED0CE80CEB
:10C32000E30CDE0CD80CD30CCE0CC90CC40CBF0C27
:10C33000BA0CB50CB00CAA0CA50CA00C9B0C960C5E
:10C34000910C8C0C870C820C7D0C780C730C6E0C91
:10C35000690C640C5F0C5A0C540C4F0C4A0C450CC5
:10C36000400C3B0C360C310C2C0C270C220C1D0CF9
:10C37000180C130C0E0C090C050C000CFB0BF60B27
:10C38000F10BEC0BE70BE20BDD0BD80BD30BCE0B59
:10C39000C90BC40BBF0BBA0BB50BB00BAB0BA70B88
:10C3A000A20B9D0B980B930B8E0B890B840B7F0BB1
:10C3B0007A0B750B710B6C0B670B620B5D0B580BDB
:10C3C000530B4E0B490B450B400B3B0B360B310B04
:10C3D0002C0B270B230B1E0B190B140B0F0B0A0B2B
:10C3E000050B010BFC0AF70AF20AED0AE80AE40A57
:10C3F000DF0ADA0AD50AD00ACB0AC70AC20ABD0A7E
:10C40000B80AB30AAE0AAA0AA50AA00A9B0A960AA3
:10C41000920A8D0A880A830A7E0A7A0A750A700AC5
:10C420006B0A660A620A5D0A580A530A4E0A4A0AE9
:10C43000450A400A3B0A370A320A2D0A280A230A0B
:10C440001F0A1A0A150A100A0C0A070A020AFD092D
:10C45000F909F409EF09EA09E609E109DC09D70954
:10C46000D309CE09C909C409C009BB09B609B10974
:10C47000AD09A809A3099E099A09950990098B0994
:10C48000870982097D09790974096F096A096609B2
:10C4900061095C09580953094E09490945094009D0
:10C4A0003B09370932092D09280924091F091A09EE
:10C4B000160911090C0907090309FE08F908F5080E
:10C4C000F008EB08E708E208DD08D908D408CF082F
:10C4D000CA08C608C108BC08B808B308AE08AA084C
:10C4E000A508A0089C08970892088E088908840867
:10C4F00080087B08760872086D08680864085F0881
:10C500005A08560851084C08480843083E083A089B
:10C51000350830082C08270822081E0819081408B6
:10C5200010080B0806080208FD07F807F407EF07D4
:10C53000EA07E607E107DC07D807D307CF07CA07F2
:10C54000C507C107BC07B707B307AE07A907A5070B
:10C55000A0079B07970792078E0789078407800724
:10C560007B07760772076D07690764075F075B073C
:10C57000560751074D07480743073F073A07360755
:10C5800031072C07280723071F071A07150711076C
:10C590000C0707070307FE06FA06F506F006EC0689
:10C5A000E706E306DE06D906D506D006CB06C706A3
:10C5B000C206BE06B906B406B006AB06A706A206BA
:10C5C0009D069906940690068B06860682067D06D1
:10C5D000790674066F066B06660662065D065806E7
:10C5E00054064F064B06460642063D0638063406FC
:10C5F0002F062B06260621061D06180614060F0612
:10C600000B0606060106FD05F805F405EF05EA052B
:10C61000E605E105DD05D805D405CF05CA05C60543
:10C62000C105BD05B805B405AF05AA05A605A10558
:10C630009D05980594058F058A05860581057D056C
:10C64000780574056F056A05660561055D05580581
:10C6500054054F054B05460541053D053805340594
:10C660002F052B05260521051D05180514050F05A9
:10C670000B0506050205FD04F904F404EF04EB04C0
:10C68000E604E204DD04D904A50E9E0E980E910E78
:10C690008B0E850E7E0E780E720E6B0E650E5F0E83
:10C6A000590E530E4D0E460E400E3A0E340E2E0EFF
:10C6B000280E220E1C0E160E110E0B0E050EFF0D6F
:10C6C000F90DF30DED0DE80DE20DDC0DD60DD00DDD
:10C6D000CB0DC50DBF0DBA0DB40DAE0DA90DA30D3B
:10C6E0009D0D980D920D8C0D870D810D7C0D760D95
:10C6F000710D6B0D660D600D5B0D550D500D4A0DE6
:10C70000450D3F0D3A0D340D2F0D290D240D1E0D35
:10C71000190D140D0E0D090D030DFE0CF90CF30C83
:10C72000EE0CE90CE30CDE0CD90CD30CCE0CC90CCE
:10C73000C30CBE0CB90CB40CAE0CA90CA40C9F0C11
:10C74000990C940C8F0C8A0C840C7F0C7A0C750C51
:10C75000700C6A0C650C600C5B0C560C500C4B0C8E
:10C76000460C410C3C0C370C310C2C0C270C220CC9
:10C770001D0C180C130C0E0C080C030CFE0BF90B03
:10C78000F40BEF0BEA0BE50BE00BDB0BD60BD00B3E
:10C79000CB0BC60BC10BBC0BB70BB20BAD0BA80B75
:10C7A000A30B9E0B990B940B8F0B8A0B850B800BA5
:10C7B0007B0B760B710B6C0B670B620B5D0B580BD5
:10C7C000530B4E0B490B440B3F0B3A0B350B300B05
:10C7D0002B0B260B210B1C0B170B120B0D0B080B35
:10C7E000030BFE0AFA0AF50AF00AEB0AE60AE10A66
:10C7F000DC0AD70AD20ACD0AC80AC30ABE0ABA0A94
:10C80000B50AB00AAB0AA60AA10A9C0A970A920ABC
:10C810008D0A890A840A7F0A7A0A750A700A6B0AE5
:10C82000660A620A5D0A580A530A4E0A490A440A0D
:10C83000400A3B0A360A310A2C0A270A220A1E0A33
:10C84000190A140A0F0A0A0A050A010AFC09F7095B
:10C85000F209ED09E809E409DF09DA09D509D00987
:10C86000CB09C709C209BD09B809B309AF09AA09AB
:10C87000A509A0099B09970992098D0988098309CF
:10C880007F097A09750970096C09670962095D09F0
:10C89000580954094F094A09450941093C09370912
:10C8A00032092D09290924091F091A091609110934
:10C8B0000C0907090309FE08F908F408F008EB0859
:10C8C000E608E108DD08D808D308CE08CA08C5087C
:10C8D000C008BB08B708B208AD08A808A4089F089C
:10C8E0009A08960891088C08870883087E087908BA
:10C8F000750870086B08660862085D0858085308D8
:10C900004F084A08450841083C08370833082E08F4
:10C910002908240820081B08160812080D08080812
:10C920000408FF07FA07F507F107EC07E707E30735
:10C93000DE07D907D507D007CB07C707C207BD0752
:10C94000B907B407AF07AA07A607A1079C0798076E
:10C9500093078E078A07850780077C07770772078A
:10C960006E076907640760075B07560752074D07A4
:10C97000480744073F073A07360731072C072807BF
:10C9800023071E071A07150711070C0707070307D8
:10C99000FE06F906F506F006EB06E706E206DD06FA
:10C9A000D906D406CF06CB06C606C206BD06B80613
:10C9B000B406AF06AA06A606A1069C06980693062C
:10C9C0008F068A06850681067C06770673066E0644
:10C9D0006A06650660065C06570652064E0649065C
:10C9E000450640063B06370632062E062906240673
:10C9F00020061B06160612060D0609060406FF058C
:10CA0000FB05F605F205ED05E805E405DF05DB05A8
:10CA1000D605D105CD05C805C405BF05BA05B605BF
:10CA2000B105AD05A805A3059F059A0596059105D5
:10CA30008C05880583057F057A05750571056C05EC
:10CA4000680563055F055A05550551054C05480500
:10CA500043053E053A05350531052C052805230516
:10CA60001E051A05150511050C0508050305FE042C
:10CA7000FA044B0F410F370F2D0F230F1A0F110F11
:10CA8000080FFF0EF60EEE0EE60EDE0ED60ECE0EE2
:10CA9000C60EBE0EB60EAF0EA70EA00E980E910ECD
:10CAA0008A0E830E7C0E750E6E0E670E600E590E8A
:10CAB000520E4B0E450E3E0E370E310E2A0E230E31
:10CAC0001D0E160E100E0A0E030EFD0DF60DF00DC6
:10CAD000EA0DE40DDD0DD70DD10DCB0DC50DBF0D4C
:10CAE000B80DB20DAC0DA60DA00D9A0D940D8E0DC6
:10CAF000880D820D7D0D770D710D6B0D650D5F0D30
:10CB0000590D540D4E0D480D420D3C0D370D310D94
:10CB10002B0D260D200D1A0D140D0F0D090D040DF2
:10CB2000FE0CF80CF30CED0CE80CE20CDC0CD70C52
:10CB3000D10CCC0CC60CC10CBB0CB60CB00CAB0CA5
:10CB4000A50CA00C9A0C950C8F0C8A0C850C7F0CF4
:10CB50007A0C740C6F0C6A0C640C5F0C590C540C3E
:10CB60004F0C490C440C3F0C390C340C2F0C290C85
:10CB7000240C1F0C1A0C140C0F0C0A0C040CFF0BC9
:10CB8000FA0BF50BEF0BEA0BE50BE00BDA0BD50B11
:10CB9000D00BCB0BC60BC00BBB0BB60BB10BAC0B4E
:10CBA000A60BA10B9C0B970B920B8D0B870B820B8B
:10CBB0007D0B780B730B6E0B690B640B5E0B590BC3
:10CBC000540B4F0B4A0B450B400B3B0B360B310BF9
:10CBD0002B0B260B210B1C0B170B120B0D0B080B31
:10CBE000030BFE0AF90AF40AEF0AEA0AE50AE00A68
:10CBF000DB0AD60AD10ACC0AC70AC20ABD0AB80A99
:10CC0000B30AAE0AA90AA40A9F0A9A0A950A900AC8
:10CC10008B0A860A810A7C0A770A720A6D0A680AF8
:10CC2000630A5E0A590A540A4F0A4A0A450A400A28
:10CC30003B0A360A310A2C0A280A230A1E0A190A54
:10CC4000140A0F0A0A0A050A000AFB09F609F10983
:10CC5000ED09E809E309DE09D909D409CF09CA09B0
:10CC6000C509C109BC09B709B209AD09A809A309D9
:10CC70009E099A09950990098B09860981097C0901
:10CC8000770973096E09690964095F095A09560928
:10CC900051094C09470942093D09390934092F094D
:10CCA0002A09250920091C09170912090D09080973
:10CCB0000309FF08FA08F508F008EB08E708E2089E
:10CCC000DD08D808D308CF08CA08C508C008BB08C3
:10CCD000B708B208AD08A808A3089F089A089508E5
:10CCE00090088C08870882087D08780874086F0807
:10CCF0006A08650861085C08570852084E08490828
:10CD000044083F083B08360831082C082708230848
:10CD10001E081908140810080B0806080208FD0769
:10CD2000F807F307EF07EA07E507E007DC07D7078F
:10CD3000D207CD07C907C407BF07BB07B607B107AE
:10CD4000AC07A807A3079E079907950790078B07CD
:10CD5000870782077D07780774076F076A076607EA
:10CD600061075C07580753074E0749074507400707
:10CD70003B07370732072D07290724071F071A0724
:10CD8000160711070C0708070307FE06FA06F50643
:10CD9000F006EC06E706E206DE06D906D406D00663
:10CDA000CB06C606C206BD06B806B406AF06AA067E
:10CDB000A606A1069C06980693068E068A06850698
:10CDC00080067C06770672066E06690664066006B3
:10CDD0005B06560652064D06480644063F063A06CE
:10CDE000360631062C06280623061F061A061506E7
:10CDF00011060C0607060306FE05F905F505F00504
:10CE0000EC05E705E205DE05D905D405D005CB051F
:10CE1000C705C205BD05B905B405AF05AB05A60537
:10CE2000A2059D05980594058F058A05860581054F
:10CE30007D05780573056F056A05660561055C0566
:10CE4000580553054E054A05450541053C0537057E
:10CE500033052E052A05250520051C05102710275A
:10CE6000102710271027102710271027102710270A
:10CE700010271027102710271027102710271027FA
:10CE800010271027102710271027102710271027EA
:10CE90001027750F490F330F210F120F040FF70ED4
:10CEA000EB0EE00ED50ECA0EC00EB60EAD0EA30EE2
:10CEB0009A0E910E880E800E770E6F0E660E5E0E25
:10CEC000560E4E0E470E3F0E370E300E280E210E18
:10CED000190E120E0B0E040EFC0DF50DEE0DE70DE6
:10CEE000E10DDA0DD30DCC0DC50DBF0DB80DB10D93
:10CEF000AB0DA40D9D0D970D910D8A0D840D7D0D2B
:10CF0000770D710D6A0D640D5E0D570D510D4B0DB2
:10CF1000450D3F0D390D320D2C0D260D200D1A0D2E
:10CF2000140D0E0D080D020DFC0CF60CF00CEA0CA5
:10CF3000E50CDF0CD90CD30CCD0CC70CC20CBC0C0F
:10CF4000B60CB00CAB0CA50C9F0C990C940C8E0C71
:10CF5000880C830C7D0C770C720C6C0C660C610CCD
:10CF60005B0C560C500C4A0C450C3F0C3A0C340C24
:10CF70002F0C290C240C1E0C190C130C0E0C080C75
:10CF8000030CFD0BF80BF30BED0BE80BE20BDD0BC9
:10CF9000D70BD20BCD0BC70BC20BBD0BB70BB20B14
:10CFA000AC0BA70BA20B9C0B970B920B8D0B870B5B
:10CFB000820B7D0B770B720B6D0B680B620B5D0B9D
:10CFC000580B520B4D0B480B430B3E0B380B330BDE
:10CFD0002E0B290B230B1E0B190B140B0F0B0A0B1B
:10CFE000040BFF0AFA0AF50AF00AEB0AE50AE00A5E
:10CFF000DB0AD60AD10ACC0AC70AC10ABC0AB70A98
:10D00000B20AAD0AA80AA30A9E0A990A930A8E0ACE
:10D01000890A840A7F0A7A0A750A700A6B0A660A04
:10D02000610A5C0A570A520A4C0A470A420A3D0A38
:10D03000380A330A2E0A290A240A1F0A1A0A150A6C
:10D04000100A0B0A060A010AFC09F709F209ED09A0
:10D05000E809E309DE09D909D409CF09CA09C509D4
:10D06000C009BB09B609B209AD09A809A3099E09FF
:10D07000990994098F098A09850980097B0976092C
:10D0800071096C09670963095E09590954094F0957
:10D090004A09450940093B09360931092D09280982
:10D0A00023091E09190914090F090A0905090109AB
:10D0B000FC08F708F208ED08E808E308DE08DA08DB
:10D0C000D508D008CB08C608C108BC08B808B30802
:10D0D000AE08A908A4089F089A08960891088C0829
:10D0E000870882087D08790874086F086A0865084F
:10D0F00061085C08570852084D08480844083F0872
:10D100003A08350830082C08270822081D08180896
:10D1100014080F080A0805080008FC07F707F207BB
:10D12000ED07E807E407DF07DA07D507D107CC07E3
:10D13000C707C207BD07B907B407AF07AA07A60705
:10D14000A1079C07970793078E0789078407800725
:10D150007B07760771076D07680763075E075A0745
:10D16000550750074B07470742073D073807340765
:10D170002F072A07250721071C07170712070E0785
:10D18000090704070007FB06F606F106ED06E806A8
:10D19000E306DF06DA06D506D006CC06C706C206C9
:10D1A000BE06B906B406AF06AB06A606A1069D06E6
:10D1B000980693068F068A06850680067C06770603
:10D1C00072066E066906640660065B06560652061F
:10D1D0004D06480644063F063A06350631062C063B
:10D1E000270623061E061906150610060B06070657
:10D1F0000206FD05F905F405EF05EB05E605E10579
:10D20000DD05D805D305CF05CA05C505C105BC0593
:10D210001027102710271027102710271027102756
:10D220001027102710271027102710271027102746
:10D230001027102710271027102710271027102736
:10D240001027102710271027102710271027102726
:10D250001027102710271027102710271027102716
:10D260001027102710271027102710271027102706
:10D2700010271027102710271027102710271027F6
:10D2800010271027102710271027102710271027E6
:10D2900010271027102710271027102710271027D6
:10D2A00010271027102710271027102710271027C6
:10D2B00010271027102710271027102710271027B6
:10D2C0001027EC0ED00EBC0EAB0E9D0E8F0E820EF4
:10D2D000760E6B0E600E550E4B0E410E380E2E0E56
:10D2E000250E1C0E130E0B0E020EFA0DF10DE90D9C
:10D2F000E10DD90DD10DCA0DC20DBA0DB30DAB0D97
:10D30000A40D9C0D950D8E0D870D800D790D720D60
:10D310006B0D640D5D0D560D4F0D480D420D3B0D0F
:10D32000340D2E0D270D210D1A0D140D0D0D070DA9
:10D33000000DFA0CF30CED0CE70CE10CDA0CD40C3C
:10D34000CE0CC80CC10CBB0CB50CAF0CA90CA30CBB
:10D350009D0C970C910C8B0C850C7F0C790C730C2D
:10D360006D0C670C610C5B0C550C4F0C4A0C440C9B
:10D370003E0C380C320C2D0C270C210C1B0C160CFF
:10D38000100C0A0C050CFF0BF90BF40BEE0BE80B61
:10D39000E30BDD0BD70BD20BCC0BC70BC10BBB0BBD
:10D3A000B60BB00BAB0BA50BA00B9A0B950B8F0B11
:10D3B0008A0B840B7F0B790B740B6E0B690B630B61
:10D3C0005E0B590B530B4E0B480B430B3E0B380BAC
:10D3D000330B2D0B280B230B1D0B180B130B0D0BF5
:10D3E000080B030BFD0AF80AF30AED0AE80AE30A40
:10D3F000DE0AD80AD30ACE0AC90AC30ABE0AB90A83
:10D40000B40AAE0AA90AA40A9F0A990A940A8F0AC2
:10D410008A0A850A7F0A7A0A750A700A6B0A650AFF
:10D42000600A5B0A560A510A4C0A460A410A3C0A3B
:10D43000370A320A2D0A280A220A1D0A180A130A74
:10D440000E0A090A040AFF09FA09F509EF09EA09AF
:10D45000E509E009DB09D609D109CC09C709C209E8
:10D46000BD09B809B309AE09A909A4099E0999091A
:10D4700094098F098A09850980097B097609710950
:10D480006C09670962095D09580953094E09490980
:10D4900044093F093A09350930092B0926092109B0
:10D4A0001D09180913090E0909090409FF08FA08DA
:10D4B000F508F008EB08E608E108DC08D708D20810
:10D4C000CD08C808C408BF08BA08B508B008AB083A
:10D4D000A608A1089C08970892088D088908840866
:10D4E0007F087A08750870086B08660861085D088F
:10D4F000580853084E08490844083F083A083608B7
:10D5000031082C08270822081D08180814080F08DD
:10D510000A0805080008FB07F707F207ED07E80708
:10D52000E307DE07D907D507D007CB07C607C10732
:10D53000BD07B807B307AE07A907A407A0079B0755
:10D54000960791078C07880783077E07790774077A
:10D5500070076B07660761075C07580753074E079C
:10D560004907440740073B07360731072D072807BF
:10D5700023071E071907150710070B0706070207E1
:10D58000FD06F806F306EF06EA06E506E006DC0609
:10D59000D706D206CD06C906C406BF06BA06B60629
:10D5A000B106AC06A706A3069E0699069406900649
:10D5B0008B06860610271027102710271027102704
:10D5C00010271027102710271027102710271027A3
:10D5D0001027102710271027102710271027102793
:10D5E0001027102710271027102710271027102783
:10D5F0001027102710271027102710271027102773
:10D600001027102710271027102710271027102762
:10D610001027102710271027102710271027102752
:10D620001027102710271027102710271027102742
:10D630001027102710271027102710271027102732
:10D640001027102710271027102710271027102722
:10D650001027102710271027102710271027102712
:10D660001027102710271027102710271027102702
:10D6700010271027102710271027102710271027F2
:10D6800010271027102710271027102710271027E2
:10D6900010271027102710271027102710271027D2
:10D6A00010271027102710271027102710271027C2
:10D6B00010271027102710271027102710271027B2
:10D6C00010271027102710271027102710271027A2
:10D6D0001027102710271027102710271027102792
:10D6E0001027102710271027102710271027102782
:10D6F000740E5C0E490E390E2A0E1D0E100E040E0D
:10D70000F90DEE0DE40DD90DD00DC60DBD0DB30D07
:10D71000AA0DA10D990D900D880D7F0D770D6F0D40
:10D72000670D5F0D570D500D480D400D390D310D32
:10D730002A0D230D1B0D140D0D0D060DFF0CF80CFD
:10D74000F10CEA0CE30CDC0CD50CCF0CC80CC10CB2
:10D75000BB0CB40CAD0CA70CA00C9A0C930C8D0C4C
:10D76000860C800C7A0C730C6D0C670C600C5A0CD8
:10D77000540C4E0C470C410C3B0C350C2F0C290C57
:10D78000230C1D0C170C110C0B0C050CFF0BF90BCB
:10D79000F30BED0BE70BE10BDB0BD50BCF0BC90B41
:10D7A000C40BBE0BB80BB20BAC0BA70BA10B9B0BA6
:10D7B000950B900B8A0B840B7E0B790B730B6D0B07
:10D7C000680B620B5D0B570B510B4C0B460B400B60
:10D7D0003B0B350B300B2A0B250B1F0B1A0B140BB5
:10D7E0000F0B090B040BFE0AF90AF30AEE0AE80A0A
:10D7F000E30ADD0AD80AD20ACD0AC80AC20ABD0A5B
:10D80000B70AB20AAD0AA70AA20A9C0A970A920AA4
:10D810008C0A870A820A7C0A770A720A6C0A670AEB
:10D82000620A5C0A570A520A4D0A470A420A3D0A2E
:10D83000380A320A2D0A280A230A1D0A180A130A6E
:10D840000E0A080A030AFE09F909F409EE09E909B2
:10D85000E409DF09DA09D409CF09CA09C509C009F1
:10D86000BB09B509B009AB09A609A1099C0997092B
:10D8700091098C09870982097D09780973096E0964
:10D88000690964095E09590954094F094A0945099A
:10D8900040093B09360931092C09270922091D09CC
:10D8A000170912090D0908090309FE08F908F40807
:10D8B000EF08EA08E508E008DB08D608D108CC083C
:10D8C000C708C208BD08B808B308AE08A908A4086C
:10D8D0009F089A08950890088B08860881087C089C
:10D8E000770873086E08690864085F085A085508C5
:10D8F00050084B08460841083C08370832082D08F4
:10D90000280824081F081A08150810080B0806081C
:10D910000108FC07F707F207EE07E907E407DF074E
:10D92000DA07D507D007CB07C607C207BD07B80778
:10D93000B307AE07A907A4079F079B0796079107A0
:10D940008C07870782077D07790774076F076A07C7
:10D95000650760075B075707520710271027102736
:10D9600010271027102710271027102710271027FF
:10D9700010271027102710271027102710271027EF
:10D9800010271027102710271027102710271027DF
:10D9900010271027102710271027102710271027CF
:10D9A00010271027102710271027102710271027BF
:10D9B00010271027102710271027102710271027AF
:10D9C000102710271027102710271027102710279F
:10D9D000102710271027102710271027102710278F
:10D9E000102710271027102710271027102710277F
:10D9F000102710271027102710271027102710276F
:10DA0000102710271027102710271027102710275E
:10DA1000102710271027102710271027102710274E
:10DA2000102710271027102710271027102710273E
:10DA3000102710271027102710271027102710272E
:10DA4000102710271027102710271027102710271E
:10DA5000102710271027102710271027102710270E
:10DA600010271027102710271027102710271027FE
:10DA700010271027102710271027102710271027EE
:10DA800010271027102710271027102710271027DE
:10DA900010271027102710271027102710271027CE
:10DAA00010271027102710271027102710271027BE
:10DAB00010271027102710271027102710271027AE
:10DAC000102710271027102710271027102710279E
:10DAD000102710271027102710271027102710278E
:10DAE000102710271027102710271027102710277E
:10DAF000102710271027102710271027102710276E
:10DB0000102710271027102710271027102710275D
:10DB1000102710271027102710271027060EEE0DAC
:10DB2000DC0DCC0DBD0DB00DA30D970D8C0D810D31
:10DB3000760D6C0D620D580D4F0D460D3C0D340DDC
:10DB40002B0D220D1A0D110D090D010DF90CF10C03
:10DB5000E90CE10CDA0CD20CCA0CC30CBB0CB40CF3
:10DB6000AD0CA50C9E0C970C900C890C820C7B0CB8
:10DB7000740C6D0C660C5F0C590C520C4B0C450C64
:10DB80003E0C370C310C2A0C240C1D0C170C100CFD
:10DB90000A0C030CFD0BF70BF00BEA0BE40BDE0B8E
:10DBA000D70BD10BCB0BC50BBF0BB90BB20BAC0B0F
:10DBB000A60BA00B9A0B940B8E0B880B820B7C0B85
:10DBC000760B700B6A0B640B5F0B590B530B4D0BF1
:10DBD000470B410B3B0B360B300B2A0B240B1F0B57
:10DBE000190B130B0D0B080B020BFC0AF70AF10AB9
:10DBF000EB0AE60AE00ADA0AD50ACF0AC90AC40A19
:10DC0000BE0AB90AB30AAD0AA80AA20A9D0A970A6F
:10DC1000920A8C0A870A810A7C0A760A710A6B0AC0
:10DC2000660A600A5B0A550A500A4B0A450A400A0E
:10DC30003A0A350A300A2A0A250A1F0A1A0A150A58
:10DC40000F0A0A0A050AFF09FA09F509EF09EA09A4
:10DC5000E509DF09DA09D509CF09CA09C509C009EB
:10DC6000BA09B509B009AA09A509A0099B0996092D
:10DC700090098B09860981097B09760971096C096C
:10DC8000670961095C09570952094D0947094209A9
:10DC90003D09380933092E09280923091E091909E4
:10DCA00014090F090A090409FF08FA08F508F00821
:10DCB000EB08E608E108DC08D708D108CC08C7085B
:10DCC000C208BD08B808B308AE08A908A4089F0890
:10DCD0009A08950890088A08850880087B087608C5
:10DCE00071086C08670862085D08580853084E08F8
:10DCF000490844083F083A08350830082B08260828
:10DD00002108102710271027102710271027102769
:10DD1000102710271027102710271027102710274B
:10DD2000102710271027102710271027102710273B
:10DD3000102710271027102710271027102710272B
:10DD4000102710271027102710271027102710271B
:10DD5000102710271027102710271027102710270B
:10DD600010271027102710271027102710271027FB
:10DD700010271027102710271027102710271027EB
:10DD800010271027102710271027102710271027DB
:10DD900010271027102710271027102710271027CB
:10DDA00010271027102710271027102710271027BB
:10DDB00010271027102710271027102710271027AB
:10DDC000102710271027102710271027102710279B
:10DDD000102710271027102710271027102710278B
:10DDE000102710271027102710271027102710277B
:10DDF000102710271027102710271027102710276B
:10DE0000102710271027102710271027102710275A
:10DE1000102710271027102710271027102710274A
:10DE2000102710271027102710271027102710273A
:10DE3000102710271027102710271027102710272A
:10DE4000102710271027102710271027102710271A
:10DE5000102710271027102710271027102710270A
:10DE600010271027102710271027102710271027FA
:10DE700010271027102710271027102710271027EA
:10DE800010271027102710271027102710271027DA
:10DE900010271027102710271027102710271027CA
:10DEA00010271027102710271027102710271027BA
:10DEB00010271027102710271027102710271027AA
:10DEC000102710271027102710271027102710279A
:10DED000102710271027102710271027102710278A
:10DEE000102710271027102710271027102710277A
:10DEF000102710271027102710271027102710276A
:10DF00001027102710271027102710271027102759
:10DF10001027102710271027102710271027102749
:10DF20001027102710271027102710271027102739
:10DF30001027102710271027102710271027102729
:10DF40001027102710271027102710271027102719
:10DF50001027102710271027102710271027102709
:10DF600010271027102710271027102710271027F9
:10DF700010271027102710271027102710271027E9
:10DF800010271027102710271027102710271027D9
:10DF900010271027102710271027102710271027C9
:10DFA00010271027102710271027102710271027B9
:10DFB00010271027102710271027102710271027A9
:10DFC0001027102710271027102710271027102799
:10DFD0001027102710271027102710271027102789
:10DFE00010276DF99BF9BDF9DAF9F3F90AFA20FA6D
:10DFF00034FA46FA58FA69FA79FA89FA98FAA7FAD5
:10E00000B5FAC3FAD1FADEFAEBFAF7FA04FB10FB21
:10E010001027102710271027102710271027102748
:10E020001027102710271027102710271027102738
:10E030001027102710271027102710271027102728
:10E040001027102710271027102710271027102718
:10E050001027102710271027102710271027102708
:10E0600010271027102710271027102710271027F8
:10E0700010271027102710271027102710271027E8
:10E0800010271027102710271027102710271027D8
:10E0900010271027102710271027102710271027C8
:10E0A00010271027102710271027102710271027B8
:10E0B00010271027102710271027102710271027A8
:10E0C0001027102710271027102710271027102798
:10E0D0001027102710271027102710271027102788
:10E0E0001027102710271027102710271027102778
:10E0F0001027102710271027102710271027102768
:10E100001027102710271027102710271027102757
:10E110001027102710271027102710271027102747
:10E120001027102710271027102710271027102737
:10E130001027102710271027102710271027102727
:10E140001027102710271027102710271027102717
:10E150001027102710271027102710271027102707
:10E1600010271027102710271027102710271027F7
:10E1700010271027102710271027102710271027E7
:10E1800010271027102710271027102710271027D7
:10E1900010271027102710271027102710271027C7
:10E1A00010271027102710271027102710271027B7
:10E1B00010271027102710271027102710271027A7
:10E1C0001027102710271027102710271027102797
:10E1D0001027102710271027102710271027102787
:10E1E0001027102710271027102710271027102777
:10E1F0001027102710271027102710271027102767
:10E200001027102710271027102710271027102756
:10E210001027102710271027102710271027102746
:10E220001027102710271027102710271027102736
:10E230001027102710271027102710271027102726
:10E240001027102710271027102710271027102716
:10E250001027102710271027102710271027102706
:10E2600010271027102710271027102710271027F6
:10E2700010271027102710271027102710271027E6
:10E2800010271027102710271027102710271027D6
:10E2900010271027102710271027102710271027C6
:10E2A00010271027102710271027102710271027B6
:10E2B00010271027102710271027102710271027A6
:10E2C0001027102710271027102710271027102796
:10E2D0001027102710271027102710271027102786
:10E2E0001027102710271027102710271027102776
:10E2F0001027102710271027102710271027102766
:10E300001027102710271027102710271027102755
:10E310001027102710271027102710271027102745
:10E320001027102710271027102710271027102735
:10E330001027102710271027102710271027102725
:10E340001027102710271027102710271027102715
:10E350001027102710271027102710271027102705
:10E3600010271027102710271027102710271027F5
:10E3700010271027102710271027102710271027E5
:10E3800010271027102710271027102710271027D5
:10E3900002F932F956F974F98EF9A6F9BCF9D0F9F7
:10E3A000E4F9F6F907FA18FA28FA38FA47FA56FAA9
:10E3B00064FA72FA7FFA8CFA99FAA6FAB2FABEFAFD
:10E3C000CAFAD6FAE1FAEDFAF8FA03FB0EFB18FBEB
:10E3D00023FB2DFB37FB41FB4BFB55FB5FFB69FB35
:10E3E00072FB7CFB85FB8EFB97FBA1FBAAFBB2FBC0
:10E3F000BBFBC4FBCDFBD5FBDEFBE6FBEFFBF7FB7A
:10E40000FFFB07FC10FC18FC20FC28FC30FC37FC50
:10E410003FFC47FC4FFC56FC5EFC65FC6DFC74FC4D
:10E420007CFC83FC8BFC92FC99FCA0FCA7FCAFFC61
:10E43000B6FCBDFCC4FC102710271027102710279E
:10E440001027102710271027102710271027102714
:10E450001027102710271027102710271027102704
:10E4600010271027102710271027102710271027F4
:10E4700010271027102710271027102710271027E4
:10E4800010271027102710271027102710271027D4
:10E4900010271027102710271027102710271027C4
:10E4A00010271027102710271027102710271027B4
:10E4B00010271027102710271027102710271027A4
:10E4C0001027102710271027102710271027102794
:10E4D0001027102710271027102710271027102784
:10E4E0001027102710271027102710271027102774
:10E4F0001027102710271027102710271027102764
:10E500001027102710271027102710271027102753
:10E510001027102710271027102710271027102743
:10E520001027102710271027102710271027102733
:10E530001027102710271027102710271027102723
:10E540001027102710271027102710271027102713
:10E550001027102710271027102710271027102703
:10E5600010271027102710271027102710271027F3
:10E5700010271027102710271027102710271027E3
:10E5800010271027102710271027102710271027D3
:10E5900010271027102710271027102710271027C3
:10E5A00010271027102710271027102710271027B3
:10E5B00010271027102710271027102710271027A3
:10E5C0001027102710271027102710271027102793
:10E5D0001027102710271027102710271027102783
:10E5E0001027102710271027102710271027102773
:10E5F0001027102710271027102710271027102763
:10E600001027102710271027102710271027102752
:10E610001027102710271027102710271027102742
:10E620001027102710271027102710271027102732
:10E630001027102710271027102710271027102722
:10E640001027102710271027102710271027102712
:10E650001027102710271027102710271027102702
:10E6600010271027102710271027102710271027F2
:10E6700010271027102710271027102710271027E2
:10E6800010271027102710271027102710271027D2
:10E6900010271027102710271027102710271027C2
:10E6A00010271027102710271027102710271027B2
:10E6B00010271027102710271027102710271027A2
:10E6C0001027102710271027102710271027102792
:10E6D0001027102710271027102710271027102782
:10E6E0001027102710271027102710271027102772
:10E6F0001027102710271027102710271027102762
:10E700001027102710271027102710271027102751
:10E710001027102710271027102710271027102741
:10E720001027102710271027102710271027102731
:10E730001027102710271027102710271027102721
:10E7400096F8CAF8EFF80EF929F941F957F96CF97A
:10E7500080F993F9A5F9B6F9C6F9D6F9E6F9F5F90C
:10E7600003FA12FA1FFA2DFA3AFA47FA54FA60FA43
:10E770006CFA78FA84FA8FFA9BFAA6FAB1FABCFA24
:10E78000C7FAD1FADCFAE6FAF0FAFBFA05FB0EFB5F
:10E7900018FB22FB2BFB35FB3EFB48FB51FB5AFBD6
:10E7A00063FB6CFB75FB7EFB86FB8FFB98FBA0FB82
:10E7B000A9FBB1FBB9FBC2FBCAFBD2FBDAFBE2FB54
:10E7C000EAFBF2FBFAFB02FC0AFC11FC19FC21FC3F
:10E7D00028FC30FC37FC3FFC46FC4EFC55FC5CFC46
:10E7E00063FC6BFC72FC79FC80FC87FC8EFC95FC66
:10E7F0009CFCA3FCAAFCB1FCB8FCBFFCC5FCCCFC97
:10E80000D3FCD9FCE0FCE7FCEDFCF4FCFAFC01FDD8
:10E8100007FD0EFD14FD1BFD21FD27FD2EFD34FD22
:10E820003AFD40FD47FD4DFD53FD59FD5FFD65FD82
:10E830006CFD72FD78FD7EFD84FD8AFD90FD96FDE8
:10E840009BFDA1FDA7FDADFDB3FDB9FDBFFDC4FD61
:10E85000CAFDD0FDD6FDDBFDE1FD102710271027F6
:10E8600010271027102710271027102710271027F0
:10E8700010271027102710271027102710271027E0
:10E8800010271027102710271027102710271027D0
:10E8900010271027102710271027102710271027C0
:10E8A00010271027102710271027102710271027B0
:10E8B00010271027102710271027102710271027A0
:10E8C0001027102710271027102710271027102790
:10E8D0001027102710271027102710271027102780
:10E8E0001027102710271027102710271027102770
:10E8F0001027102710271027102710271027102760
:10E90000102710271027102710271027102710274F
:10E91000102710271027102710271027102710273F
:10E92000102710271027102710271027102710272F
:10E93000102710271027102710271027102710271F
:10E94000102710271027102710271027102710270F
:10E9500010271027102710271027102710271027FF
:10E9600010271027102710271027102710271027EF
:10E9700010271027102710271027102710271027DF
:10E9800010271027102710271027102710271027CF
:10E9900010271027102710271027102710271027BF
:10E9A00010271027102710271027102710271027AF
:10E9B000102710271027102710271027102710279F
:10E9C000102710271027102710271027102710278F
:10E9D000102710271027102710271027102710277F
:10E9E000102710271027102710271027102710276F
:10E9F000102710271027102710271027102710275F
:10EA0000102710271027102710271027102710274E
:10EA1000102710271027102710271027102710273E
:10EA2000102710271027102710271027102710272E
:10EA3000102710271027102710271027102710271E
:10EA4000102710271027102710271027102710270E
:10EA500010271027102710271027102710271027FE
:10EA600010271027102710271027102710271027EE
:10EA700010271027102710271027102710271027DE
:10EA800010271027102710271027102710271027CE
:10EA900010271027102710271027102710271027BE
:10EAA00010271027102710271027102710271027AE
:10EAB000102710271027102710271027102710279E
:10EAC000102710271027102710271027102710278E
:10EAD000102710271027102710271027102710277E
:10EAE000102710271027102710271027102710276E
:10EAF000102735F867F88CF8ABF8C6F8DFF8F6F8A9
:10EB00000BF91FF932F944F956F966F977F986F9E4
:10EB100095F9A4F9B3F9C1F9CEF9DCF9E9F9F6F9F7
:10EB200003FA0FFA1BFA27FA33FA3FFA4AFA55FAB0
:10EB300060FA6BFA76FA81FA8BFA96FAA0FAAAFAD8
:10EB4000B4FABEFAC8FAD2FADCFAE5FAEFFAF8FA41
:10EB500002FB0BFB14FB1DFB26FB2FFB38FB41FBD1
:10EB600049FB52FB5AFB63FB6BFB74FB7CFB84FB96
:10EB70008DFB95FB9DFBA5FBADFBB5FBBDFBC5FB75
:10EB8000CDFBD4FBDCFBE4FBEBFBF3FBFAFB02FC71
:10EB900009FC11FC18FC20FC27FC2EFC35FC3DFC7C
:10EBA00044FC4BFC52FC59FC60FC67FC6EFC75FCA1
:10EBB0007CFC83FC8AFC90FC97FC9EFCA5FCABFCD7
:10EBC000B2FCB9FCBFFCC6FCCCFCD3FCD9FCE0FC1D
:10EBD000E6FCEDFCF3FCF9FC00FD06FD0CFD13FD6D
:10EBE00019FD1FFD25FD2CFD32FD38FD3EFD44FDC8
:10EBF0004AFD50FD56FD5CFD62FD68FD6EFD74FD35
:10EC00007AFD80FD86FD8CFD92FD97FD9DFDA3FDA7
:10EC1000A9FDAEFDB4FDBAFDC0FDC5FDCBFDD1FD26
:10EC2000D6FDDCFDE1FDE7FDEDFDF2FDF8FDFDFDAE
:10EC300003FE08FE0EFE13FE19FE1EFE23FE29FE35
:10EC40002EFE34FE39FE3EFE44FE49FE4EFE54FECC
:10EC500059FE5EFE63FE69FE6EFE73FE78FE7DFE6B
:10EC600082FE88FE8DFE92FE97FE9CFEA1FEA6FE11
:10EC7000ABFEB0FEB5FEBBFEC0FEC5FE10271027E2
:10EC800010271027102710271027102710271027CC
:10EC900010271027102710271027102710271027BC
:10ECA00010271027102710271027102710271027AC
:10ECB000102710271027102710271027102710279C
:10ECC000102710271027102710271027102710278C
:10ECD000102710271027102710271027102710277C
:10ECE000102710271027102710271027102710276C
:10ECF000102710271027102710271027102710275C
:10ED0000102710271027102710271027102710274B
:10ED1000102710271027102710271027102710273B
:10ED2000102710271027102710271027102710272B
:10ED3000102710271027102710271027102710271B
:10ED4000102710271027102710271027102710270B
:10ED500010271027102710271027102710271027FB
:10ED600010271027102710271027102710271027EB
:10ED700010271027102710271027102710271027DB
:10ED800010271027102710271027102710271027CB
:10ED900010271027102710271027102710271027BB
:10EDA00010271027102710271027102710271027AB
:10EDB000102710271027102710271027102710279B
:10EDC000102710271027102710271027102710278B
:10EDD000102710271027102710271027102710277B
:10EDE000102710271027102710271027102710276B
:10EDF000102710271027102710271027102710275B
:10EE0000102710271027102710271027102710274A
:10EE1000102710271027102710271027102710273A
:10EE2000102710271027102710271027102710272A
:10EE3000102710271027102710271027102710271A
:10EE4000102710271027102710271027102710270A
:10EE500010271027102710271027102710271027FA
:10EE600010271027102710271027102710271027EA
:10EE700010271027102710271027102710271027DA
:10EE800010271027102710271027102710271027CA
:10EE900010271027102710271027102710271027BA
:10EEA000102710279CF7E6F712F834F852F86CF8A0
:10EEB00084F89AF8AFF8C3F8D6F8E8F8FAF80BF93E
:10EEC0001BF92BF93AF949F957F965F973F981F901
:10EED0008EF99BF9A8F9B5F9C1F9CDF9D9F9E5F998
:10EEE000F0F9FCF907FA12FA1DFA28FA33FA3DFA9A
:10EEF00048FA52FA5CFA66FA70FA7AFA84FA8EFAEA
:10EF000098FAA1FAABFAB4FABDFAC7FAD0FAD9FA6C
:10EF1000E2FAEBFAF4FAFCFA05FB0EFB16FB1FFB18
:10EF200027FB30FB38FB41FB49FB51FB59FB61FBE5
:10EF300069FB71FB79FB81FB89FB91FB99FBA0FBD2
:10EF4000A8FBB0FBB7FBBFFBC6FBCEFBD5FBDDFBD5
:10EF5000E4FBECFBF3FBFAFB01FC09FC10FC17FCE7
:10EF60001EFC25FC2CFC33FC3AFC41FC48FC4FFC0D
:10EF700056FC5DFC63FC6AFC71FC78FC7EFC85FC45
:10EF80008CFC92FC99FC9FFCA6FCACFCB3FCB9FC8D
:10EF9000C0FCC6FCCCFCD3FCD9FCE0FCE6FCECFCE1
:10EFA000F2FCF9FCFFFC05FD0BFD11FD17FD1EFD3C
:10EFB00024FD2AFD30FD36FD3CFD42FD48FD4EFDA1
:10EFC00054FD5AFD5FFD65FD6BFD71FD77FD7DFD17
:10EFD00082FD88FD8EFD94FD99FD9FFDA5FDABFD95
:10EFE000B0FDB6FDBBFDC1FDC7FDCCFDD2FDD7FD1B
:10EFF000DDFDE2FDE8FDEDFDF3FDF8FDFEFD03FEA8
:10F0000009FE0EFE13FE19FE1EFE24FE29FE2EFE34
:10F0100034FE39FE3EFE43FE49FE4EFE53FE58FED0
:10F020005EFE63FE68FE6DFE72FE77FE7DFE82FE72
:10F0300087FE8CFE91FE96FE9BFEA0FEA5FEAAFE1C
:10F04000AFFEB4FEB9FEBEFEC3FEC8FECDFED2FECC
:10F05000D7FEDCFEE1FEE6FEEBFEF0FEF4FEF9FE7E
:10F06000FEFE03FF08FF0DFF11FF16FF1BFF20FF31
:10F0700025FF29FF2EFF33FF38FF3CFF41FF46FFEE
:10F080004AFF4FFF54FF58FF5DFF62FF66FF6BFFB3
:10F0900070FF74FF79FF7EFF82FF87FF8BFF1027D1
:10F0A00010271027102710271027102710271027A8
:10F0B0001027102710271027102710271027102798
:10F0C0001027102710271027102710271027102788
:10F0D0001027102710271027102710271027102778
:10F0E0001027102710271027102710271027102768
:10F0F0001027102710271027102710271027102758
:10F100001027102710271027102710271027102747
:10F110001027102710271027102710271027102737
:10F120001027102710271027102710271027102727
:10F130001027102710271027102710271027102717
:10F140001027102710271027102710271027102707
:10F1500010271027102710271027102710271027F7
:10F1600010271027102710271027102710271027E7
:10F1700010271027102710271027102710271027D7
:10F1800010271027102710271027102710271027C7
:10F1900010271027102710271027102710271027B7
:10F1A00010271027102710271027102710271027A7
:10F1B0001027102710271027102710271027102797
:10F1C0001027102710271027102710271027102787
:10F1D0001027102710271027102710271027102777
:10F1E0001027102710271027102710271027102767
:10F1F0001027102710271027102710271027102757
:10F200001027102710271027102710271027102746
:10F210001027102710271027102710271027102736
:10F220001027102710271027102710271027102726
:10F230001027102710271027102710271027102716
:10F240001027102710271027102710271027102706
:10F25000102710271027102725F779F7A6F7C9F7E9
:10F26000E8F703F81BF832F848F85CF86FF882F812
:10F2700094F8A5F8B5F8C5F8D5F8E4F8F3F801F96D
:10F280000FF91DF92BF938F945F952F95EF96BF9C7
:10F2900077F983F98FF99AF9A6F9B1F9BCF9C8F9A8
:10F2A000D2F9DDF9E8F9F3F9FDF907FA12FA1CFAD7
:10F2B00026FA30FA39FA43FA4DFA56FA60FA69FA40
:10F2C00073FA7CFA85FA8EFA97FAA0FAA9FAB2FADA
:10F2D000BBFAC4FACCFAD5FADDFAE6FAEEFAF7FA96
:10F2E000FFFA07FB10FB18FB20FB28FB30FB38FB69
:10F2F00040FB48FB50FB58FB5FFB67FB6FFB76FB5B
:10F300007EFB86FB8DFB95FB9CFBA4FBABFBB2FB62
:10F31000BAFBC1FBC8FBCFFBD7FBDEFBE5FBECFB7D
:10F32000F3FBFAFB01FC08FC0FFC16FC1DFC24FCA3
:10F330002AFC31FC38FC3FFC46FC4CFC53FC5AFCDC
:10F3400060FC67FC6DFC74FC7BFC81FC88FC8EFC23
:10F3500094FC9BFCA1FCA8FCAEFCB4FCBBFCC1FC77
:10F36000C7FCCDFCD4FCDAFCE0FCE6FCECFCF2FCD7
:10F37000F9FCFFFC05FD0BFD11FD17FD1DFD23FD37
:10F3800029FD2FFD35FD3BFD40FD46FD4CFD52FDA9
:10F3900058FD5EFD63FD69FD6FFD75FD7AFD80FD25
:10F3A00086FD8BFD91FD97FD9CFDA2FDA8FDADFDA9
:10F3B000B3FDB8FDBEFDC3FDC9FDCEFDD4FDD9FD35
:10F3C000DFFDE4FDEAFDEFFDF5FDFAFDFFFD05FEC5
:10F3D0000AFE0FFE15FE1AFE1FFE25FE2AFE2FFE58
:10F3E00035FE3AFE3FFE44FE49FE4FFE54FE59FEF6
:10F3F0005EFE63FE68FE6EFE73FE78FE7DFE82FE9C
:10F4000087FE8CFE91FE96FE9BFEA0FEA5FEAAFE48
:10F41000AFFEB4FEB9FEBEFEC3FEC8FECDFED2FEF8
:10F42000D7FEDCFEE1FEE5FEEAFEEFFEF4FEF9FEAD
:10F43000FEFE02FF07FF0CFF11FF16FF1AFF1FFF62
:10F4400024FF29FF2DFF32FF37FF3CFF40FF45FF20
:10F450004AFF4EFF53FF58FF5CFF61FF66FF6AFFE4
:10F460006FFF73FF78FF7DFF81FF86FF8AFF8FFFAD
:10F4700093FF98FF9DFFA1FFA6FFAAFFAFFFB3FF79
:10F48000B8FFBCFFC0FFC5FFC9FFCEFFD2FFD7FF4B
:10F49000DBFFE0FFE4FFE8FFEDFFF1FFF6FFFAFF1F
:10F4A000FEFF030007000B001000140018001D00F1
:10F4B000210025002A002E00320036003B001027D4
:10F4C0001027102710271027102710271027102784
:10F4D0001027102710271027102710271027102774
:10F4E0001027102710271027102710271027102764
:10F4F0001027102710271027102710271027102754
:10F500001027102710271027102710271027102743
:10F510001027102710271027102710271027102733
:10F520001027102710271027102710271027102723
:10F530001027102710271027102710271027102713
:10F540001027102710271027102710271027102703
:10F5500010271027102710271027102710271027F3
:10F5600010271027102710271027102710271027E3
:10F5700010271027102710271027102710271027D3
:10F5800010271027102710271027102710271027C3
:10F5900010271027102710271027102710271027B3
:10F5A00010271027102710271027102710271027A3
:10F5B0001027102710271027102710271027102793
:10F5C0001027102710271027102710271027102783
:10F5D0001027102710271027102710271027102773
:10F5E0001027102710271027102710271027102763
:10F5F0001027102710271027102710271027102753
:10F600001027102710271027102710271027F1F692
:10F6100028F750F771F78DF7A7F7BFF7D6F7EBF795
:10F62000FFF712F824F836F847F858F868F877F832
:10F6300086F895F8A4F8B2F8C0F8CDF8DBF8E8F849
:10F64000F5F802F90EF91AF926F932F93EF94AF9F4
:10F6500055F961F96CF977F982F98DF997F9A2F901
:10F66000ACF9B7F9C1F9CBF9D5F9DFF9E9F9F3F953
:10F67000FCF906FA10FA19FA23FA2CFA35FA3EFACE
:10F6800047FA50FA59FA62FA6BFA74FA7DFA85FA77
:10F690008EFA97FA9FFAA8FAB0FAB8FAC1FAC9FA3C
:10F6A000D1FAD9FAE2FAEAFAF2FAFAFA02FB0AFB1A
:10F6B00011FB19FB21FB29FB31FB38FB40FB47FB0E
:10F6C0004FFB57FB5EFB65FB6DFB74FB7CFB83FB19
:10F6D0008AFB92FB99FBA0FBA7FBAEFBB5FBBCFB37
:10F6E000C3FBCBFBD2FBD8FBDFFBE6FBEDFBF4FB64
:10F6F000FBFB02FC09FC0FFC16FC1DFC23FC2AFC96
:10F7000031FC37FC3EFC44FC4BFC52FC58FC5EFCDC
:10F7100065FC6BFC72FC78FC7FFC85FC8BFC92FC2E
:10F7200098FC9EFCA4FCABFCB1FCB7FCBDFCC3FC8C
:10F73000C9FCD0FCD6FCDCFCE2FCE8FCEEFCF4FCF2
:10F74000FAFC00FD06FD0CFD12FD18FD1EFD23FD5B
:10F7500029FD2FFD35FD3BFD41FD46FD4CFD52FDD4
:10F7600058FD5DFD63FD69FD6EFD74FD7AFD7FFD55
:10F7700085FD8BFD90FD96FD9BFDA1FDA6FDACFDDD
:10F78000B1FDB7FDBCFDC2FDC7FDCDFDD2FDD8FD6D
:10F79000DDFDE2FDE8FDEDFDF3FDF8FDFDFD03FE01
:10F7A00008FE0DFE12FE18FE1DFE22FE27FE2DFE97
:10F7B00032FE37FE3CFE41FE47FE4CFE51FE56FE39
:10F7C0005BFE60FE65FE6BFE70FE75FE7AFE7FFEE0
:10F7D00084FE89FE8EFE93FE98FE9DFEA2FEA7FE8D
:10F7E000ACFEB1FEB6FEBBFEC0FEC5FEC9FECEFE3F
:10F7F000D3FED8FEDDFEE2FEE7FEEBFEF0FEF5FEF8
:10F80000FAFEFFFE04FF08FF0DFF12FF17FF1BFFAC
:10F8100020FF25FF2AFF2EFF33FF38FF3CFF41FF6B
:10F8200046FF4AFF4FFF54FF58FF5DFF62FF66FF30
:10F830006BFF6FFF74FF79FF7DFF82FF86FF8BFFF9
:10F840008FFF94FF99FF9DFFA2FFA6FFABFFAFFFC5
:10F85000B4FFB8FFBDFFC1FFC5FFCAFFCEFFD3FF96
:10F86000D7FFDCFFE0FFE4FFE9FFEDFFF2FFF6FF6B
:10F87000FAFFFFFF030007000C001000140019003E
:10F880001D00210026002A002E00330037003B0017
:10F890003F00440048004C005000550059005D00F6
:10F8A000610066006A006E00720076007B007F00D7
:10F8B000830087008B008F00930098009C00A000BD
:10F8C000A400A800AC00B000B400B900BD00C100A5
:10F8D000C500C900CD00D100D500D90010271027E0
:10F8E0001027102710271027102710271027102760
:10F8F0001027102710271027102710271027102750
:10F90000102710271027102710271027102710273F
:10F91000102710271027102710271027102710272F
:10F92000102710271027102710271027102710271F
:10F93000102710271027102710271027102710270F
:10F9400010271027102710271027102710271027FF
:10F9500010271027102710271027102710271027EF
:10F9600010271027102710271027102710271027DF
:10F9700010271027102710271027102710271027CF
:10F9800010271027102710271027102710271027BF
:10F9900010271027102710271027102710271027AF
:10F9A000102710271027102710271027102710279F
:10F9B000102710271027102710271027102710278F
:10F9C0001027102795F6C7F6EDF60DF729F743F740
:10F9D0005BF771F786F79AF7ADF7C0F7D2F7E3F761
:10F9E000F3F704F813F823F832F840F84FF85DF80D
:10F9F0006AF878F885F892F89FF8ACF8B8F8C4F887
:10FA0000D0F8DCF8E8F8F4F8FFF80AF916F921F96B
:10FA10002CF937F941F94CF956F961F96BF975F997
:10FA200080F98AF994F99DF9A7F9B1F9BBF9C4F9FC
:10FA3000CEF9D7F9E0F9EAF9F3F9FCF905FA0EFA8B
:10FA400017FA20FA29FA31FA3AFA43FA4BFA54FA39
:10FA50005DFA65FA6DFA76FA7EFA86FA8FFA97FA07
:10FA60009FFAA7FAAFFAB7FABFFAC7FACFFAD7FAEE
:10FA7000DFFAE6FAEEFAF6FAFDFA05FB0DFB14FBE7
:10FA80001CFB23FB2BFB32FB3AFB41FB48FB50FBEF
:10FA900057FB5EFB65FB6DFB74FB7BFB82FB89FB0D
:10FAA00090FB97FB9EFBA5FBACFBB3FBBAFBC1FB3A
:10FAB000C7FBCEFBD5FBDCFBE3FBE9FBF0FBF7FB75
:10FAC000FDFB04FC0BFC11FC18FC1EFC25FC2BFCB4
:10FAD00032FC38FC3FFC45FC4CFC52FC58FC5FFC03
:10FAE00065FC6BFC71FC78FC7EFC84FC8AFC91FC60
:10FAF00097FC9DFCA3FCA9FCAFFCB5FCBBFCC1FCC6
:10FB0000C8FCCEFCD4FCDAFCDFFCE5FCEBFCF1FC31
:10FB1000F7FCFDFC03FD09FD0FFD14FD1AFD20FDA2
:10FB200026FD2CFD31FD37FD3DFD43FD48FD4EFD1D
:10FB300054FD59FD5FFD65FD6AFD70FD75FD7BFDA2
:10FB400081FD86FD8CFD91FD97FD9CFDA2FDA7FD2D
:10FB5000ADFDB2FDB7FDBDFDC2FDC8FDCDFDD2FDC1
:10FB6000D8FDDDFDE2FDE8FDEDFDF2FDF8FDFDFD5A
:10FB700002FE08FE0DFE12FE17FE1CFE22FE27FEF0
:10FB80002CFE31FE36FE3CFE41FE46FE4BFE50FE94
:10FB900055FE5AFE5FFE64FE69FE6FFE74FE79FE3E
:10FBA0007EFE83FE88FE8DFE92FE97FE9CFEA1FEE9
:10FBB000A5FEAAFEAFFEB4FEB9FEBEFEC3FEC8FEA1
:10FBC000CDFED2FED6FEDBFEE0FEE5FEEAFEEFFE57
:10FBD000F3FEF8FEFDFE02FF07FF0BFF10FF15FF0F
:10FBE00019FF1EFF23FF28FF2CFF31FF36FF3AFFCE
:10FBF0003FFF44FF48FF4DFF52FF56FF5BFF60FF92
:10FC000064FF69FF6DFF72FF77FF7BFF80FF84FF5A
:10FC100089FF8DFF92FF96FF9BFF9FFFA4FFA8FF28
:10FC2000ADFFB1FFB6FFBAFFBFFFC3FFC8FFCCFFF8
:10FC3000D1FFD5FFD9FFDEFFE2FFE7FFEBFFF0FFCB
:10FC4000F4FFF8FFFDFF010005000A000E0012009E
:10FC500017001B001F00240028002C003100350075
:10FC600039003D00420046004A004E005300570054
:10FC70005B005F00640068006C0070007400790035
:10FC80007D008100850089008D00920096009A0019
:10FC90009E00A200A600AA00AF00B300B700BB0000
:10FCA000BF00C300C700CB00CF00D300D700DB00EC
:10FCB000DF00E400E800EC00F000F400F800FC00D5
:10FCC0000001040108010C011001140118011C01BC
:10FCD0002001230127012B012F01330137013B01B3
:10FCE0003F01430147014B014F01530157015A01A5
:10FCF0005E01620166016A016E011027102710275C
:10FD0000102710271027102710271027102710273B
:10FD1000102710271027102710271027102710272B
:10FD2000102710271027102710271027102710271B
:10FD3000102710271027102710271027102710270B
:10FD400010271027102710271027102710271027FB
:10FD500010271027102710271027102710271027EB
:10FD600010271027102710271027102710271027DB
:10FD7000102710271027102710272BF65CF681F686
:10FD8000A1F6BEF6D8F6F0F606F71CF730F743F703
:10FD900056F768F779F78AF79AF7AAF7BAF7C9F723
:10FDA000D8F7E6F7F4F702F810F81DF82BF838F852
:10FDB00044F851F85DF86AF876F882F88DF899F809
:10FDC000A5F8B0F8BBF8C6F8D1F8DCF8E7F8F2F817
:10FDD000FCF807F911F91CF926F930F93AF944F958
:10FDE0004EF957F961F96BF974F97EF987F991F9D0
:10FDF0009AF9A3F9ACF9B5F9BFF9C8F9D0F9D9F96D
:10FE0000E2F9EBF9F4F9FCF905FA0DFA16FA1EFA23
:10FE100027FA2FFA38FA40FA48FA50FA59FA61FAF2
:10FE200069FA71FA79FA81FA89FA91FA98FAA0FADC
:10FE3000A8FAB0FAB7FABFFAC7FACEFAD6FADDFADC
:10FE4000E5FAECFAF4FAFBFA03FB0AFB11FB19FBE7
:10FE500020FB27FB2EFB36FB3DFB44FB4BFB52FB01
:10FE600059FB60FB67FB6EFB75FB7CFB83FB8AFB2E
:10FE700091FB97FB9EFBA5FBACFBB3FBB9FBC0FB67
:10FE8000C7FBCDFBD4FBDBFBE1FBE8FBEEFBF5FBAB
:10FE9000FBFB02FC08FC0FFC15FC1CFC22FC28FCF4
:10FEA0002FFC35FC3BFC42FC48FC4EFC54FC5BFC4C
:10FEB00061FC67FC6DFC73FC7AFC80FC86FC8CFCAE
:10FEC00092FC98FC9EFCA4FCAAFCB0FCB6FCBCFC1A
:10FED000C2FCC8FCCEFCD4FCDAFCE0FCE5FCEBFC8C
:10FEE000F1FCF7FCFDFC02FD08FD0EFD14FD19FD03
:10FEF0001FFD25FD2BFD30FD36FD3CFD41FD47FD81
:10FF00004CFD52FD58FD5DFD63FD68FD6EFD73FD0A
:10FF100079FD7EFD84FD89FD8FFD94FD9AFD9FFD99
:10FF2000A5FDAAFDAFFDB5FDBAFDC0FDC5FDCAFD2D
:10FF3000D0FDD5FDDAFDE0FDE5FDEAFDEFFDF5FDC7
:10FF4000FAFDFFFD04FE0AFE0FFE14FE19FE1EFE62
:10FF500023FE29FE2EFE33FE38FE3DFE42FE47FE06
:10FF60004CFE51FE57FE5CFE61FE66FE6BFE70FEAF
:10FF700075FE7AFE7FFE84FE89FE8EFE93FE98FE5D
:10FF80009CFEA1FEA6FEABFEB0FEB5FEBAFEBFFE15
:10FF9000C4FEC8FECDFED2FED7FEDCFEE1FEE5FECD
:10FFA000EAFEEFFEF4FEF9FEFDFE02FF07FF0CFF86
:10FFB00010FF15FF1AFF1FFF23FF28FF2DFF31FF42
:10FFC00036FF3BFF3FFF44FF49FF4DFF52FF56FF07
:10FFD0005BFF60FF64FF69FF6DFF72FF77FF7BFFD0
:10FFE00080FF84FF89FF8DFF92FF96FF9BFF9FFF9D
:10FFF000A4FFA8FFADFFB1FFB6FFBAFFBFFFC3FF6D
:02000004100AE0
:10000000C8FFCCFFD1FFD5FFD9FFDEFFE2FFE7FF3E
:10001000EBFFEFFFF4FFF8FFFDFF010005000A0012
:100020000E00120017001B001F00240028002C00E7
:100030003000350039003D00420046004A004E00C5
:10004000530057005B005F00640068006C007000A4
:10005000740079007D008100850089008E00920087
:1000600096009A009E00A200A600AB00AF00B3006D
:10007000B700BB00BF00C300C700CB00CF00D40057
:10008000D800DC00E000E400E800EC00F000F40040
:10009000F800FC000001040108010C01100114012A
:1000A00018011C012001240128012C013001340118
:1000B00038013C014001440147014B014F0153010C
:1000C00057015B015F01630167016B016F01720101
:1000D00076017A017E01820186018A018D019101FA
:1000E000950199019D01A101A401A801AC01B001F4
:1000F000B401B701BB01BF01C301C701CA01CE01F1
:10010000D201D601D901DD01E101E501E801EC01EF
:10011000F001F401F701FB01102710271027102729
:100120001027102710271027102710271027102717
:10013000102710271027102710271027102797F6B1
:10014000ADF6C1F6D5F6E8F6FAF60BF71CF72DF783
:100150003DF74DF75CF76BF77AF788F796F7A4F75A
:10016000B2F7BFF7CCF7D9F7E6F7F3F7FFF70BF8DD
:1001700018F824F82FF83BF847F852F85DF868F8BB
:1001800074F87EF889F894F89FF8A9F8B4F8BEF8E6
:10019000C8F8D3F8DDF8E7F8F1F8FAF804F90EF941
:1001A00018F921F92BF934F93EF947F950F959F9C1
:1001B00063F96CF975F97EF987F98FF998F9A1F966
:1001C000AAF9B2F9BBF9C4F9CCF9D5F9DDF9E5F929
:1001D000EEF9F6F9FEF907FA0FFA17FA1FFA27FAFD
:1001E0002FFA37FA3FFA47FA4FFA57FA5FFA66FAE8
:1001F0006EFA76FA7EFA85FA8DFA94FA9CFAA3FAE8
:10020000ABFAB2FABAFAC1FAC9FAD0FAD7FADFFAF7
:10021000E6FAEDFAF4FAFCFA03FB0AFB11FB18FB11
:100220001FFB26FB2DFB34FB3BFB42FB49FB50FB3A
:1002300057FB5EFB64FB6BFB72FB79FB80FB86FB71
:100240008DFB94FB9AFBA1FBA8FBAEFBB5FBBBFBB4
:10025000C2FBC8FBCFFBD5FBDCFBE2FBE9FBEFFB02
:10026000F6FBFCFB02FC09FC0FFC15FC1CFC22FC51
:1002700028FC2EFC34FC3BFC41FC47FC4DFC53FCB1
:1002800059FC60FC66FC6CFC72FC78FC7EFC84FC17
:100290008AFC90FC96FC9CFCA2FCA8FCAEFCB3FC87
:1002A000B9FCBFFCC5FCCBFCD1FCD7FCDCFCE2FC00
:1002B000E8FCEEFCF3FCF9FCFFFC05FD0AFD10FD7B
:1002C00016FD1BFD21FD27FD2CFD32FD37FD3DFDFB
:1002D00043FD48FD4EFD53FD59FD5EFD64FD69FD86
:1002E0006FFD74FD7AFD7FFD84FD8AFD8FFD95FD18
:1002F0009AFD9FFDA5FDAAFDB0FDB5FDBAFDC0FDAF
:10030000C5FDCAFDCFFDD5FDDAFDDFFDE4FDEAFD4B
:10031000EFFDF4FDF9FDFFFD04FE09FE0EFE13FEE8
:1003200018FE1DFE23FE28FE2DFE32FE37FE3CFE8B
:1003300041FE46FE4BFE50FE55FE5AFE5FFE64FE39
:1003400069FE6EFE73FE78FE7DFE82FE87FE8CFEE9
:1003500091FE96FE9BFEA0FEA5FEAAFEAEFEB3FE9B
:10036000B8FEBDFEC2FEC7FECCFED0FED5FEDAFE54
:10037000DFFEE4FEE8FEEDFEF2FEF7FEFBFE00FF10
:1003800005FF0AFF0EFF13FF18FF1DFF21FF26FFC9
:100390002BFF2FFF34FF39FF3DFF42FF47FF4BFF8D
:1003A00050FF54FF59FF5EFF62FF67FF6BFF70FF56
:1003B00074FF79FF7EFF82FF87FF8BFF90FF94FF22
:1003C00099FF9DFFA2FFA6FFABFFAFFFB4FFB8FFF1
:1003D000BDFFC1FFC6FFCAFFCEFFD3FFD7FFDCFFC3
:1003E000E0FFE4FFE9FFEDFFF2FFF6FFFAFFFFFF9A
:1003F000030007000C001000140019001D0021006C
:1004000026002A002E00330037003B004000440045
:1004100048004C005100550059005D006200660024
:100420006A006E00720077007B007F008300870007
:100430008C009000940098009C00A000A500A900EA
:10044000AD00B100B500B900BD00C100C500CA00D3
:10045000CE00D200D600DA00DE00E200E600EA00BC
:10046000EE00F200F600FA00FE00020106010A01A9
:100470000E01120116011A011E01220126012A0194
:100480002E01320136013A013E01420146014A0184
:100490004E01520156015A015E0162016601690175
:1004A0006D017101750179017D018101850189016C
:1004B0008C019001940198019C01A001A301A70166
:1004C000AB01AF01B301B701BA01BE01C201C60160
:1004D000CA01CD01D101D501D901DD01E001E4015D
:1004E000E801EC01EF01F301F701FB01FE0102025B
:1004F00006020A020D021102150218021C02200255
:10050000230227022B022F02320236023A023D0258
:100510004102450248024C025002530257025A025D
:100520005E02620265026902B7F7C3F7CEF7DAF737
:10053000E6F7F1F7FCF708F813F81EF829F833F896
:100540003EF849F853F85EF868F872F87DF887F8D5
:1005500091F89BF8A4F8AEF8B8F8C2F8CBF8D5F843
:10056000DEF8E8F8F1F8FAF804F90DF916F91FF9D0
:1005700028F931F93AF943F94CF954F95DF966F97A
:100580006EF977F97FF988F990F999F9A1F9A9F944
:10059000B2F9BAF9C2F9CAF9D3F9DBF9E3F9EBF91F
:1005A000F3F9FBF903FA0BFA12FA1AFA22FA2AFA09
:1005B00031FA39FA41FA48FA50FA58FA5FFA67FA0A
:1005C0006EFA76FA7DFA85FA8CFA93FA9BFAA2FA19
:1005D000A9FAB0FAB8FABFFAC6FACDFAD4FADBFA39
:1005E000E2FAE9FAF1FAF8FAFFFA05FB0CFB13FB61
:1005F0001AFB21FB28FB2FFB36FB3CFB43FB4AFB92
:1006000051FB57FB5EFB65FB6BFB72FB79FB7FFBD2
:1006100086FB8CFB93FB99FBA0FBA6FBADFBB3FB1E
:10062000BAFBC0FBC7FBCDFBD3FBDAFBE0FBE6FB71
:10063000EDFBF3FBF9FBFFFB06FC0CFC12FC18FCCA
:100640001EFC24FC2BFC31FC37FC3DFC43FC49FC2C
:100650004FFC55FC5BFC61FC67FC6DFC73FC79FC9A
:100660007FFC85FC8BFC91FC97FC9CFCA2FCA8FC0D
:10067000AEFCB4FCBAFCBFFCC5FCCBFCD1FCD6FC88
:10068000DCFCE2FCE8FCEDFCF3FCF9FCFEFC04FD08
:1006900009FD0FFD15FD1AFD20FD25FD2BFD31FD8A
:1006A00036FD3CFD41FD47FD4CFD52FD57FD5DFD16
:1006B00062FD67FD6DFD72FD78FD7DFD82FD88FDAB
:1006C0008DFD93FD98FD9DFDA3FDA8FDADFDB2FD43
:1006D000B8FDBDFDC2FDC8FDCDFDD2FDD7FDDCFDE1
:1006E000E2FDE7FDECFDF1FDF6FDFCFD01FE06FE81
:1006F0000BFE10FE15FE1AFE1FFE25FE2AFE2FFE23
:1007000034FE39FE3EFE43FE48FE4DFE52FE57FECD
:100710005CFE61FE66FE6BFE70FE75FE7AFE7FFE7D
:1007200084FE89FE8DFE92FE97FE9CFEA1FEA6FE33
:10073000ABFEB0FEB4FEB9FEBEFEC3FEC8FECDFEEB
:10074000D1FED6FEDBFEE0FEE4FEE9FEEEFEF3FEA9
:10075000F8FEFCFE01FF06FF0AFF0FFF14FF19FF62
:100760001DFF22FF27FF2BFF30FF35FF39FF3EFF24
:1007700042FF47FF4CFF50FF55FF59FF5EFF63FFED
:1007800067FF6CFF70FF75FF79FF7EFF83FF87FFB8
:100790008CFF90FF95FF99FF9EFFA2FFA7FFABFF85
:1007A000B0FFB4FFB9FFBDFFC1FFC6FFCAFFCFFF57
:1007B000D3FFD8FFDCFFE0FFE5FFE9FFEEFFF2FF2C
:1007C000F6FFFBFFFFFF030008000C001000150000
:1007D00019001D00220026002A002F0033003700D8
:1007E0003C004000440048004D00510055005900B5
:1007F0005E00620066006A006F00730077007B0095
:100800007F00840088008C009000940098009D0078
:10081000A100A500A900AD00B100B600BA00BE005D
:10082000C200C600CA00CE00D200D600DA00DF0047
:10083000E300E700EB00EF00F300F700FB00FF0030
:10084000030107010B010F01130117011B011F0118
:10085000230127012B012F01330137013B013F0108
:10086000430147014B014F01530157015B015F01F8
:10087000630167016A016E01720176017A017E01EE
:10088000820186018A018E019101950199019D01E4
:10089000A101A501A901AC01B001B401B801BC01DD
:1008A000C001C301C701CB01CF01D301D601DA01D9
:1008B000DE01E201E601E901ED01F101F501F801D6
:1008C000FC010002040207020B020F0213021602CF
:1008D0001A021E022202250229022D0230023402CF
:1008E00038023C023F02430247024A024E025202D1
:1008F000550259025D026002640268026B026F02D7
:10090000720276027A027D028102850288028C02DE
:100910008F0260F869F873F87DF886F88FF899F817
:10092000A2F8ABF8B5F8BEF8C7F8D0F8D9F8E2F8F5
:10093000EBF8F4F8FCF805F90EF917F91FF928F9A6
:1009400030F939F941F94AF952F95AF963F96BF971
:1009500073F97BF984F98CF994F99CF9A4F9ACF951
:10096000B4F9BCF9C4F9CCF9D3F9DBF9E3F9EBF943
:10097000F2F9FAF902FA09FA11FA19FA20FA28FA40
:100980002FFA36FA3EFA45FA4DFA54FA5BFA63FA50
:100990006AFA71FA78FA80FA87FA8EFA95FA9CFA6E
:1009A000A3FAAAFAB1FAB9FAC0FAC6FACDFAD4FA99
:1009B000DBFAE2FAE9FAF0FAF7FAFEFA04FB0BFBCB
:1009C00012FB19FB1FFB26FB2DFB33FB3AFB41FB04
:1009D00047FB4EFB54FB5BFB62FB68FB6FFB75FB4D
:1009E0007CFB82FB88FB8FFB95FB9CFBA2FBA8FB9F
:1009F000AFFBB5FBBBFBC2FBC8FBCEFBD4FBDBFBF9
:100A0000E1FBE7FBEDFBF3FBFAFB00FC06FC0CFC57
:100A100012FC18FC1EFC24FC2AFC30FC36FC3CFCBE
:100A200042FC48FC4EFC54FC5AFC60FC66FC6CFC2E
:100A300072FC78FC7DFC83FC89FC8FFC95FC9AFCA5
:100A4000A0FCA6FCACFCB1FCB7FCBDFCC3FCC8FC24
:100A5000CEFCD4FCD9FCDFFCE5FCEAFCF0FCF6FCA7
:100A6000FBFC01FD06FD0CFD11FD17FD1CFD22FD2B
:100A700027FD2DFD32FD38FD3DFD43FD48FD4EFDBA
:100A800053FD59FD5EFD63FD69FD6EFD74FD79FD4D
:100A90007EFD84FD89FD8EFD93FD99FD9EFDA3FDE8
:100AA000A9FDAEFDB3FDB8FDBEFDC3FDC8FDCDFD86
:100AB000D2FDD8FDDDFDE2FDE7FDECFDF1FDF7FD2A
:100AC000FCFD01FE06FE0BFE10FE15FE1AFE1FFECB
:100AD00024FE29FE2EFE34FE39FE3EFE43FE48FE75
:100AE0004DFE52FE57FE5BFE60FE65FE6AFE6FFE27
:100AF00074FE79FE7EFE83FE88FE8DFE92FE96FEDB
:100B00009BFEA0FEA5FEAAFEAFFEB4FEB8FEBDFE93
:100B1000C2FEC7FECCFED0FED5FEDAFEDFFEE3FE4F
:100B2000E8FEEDFEF2FEF6FEFBFE00FF05FF09FF0C
:100B30000EFF13FF17FF1CFF21FF25FF2AFF2FFFCA
:100B400033FF38FF3DFF41FF46FF4AFF4FFF54FF91
:100B500058FF5DFF61FF66FF6BFF6FFF74FF78FF5B
:100B60007DFF81FF86FF8AFF8FFF93FF98FF9CFF29
:100B7000A1FFA5FFAAFFAEFFB3FFB7FFBCFFC0FFF9
:100B8000C4FFC9FFCDFFD2FFD6FFDBFFDFFFE3FFCE
:100B9000E8FFECFFF1FFF5FFF9FFFEFF02000600A2
:100BA0000B000F00130018001C0020002500290076
:100BB0002D00320036003A003F00430047004B0052
:100BC0005000540058005C006100650069006D0031
:100BD000720076007A007E00820087008B008F0012
:100BE000930097009B00A000A400A800AC00B000F8
:100BF000B400B900BD00C100C500C900CD00D100DE
:100C0000D500D900DE00E200E600EA00EE00F200C6
:100C1000F600FA00FE00020106010A010E011201AF
:100C200016011A011E01220126012A012E0132019C
:100C300036013A013E01420146014A014E0152018C
:100C400056015A015E01620166016A016E0172017C
:100C500076017A017D018101850189018D01910172
:100C6000950199019D01A001A401A801AC01B00169
:100C7000B401B801BB01BF01C301C701CB01CF0162
:100C8000D201D601DA01DE01E201E601E901ED015E
:100C9000F101F501F801FC010002040208020B0257
:100CA0000F02130217021A021E0222022602290252
:100CB0002D023102340238023C0240024302470254
:100CC0004B024E025202560259025D026102640258
:100CD00068026C026F02730277027A027E0282025D
:100CE000850289028D029002940298029B029F0263
:100CF000A202A602AA02AD02B102B402DFF8E8F82D
:100D0000F0F8F9F801F909F912F91AF922F92AF9B2
:100D100033F93BF943F94BF953F95BF963F96BF993
:100D200073F97BF983F98BF992F99AF9A2F9AAF987
:100D3000B1F9B9F9C1F9C8F9D0F9D7F9DFF9E6F98C
:100D4000EEF9F5F9FDF904FA0BFA13FA1AFA21FA99
:100D500029FA30FA37FA3EFA46FA4DFA54FA5BFAB3
:100D600062FA69FA70FA77FA7EFA85FA8CFA93FADF
:100D70009AFAA1FAA8FAAFFAB6FABDFAC3FACAFA11
:100D8000D1FAD8FADFFAE5FAECFAF3FAF9FA00FB4D
:100D900007FB0DFB14FB1BFB21FB28FB2EFB35FB8C
:100DA0003BFB42FB48FB4FFB55FB5BFB62FB68FBDD
:100DB0006FFB75FB7BFB82FB88FB8EFB95FB9BFB34
:100DC000A1FBA7FBAEFBB4FBBAFBC0FBC6FBCDFB94
:100DD000D3FBD9FBDFFBE5FBEBFBF1FBF7FBFDFBFB
:100DE00003FC09FC0FFC15FC1BFC21FC27FC2DFC63
:100DF00033FC39FC3FFC45FC4BFC51FC56FC5CFCD5
:100E000062FC68FC6EFC74FC79FC7FFC85FC8BFC4E
:100E100090FC96FC9CFCA2FCA7FCADFCB3FCB8FCCF
:100E2000BEFCC4FCC9FCCFFCD4FCDAFCE0FCE5FC55
:100E3000EBFCF0FCF6FCFBFC01FD06FD0CFD11FDDE
:100E400017FD1CFD22FD27FD2DFD32FD38FD3DFD6A
:100E500042FD48FD4DFD53FD58FD5DFD63FD68FD00
:100E60006DFD73FD78FD7DFD83FD88FD8DFD92FD9B
:100E700098FD9DFDA2FDA7FDADFDB2FDB7FDBCFD3A
:100E8000C1FDC7FDCCFDD1FDD6FDDBFDE0FDE5FDDF
:100E9000EBFDF0FDF5FDFAFDFFFD04FE09FE0EFE83
:100EA00013FE18FE1DFE22FE27FE2CFE31FE36FE2E
:100EB0003BFE40FE45FE4AFE4FFE54FE59FE5EFEDE
:100EC00063FE68FE6DFE72FE77FE7CFE81FE85FE8F
:100ED0008AFE8FFE94FE99FE9EFEA3FEA7FEACFE48
:100EE000B1FEB6FEBBFEBFFEC4FEC9FECEFED3FE03
:100EF000D7FEDCFEE1FEE6FEEAFEEFFEF4FEF8FEC3
:100F0000FDFE02FF06FF0BFF10FF15FF19FF1EFF7E
:100F100023FF27FF2CFF30FF35FF3AFF3EFF43FF43
:100F200048FF4CFF51FF55FF5AFF5EFF63FF68FF0C
:100F30006CFF71FF75FF7AFF7EFF83FF87FF8CFFD9
:100F400090FF95FF99FF9EFFA2FFA7FFABFFB0FFA9
:100F5000B4FFB9FFBDFFC2FFC6FFCAFFCFFFD3FF7B
:100F6000D8FFDCFFE0FFE5FFE9FFEEFFF2FFF6FF51
:100F7000FBFFFFFF040008000C0011001500190022
:100F80001E00220026002A002F00330037003C00FC
:100F90004000440049004D00510055005A005E00D9
:100FA000620066006B006F00730077007B008000BA
:100FB000840088008C009000950099009D00A1009D
:100FC000A500A900AE00B200B600BA00BE00C20083
:100FD000C600CB00CF00D300D700DB00DF00E3006A
:100FE000E700EB00EF00F400F800FC000001040152
:100FF00008010C011001140118011C012001240139
:1010000028012C013001340138013C014001440128
:1010100048014C015001540158015C016001640118
:1010200068016C017001740178017C017F0183010A
:1010300087018B018F01930197019B019F01A30100
:10104000A601AA01AE01B201B601BA01BE01C201F8
:10105000C501C901CD01D101D501D901DC01E001F2
:10106000E401E801EC01EF01F301F701FB01FF01ED
:10107000020206020A020E021202150219021D02E3
:101080002102240228022C023002330237023B02E2
:101090003F02420246024A024D02510255025902E3
:1010A0005C026002640267026B026F0272027602E7
:1010B0007A027D028102850288028C0290029302EC
:1010C00097029B029E02A202A602A902AD02B002F2
:1010D000B402B802BB02BF02C202C602CA02CD02FB
:1010E000D102D402D80248F950F957F95FF967F9EB
:1010F0006EF976F97EF985F98DF994F99CF9A3F9E1
:10110000ABF9B2F9BAF9C1F9C8F9D0F9D7F9DEF9F2
:10111000E6F9EDF9F4F9FBF903FA0AFA11FA18FA0B
:101120001FFA26FA2DFA34FA3BFA42FA49FA50FA33
:1011300057FA5EFA65FA6CFA73FA7AFA81FA88FA63
:101140008EFA95FA9CFAA3FAA9FAB0FAB7FABEFA9F
:10115000C4FACBFAD2FAD8FADFFAE5FAECFAF2FAE4
:10116000F9FA00FB06FB0DFB13FB19FB20FB26FB2A
:101170002DFB33FB3AFB40FB46FB4DFB53FB59FB7E
:1011800060FB66FB6CFB72FB79FB7FFB85FB8BFBDB
:1011900091FB98FB9EFBA4FBAAFBB0FBB6FBBCFB40
:1011A000C2FBC9FBCFFBD5FBDBFBE1FBE7FBEDFBA8
:1011B000F3FBF9FBFFFB05FC0AFC10FC16FC1CFC16
:1011C00022FC28FC2EFC34FC39FC3FFC45FC4BFC8B
:1011D00051FC57FC5CFC62FC68FC6EFC73FC79FC07
:1011E0007FFC84FC8AFC90FC95FC9BFCA1FCA6FC8B
:1011F000ACFCB2FCB7FCBDFCC2FCC8FCCEFCD3FC12
:10120000D9FCDEFCE4FCE9FCEFFCF4FCFAFCFFFC9E
:1012100005FD0AFD10FD15FD1AFD20FD25FD2BFD28
:1012200030FD35FD3BFD40FD45FD4BFD50FD55FDC1
:101230005BFD60FD65FD6BFD70FD75FD7BFD80FD5B
:1012400085FD8AFD8FFD95FD9AFD9FFDA4FDAAFDFC
:10125000AFFDB4FDB9FDBEFDC3FDC9FDCEFDD3FD9F
:10126000D8FDDDFDE2FDE7FDECFDF1FDF6FDFBFD4A
:1012700001FE06FE0BFE10FE15FE1AFE1FFE24FEEA
:1012800029FE2EFE33FE38FE3DFE42FE47FE4BFE9B
:1012900050FE55FE5AFE5FFE64FE69FE6EFE73FE52
:1012A00078FE7DFE81FE86FE8BFE90FE95FE9AFE08
:1012B0009EFEA3FEA8FEADFEB2FEB6FEBBFEC0FEC5
:1012C000C5FECAFECEFED3FED8FEDDFEE1FEE6FE82
:1012D000EBFEEFFEF4FEF9FEFDFE02FF07FF0CFF42
:1012E00010FF15FF1AFF1EFF23FF27FF2CFF31FF02
:1012F00035FF3AFF3FFF43FF48FF4CFF51FF55FFCB
:101300005AFF5FFF63FF68FF6CFF71FF75FF7AFF95
:101310007EFF83FF87FF8CFF90FF95FF99FF9EFF65
:10132000A2FFA7FFABFFB0FFB4FFB9FFBDFFC2FF35
:10133000C6FFCAFFCFFFD3FFD8FFDCFFE1FFE5FF09
:10134000E9FFEEFFF2FFF6FFFBFFFFFF04000800DE
:101350000C001100150019001E00220026002B00B1
:101360002F00330037003C004000440049004D008E
:10137000510055005A005E00620066006B006F006D
:10138000730077007C008000840088008C0091004E
:10139000950099009D00A100A500AA00AE00B20032
:1013A000B600BA00BE00C300C700CB00CF00D30018
:1013B000D700DB00DF00E300E800EC00F000F40001
:1013C000F800FC000001040108010C0110011401E7
:1013D00018011C012101250129012D0131013501CF
:1013E00039013D014101450149014D0151015501BD
:1013F00059015D016101640168016C0170017401B2
:1014000078017C018001840188018C0190019401A4
:1014100098019C019F01A301A701AB01AF01B3019A
:10142000B701BB01BF01C201C601CA01CE01D20191
:10143000D601DA01DD01E101E501E901ED01F1018A
:10144000F401F801FC010002040207020B020F0282
:10145000130217021A021E022202260229022D027C
:101460003102350239023C024002440247024B027B
:101470004F02530256025A025E026202650269027C
:101480006D027002740278027B027F028302860280
:101490008A028E029202950299029C02A002A40284
:1014A000A702AB02AF02B202B602BA02BD02C1028B
:1014B000C502C802CC02CF02D302D702DA02DE0292
:1014C000E102E502E902EC02F002F302F702FA029D
:1014D000A1F9A8F9B0F9B7F9BEF9C5F9CCF9D4F971
:1014E000DBF9E2F9E9F9F0F9F7F9FEF905FA0CFA96
:1014F00013FA1AFA21FA28FA2FFA36FA3CFA43FAC2
:101500004AFA51FA58FA5EFA65FA6CFA73FA79FAFD
:1015100080FA87FA8DFA94FA9BFAA1FAA8FAAFFA40
:10152000B5FABCFAC2FAC9FACFFAD6FADCFAE3FA8B
:10153000E9FAF0FAF6FAFCFA03FB09FB0FFB16FBDB
:101540001CFB23FB29FB2FFB35FB3CFB42FB48FB31
:101550004EFB55FB5BFB61FB67FB6DFB74FB7AFB92
:1015600080FB86FB8CFB92FB98FB9EFBA4FBAAFBFB
:10157000B0FBB6FBBCFBC2FBC8FBCEFBD4FBDAFB6B
:10158000E0FBE6FBECFBF2FBF8FBFEFB04FC09FCDA
:101590000FFC15FC1BFC21FC27FC2CFC32FC38FC4E
:1015A0003EFC43FC49FC4FFC55FC5AFC60FC66FCCD
:1015B0006BFC71FC77FC7CFC82FC88FC8DFC93FC52
:1015C00098FC9EFCA4FCA9FCAFFCB4FCBAFCBFFCDC
:1015D000C5FCCAFCD0FCD5FCDBFCE0FCE6FCEBFC6B
:1015E000F1FCF6FCFCFC01FD06FD0CFD11FD17FDF8
:1015F0001CFD21FD27FD2CFD31FD37FD3CFD41FD8E
:1016000047FD4CFD51FD57FD5CFD61FD66FD6CFD28
:1016100071FD76FD7BFD81FD86FD8BFD90FD95FDC9
:101620009BFDA0FDA5FDAAFDAFFDB4FDB9FDBFFD6D
:10163000C4FDC9FDCEFDD3FDD8FDDDFDE2FDE7FD16
:10164000ECFDF1FDF6FDFBFD00FE06FE0BFE10FEBF
:1016500015FE1AFE1FFE23FE28FE2DFE32FE37FE6B
:101660003CFE41FE46FE4BFE50FE55FE5AFE5FFE1E
:1016700064FE68FE6DFE72FE77FE7CFE81FE86FED5
:101680008AFE8FFE94FE99FE9EFEA2FEA7FEACFE91
:10169000B1FEB6FEBAFEBFFEC4FEC9FECDFED2FE4E
:1016A000D7FEDCFEE0FEE5FEEAFEEEFEF3FEF8FE0F
:1016B000FCFE01FF06FF0BFF0FFF14FF18FF1DFFCD
:1016C00022FF26FF2BFF30FF34FF39FF3DFF42FF93
:1016D00047FF4BFF50FF54FF59FF5DFF62FF67FF5D
:1016E0006BFF70FF74FF79FF7DFF82FF86FF8BFF2A
:1016F0008FFF94FF98FF9DFFA1FFA6FFAAFFAFFFFA
:10170000B3FFB7FFBCFFC0FFC5FFC9FFCEFFD2FFCD
:10171000D6FFDBFFDFFFE4FFE8FFECFFF1FFF5FFA3
:10172000FAFFFEFF020007000B000F001400180074
:101730001C002100250029002E00320036003B004D
:101740003F00430047004C005000540058005D002B
:101750006100650069006E00720076007A007F000B
:10176000830087008B008F00940098009C00A000ED
:10177000A400A900AD00B100B500B900BD00C200D1
:10178000C600CA00CE00D200D600DA00DE00E300B8
:10179000E700EB00EF00F300F700FB00FF000301A0
:1017A00007010B010F01140118011C012001240184
:1017B00028012C013001340138013C014001440171
:1017C00048014C015001540158015C016001640161
:1017D00068016C017001740178017C018001840151
:1017E00087018B018F01930197019B019F01A30149
:1017F000A701AB01AF01B301B601BA01BE01C2013D
:10180000C601CA01CE01D201D601D901DD01E10133
:10181000E501E901ED01F001F401F801FC0100022C
:10182000040207020B020F02130217021A021E0221
:10183000220226022A022D023102350239023C021E
:101840004002440248024C024F02530257025A021D
:101850005E026202660269026D027102750278021E
:101860007C028002830287028B028E029202960221
:101870009A029D02A102A502A802AC02B002B30224
:10188000B702BA02BE02C202C502C902CD02D0022C
:10189000D402D802DB02DF02E202E602EA02ED0233
:1018A000F102F402F802FC02FF02030306030A033A
:1018B0000E031103150318031C03F0F9F7F9FDF9E2
:1018C00004FA0BFA12FA19FA20FA26FA2DFA34FA67
:1018D0003BFA41FA48FA4FFA55FA5CFA62FA69FAA9
:1018E00070FA76FA7DFA83FA8AFA90FA97FA9DFAF4
:1018F000A4FAAAFAB1FAB7FABEFAC4FACBFAD1FA44
:10190000D7FADEFAE4FAEAFAF1FAF7FAFDFA04FB9A
:101910000AFB10FB16FB1DFB23FB29FB2FFB35FBF2
:101920003CFB42FB48FB4EFB54FB5AFB60FB66FB57
:101930006CFB72FB79FB7FFB85FB8BFB91FB97FBC1
:101940009DFBA3FBA9FBAEFBB4FBBAFBC0FBC6FB34
:10195000CCFBD2FBD8FBDEFBE4FBE9FBEFFBF5FBAA
:10196000FBFB01FC06FC0CFC12FC18FC1EFC23FC1F
:1019700029FC2FFC34FC3AFC40FC45FC4BFC51FCA0
:1019800056FC5CFC62FC67FC6DFC73FC78FC7EFC26
:1019900083FC89FC8EFC94FC9AFC9FFCA5FCAAFCB1
:1019A000B0FCB5FCBBFCC0FCC6FCCBFCD1FCD6FC3F
:1019B000DBFCE1FCE6FCECFCF1FCF6FCFCFC01FDD4
:1019C00007FD0CFD11FD17FD1CFD21FD27FD2CFD64
:1019D00031FD37FD3CFD41FD46FD4CFD51FD56FD01
:1019E0005BFD61FD66FD6BFD70FD75FD7BFD80FDA2
:1019F00085FD8AFD8FFD94FD9AFD9FFDA4FDA9FD47
:101A0000AEFDB3FDB8FDBDFDC3FDC8FDCDFDD2FDEE
:101A1000D7FDDCFDE1FDE6FDEBFDF0FDF5FDFAFD9A
:101A2000FFFD04FE09FE0EFE13FE18FE1DFE22FE43
:101A300027FE2CFE31FE36FE3BFE3FFE44FE49FEF5
:101A40004EFE53FE58FE5DFE62FE67FE6BFE70FEAC
:101A500075FE7AFE7FFE84FE88FE8DFE92FE97FE66
:101A60009CFEA0FEA5FEAAFEAFFEB3FEB8FEBDFE24
:101A7000C2FEC6FECBFED0FED5FED9FEDEFEE3FEE4
:101A8000E7FEECFEF1FEF6FEFAFEFFFE04FF08FFA5
:101A90000DFF11FF16FF1BFF1FFF24FF29FF2DFF66
:101AA00032FF36FF3BFF40FF44FF49FF4DFF52FF2F
:101AB00056FF5BFF60FF64FF69FF6DFF72FF76FFFB
:101AC0007BFF7FFF84FF88FF8DFF91FF96FF9AFFCA
:101AD0009FFFA3FFA8FFACFFB1FFB5FFB9FFBEFF9B
:101AE000C2FFC7FFCBFFD0FFD4FFD8FFDDFFE1FF70
:101AF000E6FFEAFFEEFFF3FFF7FFFCFF0000040044
:101B000009000D00110016001A001E002300270016
:101B10002B003000340038003C00410045004900F3
:101B20004E00520056005A005F00630067006B00D1
:101B30007000740078007C008100850089008D00B1
:101B4000910096009A009E00A200A600AB00AF0094
:101B5000B300B700BB00BF00C400C800CC00D00079
:101B6000D400D800DC00E000E500E900ED00F10061
:101B7000F500F900FD000101050109010E01120146
:101B800016011A011E01220126012A012E0132012D
:101B900036013A013E01420146014A014E0152011D
:101BA00056015A015E01620166016A016E0172010D
:101BB00076017A017E01820186018A018E019201FD
:101BC00096019A019E01A101A501A901AD01B101F2
:101BD000B501B901BD01C101C501C901CC01D001E7
:101BE000D401D801DC01E001E401E801EB01EF01DF
:101BF000F301F701FB01FF01030206020A020E02D4
:101C00001202160219021D022102250229022C02CB
:101C10003002340238023C023F02430247024B02C8
:101C20004E02520256025A025E02610265026902C7
:101C30006C027002740278027B027F0283028702C8
:101C40008A028E029202950299029D02A002A402CB
:101C5000A802AC02AF02B302B702BA02BE02C202CD
:101C6000C502C902CD02D002D402D702DB02DF02D4
:101C7000E202E602EA02ED02F102F502F802FC02DB
:101C8000FF02030307030A030E03110315031903DD
:101C90001C032003230327032A032E0332033503E7
:101CA00039033C0336FA3DFA43FA4AFA50FA57FA36
:101CB0005DFA64FA6AFA71FA77FA7EFA84FA8BFAB4
:101CC00091FA97FA9EFAA4FAABFAB1FAB7FABEFA09
:101CD000C4FACAFAD0FAD7FADDFAE3FAE9FAF0FA66
:101CE000F6FAFCFA02FB08FB0FFB15FB1BFB21FBC2
:101CF00027FB2DFB33FB39FB3FFB45FB4CFB52FB2A
:101D000058FB5EFB64FB6AFB70FB76FB7CFB81FB94
:101D100087FB8DFB93FB99FB9FFBA5FBABFBB1FB0B
:101D2000B7FBBCFBC2FBC8FBCEFBD4FBDAFBDFFB83
:101D3000E5FBEBFBF1FBF6FBFCFB02FC08FC0DFCFE
:101D400013FC19FC1EFC24FC2AFC2FFC35FC3BFC7C
:101D500040FC46FC4CFC51FC57FC5CFC62FC67FC04
:101D60006DFC73FC78FC7EFC83FC89FC8EFC94FC8F
:101D700099FC9FFCA4FCAAFCAFFCB4FCBAFCBFFC21
:101D8000C5FCCAFCD0FCD5FCDAFCE0FCE5FCEBFCB5
:101D9000F0FCF5FCFBFC00FD05FD0BFD10FD15FD49
:101DA0001AFD20FD25FD2AFD30FD35FD3AFD3FFDE4
:101DB00045FD4AFD4FFD54FD59FD5FFD64FD69FD84
:101DC0006EFD73FD79FD7EFD83FD88FD8DFD92FD29
:101DD00097FD9CFDA2FDA7FDACFDB1FDB6FDBBFDD1
:101DE000C0FDC5FDCAFDCFFDD4FDD9FDDEFDE3FD7F
:101DF000E8FDEDFDF2FDF7FDFCFD01FE06FE0BFE2C
:101E000010FE15FE1AFE1FFE24FE29FE2EFE33FED6
:101E100038FE3CFE41FE46FE4BFE50FE55FE5AFE8D
:101E20005FFE63FE68FE6DFE72FE77FE7CFE80FE46
:101E300085FE8AFE8FFE94FE98FE9DFEA2FEA7FE02
:101E4000ABFEB0FEB5FEBAFEBEFEC3FEC8FECDFEC2
:101E5000D1FED6FEDBFEDFFEE4FEE9FEEDFEF2FE85
:101E6000F7FEFBFE00FF05FF09FF0EFF13FF17FF44
:101E70001CFF21FF25FF2AFF2EFF33FF38FF3CFF09
:101E800041FF45FF4AFF4EFF53FF58FF5CFF61FFD4
:101E900065FF6AFF6EFF73FF77FF7CFF80FF85FFA2
:101EA00089FF8EFF92FF97FF9BFFA0FFA4FFA9FF72
:101EB000ADFFB1FFB6FFBAFFBFFFC3FFC8FFCCFF46
:101EC000D0FFD5FFD9FFDEFFE2FFE6FFEBFFEFFF1C
:101ED000F4FFF8FFFCFF0100050009000E001200EE
:101EE00016001B001F00230028002C0030003500C6
:101EF00039003D00420046004A004E0053005700A2
:101F00005B006000640068006C007100750079007F
:101F10007D00810086008A008E00920097009B0061
:101F20009F00A300A700AB00B000B400B800BC0045
:101F3000C000C500C900CD00D100D500D900DD002A
:101F4000E100E600EA00EE00F200F600FA00FE0012
:101F5000020106010B010F01130117011B011F01F3
:101F6000230127012B012F01330137013B013F01E1
:101F7000430147014B014F01530157015B015F01D1
:101F8000630167016B016F01730177017B017F01C1
:101F9000830187018B018F01930197019B019F01B1
:101FA000A301A701AB01AF01B301B701BA01BE01A3
:101FB000C201C601CA01CE01D201D601DA01DE0199
:101FC000E101E501E901ED01F101F501F901FD0191
:101FD0000002040208020C021002140217021B0283
:101FE0001F02230227022B022E02320236023A027D
:101FF0003E024102450249024D025002540258027B
:102000005C026002630267026B026F027202760278
:102010007A027E028102850289028D029002940278
:1020200098029B029F02A302A702AA02AE02B2027A
:10203000B502B902BD02C002C402C802CB02CF027F
:10204000D302D602DA02DE02E102E502E902EC0284
:10205000F002F402F702FB02FE0202030603090388
:102060000D031103140318031B031F03230326038B
:102070002A032D033103350338033C033F03430395
:1020800046034A034E035103550358035C0376FA93
:102090007DFA83FA89FA90FA96FA9CFAA2FAA9FADA
:1020A000AFFAB5FABBFAC2FAC8FACEFAD4FADAFA3B
:1020B000E0FAE7FAEDFAF3FAF9FAFFFA05FB0BFB9F
:1020C00011FB17FB1DFB23FB29FB2FFB35FB3BFB08
:1020D00041FB47FB4DFB53FB59FB5FFB65FB6BFB78
:1020E00071FB77FB7DFB83FB88FB8EFB94FB9AFBEC
:1020F000A0FBA6FBABFBB1FBB7FBBDFBC3FBC8FB67
:10210000CEFBD4FBDAFBDFFBE5FBEBFBF0FBF6FBE6
:10211000FCFB01FC07FC0DFC12FC18FC1EFC23FC64
:1021200029FC2EFC34FC3AFC3FFC45FC4AFC50FCEC
:1021300055FC5BFC60FC66FC6CFC71FC77FC7CFC79
:1021400081FC87FC8CFC92FC97FC9DFCA2FCA8FC0B
:10215000ADFCB2FCB8FCBDFCC3FCC8FCCDFCD3FCA0
:10216000D8FCDDFCE3FCE8FCEDFCF3FCF8FCFDFC3A
:1021700003FD08FD0DFD12FD18FD1DFD22FD27FDCF
:102180002DFD32FD37FD3CFD42FD47FD4CFD51FD6F
:1021900056FD5BFD61FD66FD6BFD70FD75FD7AFD15
:1021A0007FFD85FD8AFD8FFD94FD99FD9EFDA3FDBC
:1021B000A8FDADFDB2FDB7FDBCFDC1FDC6FDCBFD6B
:1021C000D0FDD5FDDAFDDFFDE4FDE9FDEEFDF3FD1B
:1021D000F8FDFDFD02FE07FE0CFE11FE16FE1BFEC5
:1021E00020FE25FE2AFE2FFE33FE38FE3DFE42FE77
:1021F00047FE4CFE51FE56FE5AFE5FFE64FE69FE2F
:102200006EFE72FE77FE7CFE81FE86FE8AFE8FFEEB
:1022100094FE99FE9EFEA2FEA7FEACFEB1FEB5FEA8
:10222000BAFEBFFEC3FEC8FECDFED2FED6FEDBFE6A
:10223000E0FEE4FEE9FEEEFEF2FEF7FEFCFE00FF2D
:1022400005FF0AFF0EFF13FF17FF1CFF21FF25FFED
:102250002AFF2EFF33FF38FF3CFF41FF45FF4AFFB7
:102260004EFF53FF57FF5CFF61FF65FF6AFF6EFF84
:1022700073FF77FF7CFF80FF85FF89FF8EFF92FF52
:1022800097FF9BFFA0FFA4FFA8FFADFFB1FFB6FF24
:10229000BAFFBFFFC3FFC8FFCCFFD0FFD5FFD9FFF8
:1022A000DEFFE2FFE6FFEBFFEFFFF4FFF8FFFCFFCE
:1022B0000100050009000E00120016001B001F009F
:1022C000230028002C003000350039003D0042007A
:1022D00046004A004E00530057005B005F00640058
:1022E00068006C007000750079007D008100860038
:1022F0008A008E00920096009B009F00A300A7001A
:10230000AB00B000B400B800BC00C000C500C900FC
:10231000CD00D100D500D900DD00E200E600EA00E2
:10232000EE00F200F600FA00FE00020107010B01C8
:102330000F01130117011B011F01230127012B01AD
:102340002F01330137013C014001440148014C0198
:102350005001540158015C016001640168016C0185
:102360007001740178017C018001840188018C0175
:102370009001940198019C019F01A301A701AB0169
:10238000AF01B301B701BB01BF01C301C701CB015D
:10239000CF01D301D601DA01DE01E201E601EA0153
:1023A000EE01F201F601F901FD0101020502090247
:1023B0000D021102140218021C022002240228023B
:1023C0002B022F02330237023B023F024202460237
:1023D0004A024E025202550259025D026102640233
:1023E00068026C027002740277027B027F02830231
:1023F00086028A028E029202950299029D02A10231
:10240000A402A802AC02AF02B302B702BB02BE0232
:10241000C202C602C902CD02D102D402D802DC0235
:10242000DF02E302E702EA02EE02F202F502F9023B
:10243000FD020003040308030B030F031303160339
:102440001A031D032103250328032C032F03330341
:1024500037033A033E034103450349034C0350034A
:10246000530357035B035E036203650369036C0355
:102470007003730377037B03B1FAB7FABEFAC4FAA9
:10248000CAFAD0FAD6FADCFAE2FAE8FAEEFAF4FA84
:10249000FAFA00FB06FB0CFB12FB18FB1EFB24FBED
:1024A0002AFB30FB36FB3CFB42FB48FB4DFB53FB5E
:1024B00059FB5FFB65FB6BFB71FB76FB7CFB82FBD7
:1024C00088FB8EFB93FB99FB9FFBA5FBAAFBB0FB54
:1024D000B6FBBCFBC1FBC7FBCDFBD2FBD8FBDEFBD5
:1024E000E3FBE9FBEFFBF4FBFAFB00FC05FC0BFC58
:1024F00010FC16FC1BFC21FC27FC2CFC32FC37FCDE
:102500003DFC42FC48FC4DFC53FC58FC5EFC63FC6B
:1025100069FC6EFC74FC79FC7EFC84FC89FC8FFCFD
:1025200094FC9AFC9FFCA4FCAAFCAFFCB4FCBAFC93
:10253000BFFCC4FCCAFCCFFCD4FCDAFCDFFCE4FC2E
:10254000EAFCEFFCF4FCF9FCFFFC04FD09FD0EFDC8
:1025500014FD19FD1EFD23FD29FD2EFD33FD38FD63
:102560003DFD42FD48FD4DFD52FD57FD5CFD61FD09
:1025700066FD6CFD71FD76FD7BFD80FD85FD8AFDB0
:102580008FFD94FD99FD9EFDA3FDA8FDAEFDB3FD5D
:10259000B8FDBDFDC2FDC7FDCCFDD1FDD6FDDBFD07
:1025A000E0FDE5FDE9FDEEFDF3FDF8FDFDFD02FEBC
:1025B00007FE0CFE11FE16FE1BFE20FE25FE29FE68
:1025C0002EFE33FE38FE3DFE42FE47FE4BFE50FE21
:1025D00055FE5AFE5FFE64FE68FE6DFE72FE77FEDB
:1025E0007CFE80FE85FE8AFE8FFE93FE98FE9DFE99
:1025F000A2FEA6FEABFEB0FEB5FEB9FEBEFEC3FE59
:10260000C7FECCFED1FED5FEDAFEDFFEE3FEE8FE1D
:10261000EDFEF1FEF6FEFBFEFFFE04FF09FF0DFFDF
:1026200012FF16FF1BFF20FF24FF29FF2DFF32FFA3
:1026300037FF3BFF40FF44FF49FF4DFF52FF57FF6D
:102640005BFF60FF64FF69FF6DFF72FF76FF7BFF3A
:102650007FFF84FF88FF8DFF91FF96FF9AFF9FFF0A
:10266000A3FFA7FFACFFB0FFB5FFB9FFBEFFC2FFDE
:10267000C6FFCBFFCFFFD4FFD8FFDDFFE1FFE5FFB3
:10268000EAFFEEFFF2FFF7FFFBFF00000400080087
:102690000D00110015001A001E00220027002B005B
:1026A0002F00340038003C004000450049004D0038
:1026B000520056005A005E00630067006B006F0016
:1026C000740078007C008000850089008D009100F6
:1026D00096009A009E00A200A600AB00AF00B300D7
:1026E000B700BB00BF00C400C800CC00D000D400BD
:1026F000D800DD00E100E500E900ED00F100F500A3
:10270000FA00FE00020106010A010E011201160183
:102710001A011E01220127012B012F01330137016C
:102720003B013F01430147014B014F015301570159
:102730005B015F01630167016B016F017301770149
:102740007B017F01830187018B018F019301970139
:102750009B019F01A301A701AB01AF01B301B70129
:10276000BB01BF01C301C701CA01CE01D201D6011D
:10277000DA01DE01E201E601EA01EE01F201F50112
:10278000F901FD010102050209020D021102140204
:1027900018021C022002240228022C022F023302FB
:1027A00037023B023F02430246024A024E025202F5
:1027B000560259025D026102650269026C027002F2
:1027C000740278027B027F02830287028B028E02F0
:1027D000920296029A029D02A102A502A902AC02EF
:1027E000B002B402B702BB02BF02C302C602CA02F1
:1027F000CE02D102D502D902DD02E002E402E802F3
:10280000EB02EF02F302F602FA02FE0201030503F5
:1028100009030C031003140317031B031E032203F5
:10282000260329032D033103340338033C033F03FC
:10283000430346034A034E035103550358035C0305
:102840006003630367036A036E037103750379030F
:102850007C038003830387038A038E03910395031C
:102860009903E8FAEEFAF4FAFAFA00FB06FB0CFB1D
:1028700012FB17FB1DFB23FB29FB2FFB35FB3BFB4F
:1028800040FB46FB4CFB52FB58FB5DFB63FB69FBCB
:102890006FFB75FB7AFB80FB86FB8CFB91FB97FB48
:1028A0009DFBA2FBA8FBAEFBB3FBB9FBBFFBC4FBCC
:1028B000CAFBD0FBD5FBDBFBE0FBE6FBECFBF1FB53
:1028C000F7FBFCFB02FC07FC0DFC13FC18FC1EFCD8
:1028D00023FC29FC2EFC34FC39FC3FFC44FC49FC65
:1028E0004FFC54FC5AFC5FFC65FC6AFC70FC75FCF8
:1028F0007AFC80FC85FC8AFC90FC95FC9BFCA0FC8F
:10290000A5FCABFCB0FCB5FCBBFCC0FCC5FCCAFC28
:10291000D0FCD5FCDAFCE0FCE5FCEAFCEFFCF4FCC6
:10292000FAFCFFFC04FD09FD0FFD14FD19FD1EFD61
:1029300023FD29FD2EFD33FD38FD3DFD42FD47FD04
:102940004DFD52FD57FD5CFD61FD66FD6BFD70FDAB
:1029500075FD7AFD7FFD85FD8AFD8FFD94FD99FD56
:102960009EFDA3FDA8FDADFDB2FDB7FDBCFDC1FD03
:10297000C6FDCBFDD0FDD5FDDAFDDFFDE4FDE8FDB4
:10298000EDFDF2FDF7FDFCFD01FE06FE0BFE10FE67
:1029900015FE1AFE1EFE23FE28FE2DFE32FE37FE19
:1029A0003CFE40FE45FE4AFE4FFE54FE59FE5DFED3
:1029B00062FE67FE6CFE71FE75FE7AFE7FFE84FE8F
:1029C00088FE8DFE92FE97FE9BFEA0FEA5FEAAFE4F
:1029D000AEFEB3FEB8FEBCFEC1FEC6FECAFECFFE12
:1029E000D4FED8FEDDFEE2FEE6FEEBFEF0FEF4FED7
:1029F000F9FEFEFE02FF07FF0BFF10FF15FF19FF98
:102A00001EFF22FF27FF2CFF30FF35FF39FF3EFF5F
:102A100042FF47FF4CFF50FF55FF59FF5EFF62FF2B
:102A200067FF6BFF70FF74FF79FF7DFF82FF86FFFA
:102A30008BFF8FFF94FF98FF9DFFA1FFA6FFAAFFCA
:102A4000AEFFB3FFB7FFBCFFC0FFC5FFC9FFCDFF9F
:102A5000D2FFD6FFDBFFDFFFE3FFE8FFECFFF1FF74
:102A6000F5FFF9FFFEFF020006000B000F00130048
:102A700018001C002000250029002D00320036001F
:102A80003A003F00430047004C00500054005800FB
:102A90005D006100650069006E00720076007A00DA
:102AA0007F00830087008B009000940098009C00BA
:102AB000A000A500A900AD00B100B500BA00BE009D
:102AC000C200C600CA00CE00D300D700DB00DF0082
:102AD000E300E700EC00F000F400F800FC00000167
:102AE000040108010C011101150119011D01210149
:102AF000250129012D013101350139013E01420134
:102B000046014A014E01520156015A015E0162011D
:102B100066016A016E01720176017A017E0182010D
:102B200086018A018E01920196019A019E01A201FD
:102B3000A601AA01AE01B201B601BA01BE01C201ED
:102B4000C601C901CD01D101D501D901DD01E101E4
:102B5000E501E901ED01F101F501F801FC010002D7
:102B6000040208020C021002140218021B021F02C7
:102B7000230227022B022F02330236023A023E02C0
:102B8000420246024A024D025102550259025D02BA
:102B90006102640268026C027002740277027B02B6
:102BA0007F02830286028A028E02920296029902B4
:102BB0009D02A102A502A802AC02B002B402B702B3
:102BC000BB02BF02C302C602CA02CE02D102D502B4
:102BD000D902DD02E002E402E802EB02EF02F302B6
:102BE000F602FA02FE020103050309030D031003B6
:102BF000140318031B031F03220326032A032D03B8
:102C00003103350338033C034003430347034A03BE
:102C10004E035203550359035D03600364036703C6
:102C20006B036F037203760379037D0380038403D0
:102C300088038B038F039203960399039D03A103DB
:102C4000A403A803AB03AF03B203B6031BFB21FB32
:102C500027FB2DFB32FB38FB3EFB44FB49FB4FFBC4
:102C600055FB5BFB60FB66FB6CFB71FB77FB7DFB45
:102C700083FB88FB8EFB94FB99FB9FFBA4FBAAFBC9
:102C8000B0FBB5FBBBFBC0FBC6FBCCFBD1FBD7FB52
:102C9000DCFBE2FBE7FBEDFBF2FBF8FBFEFB03FCDE
:102CA00009FC0EFC14FC19FC1EFC24FC29FC2FFC66
:102CB00034FC3AFC3FFC45FC4AFC4FFC55FC5AFCFA
:102CC00060FC65FC6AFC70FC75FC7AFC80FC85FC91
:102CD0008AFC90FC95FC9AFCA0FCA5FCAAFCB0FC2C
:102CE000B5FCBAFCBFFCC5FCCAFCCFFCD4FCDAFCCA
:102CF000DFFCE4FCE9FCEFFCF4FCF9FCFEFC03FD6A
:102D000009FD0EFD13FD18FD1DFD22FD27FD2DFD06
:102D100032FD37FD3CFD41FD46FD4BFD50FD56FDAE
:102D20005BFD60FD65FD6AFD6FFD74FD79FD7EFD57
:102D300083FD88FD8DFD92FD97FD9CFDA1FDA6FD07
:102D4000ABFDB0FDB5FDBAFDBFFDC4FDC9FDCEFDB7
:102D5000D3FDD8FDDDFDE2FDE7FDEBFDF0FDF5FD6A
:102D6000FAFDFFFD04FE09FE0EFE13FE17FE1CFE1B
:102D700021FE26FE2BFE30FE35FE39FE3EFE43FED2
:102D800048FE4DFE51FE56FE5BFE60FE65FE69FE8E
:102D90006EFE73FE78FE7CFE81FE86FE8BFE8FFE4D
:102DA00094FE99FE9EFEA2FEA7FEACFEB0FEB5FE0E
:102DB000BAFEBFFEC3FEC8FECDFED1FED6FEDBFED0
:102DC000DFFEE4FEE9FEEDFEF2FEF6FEFBFE00FF96
:102DD00004FF09FF0DFF12FF17FF1BFF20FF24FF59
:102DE00029FF2EFF32FF37FF3BFF40FF44FF49FF23
:102DF0004DFF52FF57FF5BFF60FF64FF69FF6DFFF0
:102E000072FF76FF7BFF7FFF84FF88FF8DFF91FFBE
:102E100095FF9AFF9EFFA3FFA7FFACFFB0FFB5FF92
:102E2000B9FFBDFFC2FFC6FFCBFFCFFFD4FFD8FF66
:102E3000DCFFE1FFE5FFEAFFEEFFF2FFF7FFFBFF3C
:102E4000FFFF040008000C001100150019001E000F
:102E5000220026002B002F00330038003C004000E9
:102E6000450049004D00510056005A005E006300C5
:102E700067006B006F00740078007C0080008500A4
:102E800089008D00910096009A009E00A200A60085
:102E9000AB00AF00B300B700BB00C000C400C80067
:102EA000CC00D000D400D900DD00E100E500E9004D
:102EB000ED00F100F600FA00FE00020106010A0131
:102EC0000E01120117011B011F01230127012B0114
:102ED0002F01330137013B013F01430148014C0100
:102EE0005001540158015C016001640168016C01EA
:102EF0007001740178017C018001840188018C01DA
:102F00009001940198019C01A001A401A801AC01C9
:102F1000B001B401B801BC01C001C401C801CC01B9
:102F2000D001D401D701DB01DF01E301E701EB01AF
:102F3000EF01F301F701FB01FF01030206020A02A0
:102F40000E02120216021A021E0222022602290292
:102F50002D023102350239023D024102440248028B
:102F60004C025002540258025B025F026302670285
:102F70006B026F02720276027A027E028202850280
:102F800089028D029102950298029C02A002A4027D
:102F9000A702AB02AF02B302B602BA02BE02C2027D
:102FA000C502C902CD02D102D402D802DC02E0027D
:102FB000E302E702EB02EE02F202F602FA02FD027F
:102FC0000103050308030C031003130317031B037A
:102FD0001E032203260329032D0331033403380380
:102FE0003C033F03430347034A034E035203550385
:102FF00059035C036003640367036B036F0372038D
:10300000760379037D038103840388038B038F0395
:10301000920396039A039D03A103A403A803AC03A0
:10302000AF03B303B603BA03BD03C103C403C803AC
:10303000CC03CF03D3034BFB51FB57FB5CFB62FB81
:1030400068FB6DFB73FB78FB7EFB84FB89FB8FFBCE
:1030500095FB9AFBA0FBA5FBABFBB0FBB6FBBCFB57
:10306000C1FBC7FBCCFBD2FBD7FBDDFBE2FBE8FBE4
:10307000EDFBF3FBF8FBFEFB03FC09FC0EFC13FC71
:1030800019FC1EFC24FC29FC2EFC34FC39FC3FFC02
:1030900044FC49FC4FFC54FC5AFC5FFC64FC6AFC99
:1030A0006FFC74FC7AFC7FFC84FC89FC8FFC94FC34
:1030B00099FC9FFCA4FCA9FCAEFCB4FCB9FCBEFCD2
:1030C000C3FCC9FCCEFCD3FCD8FCDDFCE3FCE8FC73
:1030D000EDFCF2FCF7FCFCFC02FD07FD0CFD11FD14
:1030E00016FD1BFD20FD26FD2BFD30FD35FD3AFDB7
:1030F0003FFD44FD49FD4EFD53FD58FD5DFD62FD64
:1031000068FD6DFD72FD77FD7CFD81FD86FD8BFD0B
:1031100090FD95FD9AFD9FFDA4FDA9FDAEFDB2FDBC
:10312000B7FDBCFDC1FDC6FDCBFDD0FDD5FDDAFD73
:10313000DFFDE4FDE9FDEEFDF2FDF7FDFCFD01FE26
:1031400006FE0BFE10FE15FE19FE1EFE23FE28FED7
:103150002DFE32FE36FE3BFE40FE45FE4AFE4EFE92
:1031600053FE58FE5DFE62FE66FE6BFE70FE75FE4F
:1031700079FE7EFE83FE88FE8CFE91FE96FE9AFE10
:103180009FFEA4FEA9FEADFEB2FEB7FEBBFEC0FED2
:10319000C5FEC9FECEFED3FED7FEDCFEE1FEE5FE97
:1031A000EAFEEEFEF3FEF8FEFCFE01FF05FF0AFF5D
:1031B0000FFF13FF18FF1CFF21FF26FF2AFF2FFF21
:1031C00033FF38FF3CFF41FF45FF4AFF4FFF53FFEE
:1031D00058FF5CFF61FF65FF6AFF6EFF73FF77FFBB
:1031E0007CFF80FF85FF89FF8EFF92FF96FF9BFF8C
:1031F0009FFFA4FFA8FFADFFB1FFB6FFBAFFBEFF60
:10320000C3FFC7FFCCFFD0FFD5FFD9FFDDFFE2FF33
:10321000E6FFEAFFEFFFF3FFF8FFFCFF0000050009
:1032200009000D00120016001A001F0023002700DD
:103230002C003000340039003D00410046004A00B7
:103240004E00520057005B005F00640068006C0095
:103250007000750079007D00810086008A008E0074
:10326000920097009B009F00A300A700AC00B00055
:10327000B400B800BC00C100C500C900CD00D10039
:10328000D500DA00DE00E200E600EA00EE00F3001E
:10329000F700FB00FF00030107010B010F01140100
:1032A00018011C012001240128012C0130013401E6
:1032B00038013D014101450149014D0151015501CF
:1032C00059015D016101650169016D0171017501BE
:1032D00079017D018101850189018D0191019501AE
:1032E00099019D01A101A501A901AD01B101B5019E
:1032F000B901BD01C101C501C901CD01D101D5018E
:10330000D901DD01E101E501E901ED01F101F5017D
:10331000F801FC010002040208020C02100214026F
:1033200018021C021F02230227022B022F02330263
:1033300037023B023F02420246024A024E0252025A
:10334000560259025D026102650269026D02700255
:10335000740278027C028002840287028B028F0250
:10336000930297029A029E02A202A602AA02AD024C
:10337000B102B502B902BC02C002C402C802CB024B
:10338000CF02D302D702DA02DE02E202E602E9024B
:10339000ED02F102F502F802FC0200030303070349
:1033A0000B030E03120316031A031D032103250347
:1033B00028032C033003330337033B033E0342034C
:1033C000460349034D035103540358035C035F0351
:1033D000630367036A036E037103750379037C0358
:1033E0008003840387038B038E0392039603990360
:1033F0009D03A003A403A803AB03AF03B203B6036A
:10340000B903BD03C103C403C803CB03CF03D20375
:10341000D603D903DD03E103E403E803EB03EF0381
:1034200079FB7EFB84FB89FB8FFB94FB9AFBA0FB63
:10343000A5FBABFBB0FBB6FBBBFBC1FBC6FBCCFBF0
:10344000D1FBD7FBDCFBE1FBE7FBECFBF2FBF7FB83
:10345000FDFB02FC07FC0DFC12FC18FC1DFC22FC11
:1034600028FC2DFC33FC38FC3DFC43FC48FC4DFCA7
:1034700053FC58FC5DFC62FC68FC6DFC72FC78FC43
:103480007DFC82FC87FC8DFC92FC97FC9CFCA2FCE2
:10349000A7FCACFCB1FCB7FCBCFCC1FCC6FCCBFC83
:1034A000D1FCD6FCDBFCE0FCE5FCEAFCF0FCF5FC26
:1034B000FAFCFFFC04FD09FD0EFD13FD19FD1EFDC8
:1034C00023FD28FD2DFD32FD37FD3CFD41FD46FD70
:1034D0004BFD50FD55FD5AFD5FFD64FD69FD6EFD20
:1034E00073FD78FD7DFD82FD87FD8CFD91FD96FDD0
:1034F0009BFDA0FDA5FDAAFDAFFDB4FDB9FDBEFD80
:10350000C3FDC8FDCDFDD2FDD6FDDBFDE0FDE5FD33
:10351000EAFDEFFDF4FDF9FDFDFD02FE07FE0CFEE8
:1035200011FE16FE1BFE1FFE24FE29FE2EFE33FE9C
:1035300037FE3CFE41FE46FE4BFE4FFE54FE59FE5A
:103540005EFE62FE67FE6CFE71FE75FE7AFE7FFE19
:1035500084FE88FE8DFE92FE96FE9BFEA0FEA5FEDA
:10356000A9FEAEFEB3FEB7FEBCFEC1FEC5FECAFE9E
:10357000CFFED3FED8FEDCFEE1FEE6FEEAFEEFFE65
:10358000F4FEF8FEFDFE01FF06FF0BFF0FFF14FF28
:1035900018FF1DFF21FF26FF2BFF2FFF34FF38FFF1
:1035A0003DFF41FF46FF4AFF4FFF53FF58FF5DFFBE
:1035B00061FF66FF6AFF6FFF73FF78FF7CFF80FF8C
:1035C00085FF89FF8EFF92FF97FF9BFFA0FFA4FF5F
:1035D000A9FFADFFB1FFB6FFBAFFBFFFC3FFC8FF32
:1035E000CCFFD0FFD5FFD9FFDEFFE2FFE6FFEBFF08
:1035F000EFFFF4FFF8FFFCFF0100050009000E00DB
:10360000120016001B001F00230028002C003000B1
:10361000350039003D00420046004A004E0053008C
:1036200057005B006000640068006C00710075006A
:1036300079007D00820086008A008E00930097004A
:103640009B009F00A400A800AC00B000B400B9002B
:10365000BD00C100C500C900CE00D200D600DA000E
:10366000DE00E200E700EB00EF00F300F700FB00F4
:10367000FF00040108010C011001140118011C01D4
:103680002001250129012D013101350139013D01BB
:103690004101450149014D01510156015A015E01A7
:1036A000620166016A016E01720176017A017E0192
:1036B000820186018A018E01920196019A019E0182
:1036C000A201A601AA01AE01B201B601BA01BE0172
:1036D000C201C601CA01CE01D201D601DA01DE0162
:1036E000E201E601EA01EE01F201F501F901FD0155
:1036F0000102050209020D021102150219021D0242
:103700002102240228022C023002340238023C0238
:103710004002440247024B024F02530257025B022F
:103720005F02620266026A026E0272027602790229
:103730007D028102850289028D0290029402980224
:103740009C02A002A302A702AB02AF02B302B60220
:10375000BA02BE02C202C502C902CD02D102D5021E
:10376000D802DC02E002E402E702EB02EF02F3021D
:10377000F602FA02FE020103050309030D0310031A
:10378000140318031B031F03230327032A032E0319
:103790003203350339033D034003440348034B031D
:1037A0004F03530356035A035E0361036503690322
:1037B0006C037003740377037B037F038203860328
:1037C00089038D039103940398039C039F03A30330
:1037D000A603AA03AE03B103B503B803BC03C00339
:1037E000C303C703CA03CE03D103D503D903DC0344
:1037F000E003E303E703EA03EE03F203F503F9034F
:10380000FC030004030407040A04A4FBA9FBAFFBA8
:10381000B4FBBAFBBFFBC5FBCAFBCFFBD5FBDAFB96
:10382000E0FBE5FBEBFBF0FBF5FBFBFB00FC05FC29
:103830000BFC10FC16FC1BFC20FC26FC2BFC30FCBB
:1038400036FC3BFC40FC45FC4BFC50FC55FC5BFC57
:1038500060FC65FC6AFC70FC75FC7AFC7FFC85FCF6
:103860008AFC8FFC94FC9AFC9FFCA4FCA9FCAEFC97
:10387000B4FCB9FCBEFCC3FCC8FCCDFCD2FCD8FC3B
:10388000DDFCE2FCE7FCECFCF1FCF6FCFBFC01FDE2
:1038900006FD0BFD10FD15FD1AFD1FFD24FD29FD84
:1038A0002EFD33FD38FD3DFD42FD47FD4CFD52FD33
:1038B00057FD5CFD61FD66FD6BFD70FD74FD79FDDE
:1038C0007EFD83FD88FD8DFD92FD97FD9CFDA1FD94
:1038D000A6FDABFDB0FDB5FDBAFDBFFDC4FDC8FD45
:1038E000CDFDD2FDD7FDDCFDE1FDE6FDEBFDEFFDFD
:1038F000F4FDF9FDFEFD03FE08FE0CFE11FE16FEB2
:103900001BFE20FE25FE29FE2EFE33FE38FE3DFE68
:1039100041FE46FE4BFE50FE54FE59FE5EFE63FE27
:1039200067FE6CFE71FE76FE7AFE7FFE84FE88FEE8
:103930008DFE92FE96FE9BFEA0FEA5FEA9FEAEFEAB
:10394000B3FEB7FEBCFEC1FEC5FECAFECEFED3FE70
:10395000D8FEDCFEE1FEE6FEEAFEEFFEF3FEF8FE38
:10396000FDFE01FF06FF0AFF0FFF14FF18FF1DFFFA
:1039700021FF26FF2AFF2FFF34FF38FF3DFF41FFC5
:1039800046FF4AFF4FFF53FF58FF5CFF61FF65FF93
:103990006AFF6EFF73FF77FF7CFF80FF85FF89FF63
:1039A0008EFF92FF97FF9BFF9FFFA4FFA8FFADFF35
:1039B000B1FFB6FFBAFFBEFFC3FFC7FFCCFFD0FF0A
:1039C000D4FFD9FFDDFFE2FFE6FFEAFFEFFFF3FFE1
:1039D000F8FFFCFF0000050009000D0012001600B2
:1039E0001A001F00230027002C003000340039008B
:1039F0003D00410046004A004E00520057005B0067
:103A00005F00640068006C007000750079007D0044
:103A1000810086008A008E00920097009B009F0024
:103A2000A300A800AC00B000B400B800BD00C10005
:103A3000C500C900CD00D200D600DA00DE00E200E9
:103A4000E600EB00EF00F300F700FB00FF000301CE
:103A500008010C011001140118011C0120012401AE
:103A600029012D013101350139013D014101450196
:103A700049014D01510156015A015E016201660181
:103A80006A016E01720176017A017E01820186016E
:103A90008A018E01920196019A019E01A201A6015E
:103AA000AA01AE01B201B601BA01BE01C201C6014E
:103AB000CA01CE01D201D601DA01DE01E201E6013E
:103AC000EA01EE01F201F601FA01FE01020206022C
:103AD0000A020D021102150219021D02210225021D
:103AE00029022D023102350238023C024002440212
:103AF00048024C025002540258025B025F02630209
:103B000067026B026F02730276027A027E02820201
:103B100086028A028D029102950299029D02A102FB
:103B2000A402A802AC02B002B402B702BB02BF02F8
:103B3000C302C602CA02CE02D202D602D902DD02F6
:103B4000E102E502E802EC02F002F402F702FB02F5
:103B5000FF02030306030A030E03120315031903EE
:103B60001D032103240328032C032F0333033703EE
:103B70003A033E034203460349034D0351035403F2
:103B800058035C035F03630367036A036E037203F6
:103B9000750379037D038003840388038B038F03FC
:103BA000930396039A039D03A103A503A803AC0303
:103BB000B003B303B703BA03BE03C203C503C9030B
:103BC000CC03D003D403D703DB03DE03E203E50316
:103BD000E903ED03F003F403F703FB03FE03020420
:103BE000060409040D041004140417041B041E0425
:103BF00022042504CDFBD2FBD8FBDDFBE3FBE8FB75
:103C0000EDFBF3FBF8FBFDFB03FC08FC0DFC13FCD8
:103C100018FC1DFC23FC28FC2DFC32FC38FC3DFC70
:103C200042FC48FC4DFC52FC57FC5DFC62FC67FC0E
:103C30006CFC71FC77FC7CFC81FC86FC8BFC91FCB1
:103C400096FC9BFCA0FCA5FCABFCB0FCB5FCBAFC54
:103C5000BFFCC4FCC9FCCFFCD4FCD9FCDEFCE3FCFB
:103C6000E8FCEDFCF2FCF7FCFCFC01FD07FD0CFDA3
:103C700011FD16FD1BFD20FD25FD2AFD2FFD34FD48
:103C800039FD3EFD43FD48FD4DFD52FD57FD5CFDF8
:103C900061FD66FD6BFD70FD75FD7AFD7FFD84FDA8
:103CA00089FD8EFD92FD97FD9CFDA1FDA6FDABFD5E
:103CB000B0FDB5FDBAFDBFFDC4FDC8FDCDFDD2FD13
:103CC000D7FDDCFDE1FDE6FDEAFDEFFDF4FDF9FDCC
:103CD000FEFD03FE07FE0CFE11FE16FE1BFE1FFE80
:103CE00024FE29FE2EFE33FE37FE3CFE41FE46FE3C
:103CF0004AFE4FFE54FE59FE5DFE62FE67FE6CFEFC
:103D000070FE75FE7AFE7EFE83FE88FE8DFE91FEBD
:103D100096FE9BFE9FFEA4FEA9FEADFEB2FEB7FE80
:103D2000BBFEC0FEC5FEC9FECEFED2FED7FEDCFE47
:103D3000E0FEE5FEEAFEEEFEF3FEF7FEFCFE00FF0F
:103D400005FF0AFF0EFF13FF17FF1CFF20FF25FFD3
:103D50002AFF2EFF33FF37FF3CFF40FF45FF49FF9F
:103D60004EFF52FF57FF5BFF60FF64FF69FF6DFF6F
:103D700072FF76FF7BFF7FFF84FF88FF8DFF91FF3F
:103D800096FF9AFF9FFFA3FFA7FFACFFB0FFB5FF11
:103D9000B9FFBEFFC2FFC6FFCBFFCFFFD4FFD8FFE6
:103DA000DCFFE1FFE5FFEAFFEEFFF2FFF7FFFBFFBD
:103DB000FFFF040008000C001100150019001E0090
:103DC000220026002B002F00330038003C0040006A
:103DD000450049004D00520056005A005E00630045
:103DE00067006B007000740078007C008100850023
:103DF00089008D00920096009A009E00A200A70004
:103E0000AB00AF00B300B800BC00C000C400C800E5
:103E1000CD00D100D500D900DD00E100E600EA00C8
:103E2000EE00F200F600FA00FF00030107010B01AB
:103E30000F01130117011C012001240128012C018D
:103E40003001340138013C014101450149014D0176
:103E50005101550159015D016101650169016D0162
:103E6000710176017A017E01820186018A018E014B
:103E7000920196019A019E01A201A601AA01AE013A
:103E8000B201B601BA01BE01C201C601CA01CE012A
:103E9000D201D601DA01DE01E201E601EA01EE011A
:103EA000F201F601FA01FE010202050209020D0209
:103EB0001102150219021D022102250229022D02FA
:103EC0003102350238023C024002440248024C02F0
:103ED0005002540258025B025F02630267026B02E7
:103EE0006F02730277027A027E02820286028A02DF
:103EF0008E029102950299029D02A102A502A802DA
:103F0000AC02B002B402B802BC02BF02C302C702D4
:103F1000CB02CF02D202D602DA02DE02E102E502D1
:103F2000E902ED02F102F402F802FC0200030303CD
:103F300007030B030F03120316031A031E032103C7
:103F4000250329032C033003340338033B033F03C9
:103F5000430347034A034E035203550359035D03CA
:103F60006003640368036B036F03730376037A03D0
:103F70007E038103850389038C03900394039703D5
:103F80009B039F03A203A603AA03AD03B103B503DA
:103F9000B803BC03BF03C303C703CA03CE03D103E3
:103FA000D503D903DC03E003E303E703EB03EE03EC
:103FB000F203F503F903FD030004040407040B04F2
:103FC0000E041204160419041D04200424042704FA
:103FD0002B042E043204360439043D044004F4FB5F
:103FE000FAFBFFFB04FC0AFC0FFC14FC1AFC1FFC90
:103FF00024FC29FC2FFC34FC39FC3EFC44FC49FC2D
:104000004EFC53FC58FC5EFC63FC68FC6DFC72FCCF
:1040100078FC7DFC82FC87FC8CFC91FC97FC9CFC72
:10402000A1FCA6FCABFCB0FCB5FCBBFCC0FCC5FC19
:10403000CAFCCFFCD4FCD9FCDEFCE3FCE8FCEDFCC4
:10404000F3FCF8FCFDFC02FD07FD0CFD11FD16FD67
:104050001BFD20FD25FD2AFD2FFD34FD39FD3EFD14
:1040600043FD48FD4DFD52FD57FD5CFD61FD66FDC4
:104070006BFD70FD74FD79FD7EFD83FD88FD8DFD7A
:1040800092FD97FD9CFDA1FDA6FDABFDAFFDB4FD2E
:10409000B9FDBEFDC3FDC8FDCDFDD1FDD6FDDBFDE7
:1040A000E0FDE5FDEAFDEFFDF3FDF8FDFDFD02FE9F
:1040B00007FE0BFE10FE15FE1AFE1FFE23FE28FE55
:1040C0002DFE32FE36FE3BFE40FE45FE49FE4EFE14
:1040D00053FE58FE5CFE61FE66FE6AFE6FFE74FED5
:1040E00079FE7DFE82FE87FE8BFE90FE95FE99FE98
:1040F0009EFEA3FEA7FEACFEB1FEB5FEBAFEBFFE5D
:10410000C3FEC8FECDFED1FED6FEDAFEDFFEE4FE23
:10411000E8FEEDFEF1FEF6FEFBFEFFFE04FF08FFEB
:104120000DFF11FF16FF1BFF1FFF24FF28FF2DFFB0
:1041300031FF36FF3AFF3FFF43FF48FF4CFF51FF7F
:1041400055FF5AFF5EFF63FF67FF6CFF70FF75FF4F
:1041500079FF7EFF82FF87FF8BFF90FF94FF99FF1F
:104160009DFFA1FFA6FFAAFFAFFFB3FFB8FFBCFFF3
:10417000C0FFC5FFC9FFCEFFD2FFD7FFDBFFDFFFC8
:10418000E4FFE8FFECFFF1FFF5FFFAFFFEFF02009E
:1041900007000B000F00140018001C002100250070
:1041A00029002E00320036003B003F00430048004B
:1041B0004C005000540059005D00610066006A0028
:1041C0006E00720077007B007F00830088008C0007
:1041D0009000940099009D00A100A500AA00AE00E7
:1041E000B200B600BA00BF00C300C700CB00CF00CA
:1041F000D400D800DC00E000E400E900ED00F100AC
:10420000F500F900FD00020106010A010E0112018C
:1042100016011A011F01230127012B012F01330170
:1042200037013B013F01440148014C015001540159
:1042300058015C016001640168016C017001750145
:1042400079017D018101850189018D01910195012E
:1042500099019D01A101A501A901AD01B101B5011E
:10426000B901BD01C101C501C901CD01D101D5010E
:10427000D901DD01E101E501E901ED01F101F501FE
:10428000F901FD010102050209020D0211021502E8
:1042900019021C022002240228022C0230023402DD
:1042A00038023C024002440248024B024F025302D1
:1042B00057025B025F02630267026B026E027202C8
:1042C00076027A027E02820286028A028D029102C0
:1042D000950299029D02A102A402A802AC02B002BA
:1042E000B402B802BB02BF02C302C702CB02CE02B5
:1042F000D202D602DA02DE02E102E502E902ED02B2
:10430000F102F402F802FC020003040307030B03AA
:104310000F03130316031A031E03220325032903A5
:104320002D033103340338033C033F0343034703A6
:104330004B034E035203560359035D0361036503A8
:1043400068036C037003730377037B037E038203AC
:10435000860389038D039103940398039C039F03B1
:10436000A303A703AA03AE03B203B503B903BD03B6
:10437000C003C403C803CB03CF03D203D603DA03BD
:10438000DD03E103E503E803EC03EF03F303F703C5
:10439000FA03FE030104050409040C0410041304C9
:1043A00017041A041E042204250429042C043004D2
:1043B000330437043A043E044204450449044C04DF
:1043C0005004530457045A041AFC20FC25FC2AFC10
:1043D0002FFC34FC3AFC3FFC44FC49FC4EFC54FCF2
:1043E00059FC5EFC63FC68FC6EFC73FC78FC7DFC95
:1043F00082FC87FC8CFC92FC97FC9CFCA1FCA6FC3C
:10440000ABFCB0FCB5FCBAFCBFFCC5FCCAFCCFFCE5
:10441000D4FCD9FCDEFCE3FCE8FCEDFCF2FCF7FC90
:10442000FCFC01FD06FD0BFD10FD15FD1AFD1FFD39
:1044300024FD29FD2EFD33FD38FD3DFD42FD47FDE8
:104440004CFD51FD56FD5BFD60FD65FD6AFD6FFD98
:1044500074FD78FD7DFD82FD87FD8CFD91FD96FD4F
:104460009BFDA0FDA5FDA9FDAEFDB3FDB8FDBDFD05
:10447000C2FDC7FDCBFDD0FDD5FDDAFDDFFDE4FDBE
:10448000E8FDEDFDF2FDF7FDFCFD00FE05FE0AFE78
:104490000FFE14FE18FE1DFE22FE27FE2BFE30FE30
:1044A00035FE3AFE3EFE43FE48FE4DFE51FE56FEF0
:1044B0005BFE5FFE64FE69FE6EFE72FE77FE7CFEB2
:1044C00080FE85FE8AFE8EFE93FE98FE9CFEA1FE77
:1044D000A6FEAAFEAFFEB4FEB8FEBDFEC1FEC6FE3D
:1044E000CBFECFFED4FED9FEDDFEE2FEE6FEEBFE05
:1044F000F0FEF4FEF9FEFDFE02FF06FF0BFF10FFCB
:1045000014FF19FF1DFF22FF26FF2BFF2FFF34FF93
:1045100038FF3DFF41FF46FF4AFF4FFF54FF58FF62
:104520005DFF61FF65FF6AFF6EFF73FF77FF7CFF32
:1045300080FF85FF89FF8EFF92FF97FF9BFFA0FF03
:10454000A4FFA8FFADFFB1FFB6FFBAFFBFFFC3FFD7
:10455000C7FFCCFFD0FFD5FFD9FFDDFFE2FFE6FFAD
:10456000EAFFEFFFF3FFF8FFFCFF00000500090082
:104570000D00120016001A001F00230027002C0057
:104580003000340039003D00410046004A004E0032
:10459000530057005B005F00640068006C0071000E
:1045A000750079007D00820086008A008E009300ED
:1045B00097009B009F00A400A800AC00B000B400CE
:1045C000B900BD00C100C500C900CE00D200D600B0
:1045D000DA00DE00E300E700EB00EF00F300F70095
:1045E000FC000001040108010C0110011501190172
:1045F0001D012101250129012D01320136013A0158
:104600003E01420146014A014E01520156015B0141
:104610005F01630167016B016F01730177017B012A
:104620007F01830187018B018F01940198019C0117
:10463000A001A401A801AC01B001B401B801BC0102
:10464000C001C401C801CC01D001D401D801DC01F2
:10465000E001E401E801EC01F001F401F801FC01E2
:104660000002040208020C021002130217021B02CD
:104670001F02230227022B022F02330237023B02C2
:104680003F02430247024B024E02520256025A02B6
:104690005E02620266026A026E02720275027902AC
:1046A0007D028102850289028D02910294029802A4
:1046B0009C02A002A402A802AB02AF02B302B7029E
:1046C000BB02BF02C302C602CA02CE02D202D60297
:1046D000D902DD02E102E502E902EC02F002F40295
:1046E000F802FC02FF02030307030B030F0312038C
:1046F00016031A031E032103250329032D03300388
:10470000340338033C033F03430347034B034E0387
:104710005203560359035D036103650368036C0389
:104720007003730377037B037F03820386038A038B
:104730008D039103950398039C03A003A303A70390
:10474000AB03AE03B203B603B903BD03C103C40395
:10475000C803CC03CF03D303D703DA03DE03E1039B
:10476000E503E903EC03F003F403F703FB03FE03A3
:104770000204060409040D041004140418041B04A4
:104780001F04220426042A042D04310434043804AE
:104790003B043F04430446044A044D0451045404BA
:1047A00058045B045F04630466046A046D047104C6
:1047B00074043FFC44FC49FC4EFC53FC59FC5EFC79
:1047C00063FC68FC6DFC72FC77FC7DFC82FC87FC62
:1047D0008CFC91FC96FC9BFCA0FCA5FCAAFCAFFC0D
:1047E000B5FCBAFCBFFCC4FCC9FCCEFCD3FCD8FCB5
:1047F000DDFCE2FCE7FCECFCF1FCF6FCFBFC00FD64
:1048000005FD0AFD0FFD14FD19FD1EFD23FD28FD0C
:104810002DFD32FD37FD3CFD41FD46FD4BFD50FDBC
:1048200055FD59FD5EFD63FD68FD6DFD72FD77FD73
:104830007CFD81FD86FD8AFD8FFD94FD99FD9EFD29
:10484000A3FDA8FDADFDB1FDB6FDBBFDC0FDC5FDE1
:10485000CAFDCEFDD3FDD8FDDDFDE2FDE6FDEBFD9D
:10486000F0FDF5FDFAFDFEFD03FE08FE0DFE12FE55
:1048700016FE1BFE20FE25FE29FE2EFE33FE38FE10
:104880003CFE41FE46FE4AFE4FFE54FE59FE5DFED2
:1048900062FE67FE6BFE70FE75FE79FE7EFE83FE95
:1048A00087FE8CFE91FE95FE9AFE9FFEA3FEA8FE5B
:1048B000ADFEB1FEB6FEBBFEBFFEC4FEC8FECDFE21
:1048C000D2FED6FEDBFEDFFEE4FEE9FEEDFEF2FEEA
:1048D000F6FEFBFEFFFE04FF09FF0DFF12FF16FFB1
:1048E0001BFF1FFF24FF28FF2DFF31FF36FF3BFF7B
:1048F0003FFF44FF48FF4DFF51FF56FF5AFF5FFF48
:1049000063FF68FF6CFF70FF75FF79FF7EFF82FF1A
:1049100087FF8BFF90FF94FF99FF9DFFA1FFA6FFEC
:10492000AAFFAFFFB3FFB8FFBCFFC0FFC5FFC9FFC1
:10493000CEFFD2FFD6FFDBFFDFFFE4FFE8FFECFF97
:10494000F1FFF5FFFAFFFEFF020007000B000F006A
:10495000140018001C002100250029002E00320040
:1049600036003B003F00430048004C00500054001C
:1049700059005D00610066006A006E0072007700F9
:104980007B007F00840088008C00900095009900D7
:104990009D00A100A500AA00AE00B200B600BB00B9
:1049A000BF00C300C700CB00D000D400D800DC009B
:1049B000E000E500E900ED00F100F500F900FE007F
:1049C000020106010A010E01120117011B011F015C
:1049D000230127012B012F01340138013C01400143
:1049E000440148014C015001540159015D0161012C
:1049F000650169016D017101750179017D01810117
:104A000085018A018E01920196019A019E01A201FF
:104A1000A601AA01AE01B201B601BA01BE01C201EE
:104A2000C601CA01CE01D201D601DA01DE01E201DE
:104A3000E601EA01EE01F201F601FA01FE010202CD
:104A400006020A020E02120216021A021E022202B6
:104A500026022A022E023202350239023D024102AA
:104A6000450249024D025102550259025D0261029E
:104A7000650268026C027002740278027C02800295
:104A8000840288028B028F02930297029B029F028C
:104A9000A302A702AA02AE02B202B602BA02BE0284
:104AA000C102C502C902CD02D102D502D802DC0280
:104AB000E002E402E802EC02EF02F302F702FB027A
:104AC000FF02020306030A030E0312031503190370
:104AD0001D032103240328032C033003330337036E
:104AE0003B033F03430346034A034E03510355036D
:104AF00059035D036003640368036C036F0373036E
:104B000077037A037E038203860389038D0391036F
:104B1000940398039C03A003A303A703AB03AE0372
:104B2000B203B603B903BD03C103C403C803CC0376
:104B3000CF03D303D703DA03DE03E203E503E9037C
:104B4000EC03F003F403F703FB03FF030204060482
:104B500009040D041104140418041C041F04230484
:104B600026042A042E043104350438043C043F048E
:104B7000430447044A044E045104550459045C0498
:104B80006004630467046A046E04710475047904A4
:104B90007C048004830487048A048E0462FC67FC1E
:104BA0006CFC71FC76FC7BFC81FC86FC8BFC90FC35
:104BB00095FC9AFC9FFCA4FCA9FCAEFCB3FCB8FCE1
:104BC000BDFCC2FCC7FCCCFCD1FCD6FCDBFCE0FC91
:104BD000E6FCEBFCEFFCF4FCF9FCFEFC03FD08FD3D
:104BE0000DFD12FD17FD1CFD21FD26FD2BFD30FDE9
:104BF00035FD3AFD3FFD44FD49FD4EFD53FD57FD9A
:104C00005CFD61FD66FD6BFD70FD75FD7AFD7FFD50
:104C100083FD88FD8DFD92FD97FD9CFDA1FDA5FD09
:104C2000AAFDAFFDB4FDB9FDBEFDC2FDC7FDCCFDC3
:104C3000D1FDD6FDDAFDDFFDE4FDE9FDEEFDF2FD7F
:104C4000F7FDFCFD01FE06FE0AFE0FFE14FE19FE36
:104C50001DFE22FE27FE2CFE30FE35FE3AFE3EFEF5
:104C600043FE48FE4DFE51FE56FE5BFE5FFE64FEB7
:104C700069FE6DFE72FE77FE7BFE80FE85FE89FE7C
:104C80008EFE93FE97FE9CFEA1FEA5FEAAFEAFFE41
:104C9000B3FEB8FEBCFEC1FEC6FECAFECFFED3FE0A
:104CA000D8FEDDFEE1FEE6FEEAFEEFFEF3FEF8FED4
:104CB000FDFE01FF06FF0AFF0FFF13FF18FF1CFF99
:104CC00021FF26FF2AFF2FFF33FF38FF3CFF41FF64
:104CD00045FF4AFF4EFF53FF57FF5CFF60FF65FF34
:104CE00069FF6EFF72FF77FF7BFF7FFF84FF88FF06
:104CF0008DFF91FF96FF9AFF9FFFA3FFA7FFACFFD9
:104D0000B0FFB5FFB9FFBEFFC2FFC6FFCBFFCFFFAD
:104D1000D4FFD8FFDCFFE1FFE5FFEAFFEEFFF2FF83
:104D2000F7FFFBFFFFFF040008000C001100150057
:104D300019001E00220026002B002F00330038002F
:104D40003C004000450049004D00520056005A000A
:104D50005F00630067006B007000740078007C00E7
:104D60008100850089008E00920096009A009F00C5
:104D7000A300A700AB00AF00B400B800BC00C000A7
:104D8000C500C900CD00D100D500DA00DE00E20088
:104D9000E600EA00EF00F300F700FB00FF0003016C
:104DA00008010C011001140118011C01200125014A
:104DB00029012D013101350139013D014201460131
:104DC0004A014E01520156015A015E01620167011A
:104DD0006B016F01730177017B017F018301870103
:104DE0008B018F01930197019C01A001A401A801EF
:104DF000AC01B001B401B801BC01C001C401C801DB
:104E0000CC01D001D401D801DC01E001E401E801CA
:104E1000EC01F001F401F801FC01000204020802B7
:104E20000C021002140218021C02200224022802A2
:104E30002C023002340238023B023F024302470296
:104E40004B024F02530257025B025F02630267028A
:104E50006B026F02720276027A027E028202860280
:104E60008A028E029202950299029D02A102A50277
:104E7000A902AD02B102B402B802BC02C002C4026F
:104E8000C802CC02CF02D302D702DB02DF02E30268
:104E9000E602EA02EE02F202F602F902FD02010364
:104EA000050309030D031003140318031C03200357
:104EB000230327032B032F03320336033A033E0356
:104EC0004103450349034D035103540358035C0355
:104ED0006003630367036B036E03720376037A0355
:104EE0007D038103850389038C0390039403970357
:104EF0009B039F03A303A603AA03AE03B103B50359
:104F0000B903BC03C003C403C703CB03CF03D2035D
:104F1000D603DA03DD03E103E503E803EC03F00362
:104F2000F303F703FB03FE030204060409040D0464
:104F30001104140418041B041F04230426042A0467
:104F40002D043104350438043C0440044304470470
:104F50004A044E045104550459045C04600463047B
:104F600067046B046E047204750479047C04800485
:104F7000830487048B048E049204950499049C0492
:104F8000A004A304A70484FC89FC8EFC93FC98FC79
:104F90009DFCA2FCA7FCACFCB1FCB6FCBBFCC0FCBD
:104FA000C5FCCAFCCFFCD4FCD9FCDEFCE3FCE8FC6D
:104FB000EDFCF2FCF7FCFCFC01FD06FD0BFD10FD19
:104FC00015FD1AFD1FFD24FD29FD2EFD33FD38FDC5
:104FD0003CFD41FD46FD4BFD50FD55FD5AFD5FFD7D
:104FE00064FD69FD6DFD72FD77FD7CFD81FD86FD33
:104FF0008BFD8FFD94FD99FD9EFDA3FDA8FDACFDED
:10500000B1FDB6FDBBFDC0FDC4FDC9FDCEFDD3FDA8
:10501000D8FDDCFDE1FDE6FDEBFDF0FDF4FDF9FD65
:10502000FEFD03FE07FE0CFE11FE16FE1AFE1FFE1D
:1050300024FE29FE2DFE32FE37FE3BFE40FE45FEDD
:1050400049FE4EFE53FE58FE5CFE61FE66FE6AFEA1
:105050006FFE74FE78FE7DFE82FE86FE8BFE90FE65
:1050600094FE99FE9DFEA2FEA7FEABFEB0FEB5FE2D
:10507000B9FEBEFEC2FEC7FECCFED0FED5FED9FEF6
:10508000DEFEE3FEE7FEECFEF0FEF5FEF9FEFEFEC0
:1050900002FF07FF0CFF10FF15FF19FF1EFF22FF85
:1050A00027FF2BFF30FF34FF39FF3DFF42FF46FF54
:1050B0004BFF4FFF54FF58FF5DFF61FF66FF6AFF24
:1050C0006FFF73FF78FF7CFF81FF85FF8AFF8EFFF4
:1050D00092FF97FF9BFFA0FFA4FFA9FFADFFB1FFC9
:1050E000B6FFBAFFBFFFC3FFC7FFCCFFD0FFD5FF9E
:1050F000D9FFDDFFE2FFE6FFEBFFEFFFF3FFF8FF75
:10510000FCFF0000050009000E00120016001B0045
:105110001F00230028002C003000350039003D001E
:10512000410046004A004E00530057005B006000FB
:10513000640068006C007100750079007E008200D8
:1051400086008A008F00930097009B00A000A400B7
:10515000A800AC00B100B500B900BD00C100C60098
:10516000CA00CE00D200D700DB00DF00E300E7007A
:10517000EB00F000F400F800FC000001050109015B
:105180000D011101150119011E01220126012A013B
:105190002E01320136013B013F01430147014B0122
:1051A0004F01530157015C016001640168016C010A
:1051B0007001740178017C018001840189018D01F5
:1051C0009101950199019D01A101A501A901AD01DF
:1051D000B101B501B901BD01C101C501C901CD01CF
:1051E000D101D501DA01DE01E201E601EA01EE01B9
:1051F000F201F601FA01FE01020206020A020E02A3
:105200001202150219021D022102250229022D0295
:105210003102350239023D024102450249024D0286
:105220005102550259025D026102650268026C0278
:105230007002740278027C028002840288028C026E
:105240009002930297029B029F02A302A702AB0265
:10525000AF02B302B602BA02BE02C202C602CA025C
:10526000CE02D102D502D902DD02E102E502E80256
:10527000EC02F002F402F802FC02FF02030307034F
:105280000B030F03130316031A031E032203260343
:1052900029032D033103350339033C034003440341
:1052A00048034B034F03530357035A035E03620340
:1052B000660369036D037103750378037C03800340
:1052C000840387038B038F03930396039A039E0340
:1052D000A103A503A903AD03B003B403B803BB0343
:1052E000BF03C303C703CA03CE03D203D503D90345
:1052F000DD03E003E403E803EB03EF03F303F6034A
:10530000FA03FE030104050409040C041004140448
:1053100017041B041E042204260429042D0431044E
:10532000340438043B043F04430446044A044E0456
:105330005104550458045C046004630467046A045F
:105340006E047104750479047C048004830487046A
:105350008B048E049204950499049C04A004A30475
:10536000A704AB04AE04B204B504B904BC04C00481
:10537000A5FCAAFCAFFCB4FCB9FCBEFCC3FCC8FC99
:10538000CDFCD2FCD7FCDCFCE1FCE6FCEBFCF0FC49
:10539000F5FCFAFCFFFC04FD09FD0DFD12FD17FDF7
:1053A0001CFD21FD26FD2BFD30FD35FD3AFD3FFDA9
:1053B00043FD48FD4DFD52FD57FD5CFD61FD66FD61
:1053C0006AFD6FFD74FD79FD7EFD83FD88FD8CFD1A
:1053D00091FD96FD9BFDA0FDA4FDA9FDAEFDB3FDD5
:1053E000B8FDBCFDC1FDC6FDCBFDD0FDD4FDD9FD92
:1053F000DEFDE3FDE7FDECFDF1FDF6FDFBFDFFFD50
:1054000004FE09FE0DFE12FE17FE1CFE20FE25FE08
:105410002AFE2FFE33FE38FE3DFE41FE46FE4BFEC9
:105420004FFE54FE59FE5DFE62FE67FE6BFE70FE8F
:1054300075FE79FE7EFE83FE87FE8CFE91FE95FE54
:105440009AFE9EFEA3FEA8FEACFEB1FEB6FEBAFE1C
:10545000BFFEC3FEC8FECDFED1FED6FEDAFEDFFEE5
:10546000E3FEE8FEEDFEF1FEF6FEFAFEFFFE03FFB0
:1054700008FF0CFF11FF15FF1AFF1FFF23FF28FF76
:105480002CFF31FF35FF3AFF3EFF43FF47FF4CFF44
:1054900050FF55FF59FF5EFF62FF67FF6BFF6FFF15
:1054A00074FF78FF7DFF81FF86FF8AFF8FFF93FFE8
:1054B00098FF9CFFA0FFA5FFA9FFAEFFB2FFB7FFBB
:1054C000BBFFBFFFC4FFC8FFCDFFD1FFD5FFDAFF91
:1054D000DEFFE3FFE7FFEBFFF0FFF4FFF8FFFDFF68
:1054E000010005000A000E00130017001B00200039
:1054F000240028002D00310035003A003E00420013
:1055000046004B004F00530058005C0060006500EF
:1055100069006D00710076007A007E0083008700CC
:105520008B008F00940098009C00A000A500A900AB
:10553000AD00B100B600BA00BE00C200C600CB008C
:10554000CF00D300D700DB00E000E400E800EC006F
:10555000F000F500F900FD00010105010A010E014E
:10556000120116011A011E01230127012B012F012F
:10557000330137013B014001440148014C01500116
:10558000540158015C016101650169016D017101FE
:10559000750179017D018101850189018E019201E9
:1055A00096019A019E01A201A601AA01AE01B201D3
:1055B000B601BA01BE01C201C601CA01CF01D301C1
:1055C000D701DB01DF01E301E701EB01EF01F301AB
:1055D000F701FB01FF01030207020B020F02130296
:1055E00017021B021F02230227022B022F02330283
:1055F00037023A023E02420246024A024E0252027A
:1056000056025A025E02620266026A026E0272026A
:1056100076027A027D028102850289028D02910260
:10562000950299029D02A102A502A802AC02B00255
:10563000B402B802BC02C002C402C702CB02CF024D
:10564000D302D702DB02DF02E302E602EA02EE0245
:10565000F202F602FA02FD020103050309030D033B
:105660001103140318031C032003240327032B0333
:105670002F03330337033A033E03420346034A032F
:105680004D035103550359035D036003640368032D
:105690006C036F03730377037B037E03820386032C
:1056A0008A038D039103950399039C03A003A4032C
:1056B000A703AB03AF03B303B603BA03BE03C2032E
:1056C000C503C903CD03D003D403D803DB03DF0331
:1056D000E303E603EA03EE03F203F503F903FD0334
:1056E0000004040408040B040F04130416041A0431
:1056F0001E042104250428042C0430043304370438
:105700003B043E044204460449044D04500454043E
:1057100058045B045F04620466046A046D04710447
:10572000750478047C047F04830486048A048E0450
:105730009104950498049C04A004A304A704AA045B
:10574000AE04B104B504B804BC04C004C304C70467
:10575000CA04CE04D104D504D804C5FCCAFCCFFCCD
:10576000D4FCD9FCDEFCE3FCE8FCEDFCF2FCF7FC2D
:10577000FCFC00FD05FD0AFD0FFD14FD19FD1EFDDD
:1057800023FD28FD2DFD31FD36FD3BFD40FD45FD92
:105790004AFD4FFD54FD58FD5DFD62FD67FD6CFD4A
:1057A00071FD76FD7AFD7FFD84FD89FD8EFD92FD04
:1057B00097FD9CFDA1FDA6FDAAFDAFFDB4FDB9FDC1
:1057C000BEFDC2FDC7FDCCFDD1FDD6FDDAFDDFFD7E
:1057D000E4FDE9FDEDFDF2FDF7FDFBFD00FE05FE3C
:1057E0000AFE0EFE13FE18FE1DFE21FE26FE2BFEF7
:1057F0002FFE34FE39FE3DFE42FE47FE4BFE50FEBC
:1058000055FE59FE5EFE63FE67FE6CFE71FE75FE80
:105810007AFE7FFE83FE88FE8DFE91FE96FE9AFE46
:105820009FFEA4FEA8FEADFEB2FEB6FEBBFEBFFE0E
:10583000C4FEC8FECDFED2FED6FEDBFEDFFEE4FED9
:10584000E9FEEDFEF2FEF6FEFBFEFFFE04FF08FFA2
:105850000DFF11FF16FF1AFF1FFF24FF28FF2DFF6A
:1058600031FF36FF3AFF3FFF43FF48FF4CFF51FF38
:1058700055FF5AFF5EFF62FF67FF6BFF70FF74FF0B
:1058800079FF7DFF82FF86FF8BFF8FFF93FF98FFDD
:105890009CFFA1FFA5FFAAFFAEFFB2FFB7FFBBFFB2
:1058A000C0FFC4FFC9FFCDFFD1FFD6FFDAFFDEFF87
:1058B000E3FFE7FFECFFF0FFF4FFF9FFFDFF01005E
:1058C00006000A000F00130017001C00200024002F
:1058D00029002D00310036003A003E004300470009
:1058E0004B004F00540058005C00610065006900E7
:1058F0006E00720076007A007F00830087008B00C4
:105900009000940098009C00A100A500A900AD00A3
:10591000B200B600BA00BE00C300C700CB00CF0083
:10592000D300D800DC00E000E400E900ED00F10065
:10593000F500F900FD00020106010A010E01120145
:1059400017011B011F01230127012B012F01340126
:1059500038013C014001440148014C01510155010D
:1059600059015D016101650169016D0172017601F5
:105970007A017E01820186018A018E0192019601DF
:105980009A019F01A301A701AB01AF01B301B701C8
:10599000BB01BF01C301C701CB01CF01D301D701B7
:1059A000DB01DF01E301E701EB01F001F401F801A4
:1059B000FC010002040208020C0210021402180288
:1059C0001C022002240228022C0230023302370279
:1059D0003B023F02430247024B024F02530257026F
:1059E0005B025F02630267026B026F02730277025F
:1059F0007B027F02830286028A028E029202960254
:105A00009A029E02A202A602AA02AE02B102B50248
:105A1000B902BD02C102C502C902CD02D102D4023F
:105A2000D802DC02E002E402E802EC02EF02F30238
:105A3000F702FB02FF02030307030A030E0312032C
:105A400016031A031E032103250329032D03310323
:105A5000340338033C034003440347034B034F0321
:105A6000530357035A035E03620366036A036D031D
:105A70007103750379037C038003840388038B031C
:105A80008F03930397039A039E03A203A603A9031C
:105A9000AD03B103B503B803BC03C003C403C7031C
:105AA000CB03CF03D203D603DA03DE03E103E5031E
:105AB000E903EC03F003F403F703FB03FF03020421
:105AC00006040A040E041104150419041C0420041D
:105AD000240427042B042F043204360439043D0423
:105AE0004104440448044C044F04530457045A042A
:105AF0005E046104650469046C0470047404770432
:105B00007B047E048204860489048D04900494043A
:105B100098049B049F04A204A604AA04AD04B10443
:105B2000B404B804BB04BF04C304C604CA04CD044F
:105B3000D104D404D804DB04DF04E304E604EA045B
:105B4000ED04F104E4FCE9FCEEFCF3FCF8FCFDFCE4
:105B500002FD07FD0CFD11FD15FD1AFD1FFD24FDC5
:105B600029FD2EFD33FD38FD3CFD41FD46FD4BFD7D
:105B700050FD55FD5AFD5EFD63FD68FD6DFD72FD36
:105B800077FD7BFD80FD85FD8AFD8FFD93FD98FDF2
:105B90009DFDA2FDA7FDABFDB0FDB5FDBAFDBEFDAF
:105BA000C3FDC8FDCDFDD1FDD6FDDBFDE0FDE4FD6F
:105BB000E9FDEEFDF3FDF7FDFCFD01FE06FE0AFE2C
:105BC0000FFE14FE18FE1DFE22FE26FE2BFE30FEEA
:105BD00035FE39FE3EFE43FE47FE4CFE51FE55FEAD
:105BE0005AFE5FFE63FE68FE6CFE71FE76FE7AFE74
:105BF0007FFE84FE88FE8DFE92FE96FE9BFE9FFE3B
:105C0000A4FEA9FEADFEB2FEB6FEBBFEC0FEC4FE03
:105C1000C9FECDFED2FED6FEDBFEE0FEE4FEE9FECE
:105C2000EDFEF2FEF6FEFBFEFFFE04FF08FF0DFF99
:105C300012FF16FF1BFF1FFF24FF28FF2DFF31FF60
:105C400036FF3AFF3FFF43FF48FF4CFF51FF55FF30
:105C50005AFF5EFF63FF67FF6BFF70FF74FF79FF02
:105C60007DFF82FF86FF8BFF8FFF93FF98FF9CFFD6
:105C7000A1FFA5FFAAFFAEFFB2FFB7FFBBFFC0FFAA
:105C8000C4FFC9FFCDFFD1FFD6FFDAFFDEFFE3FF80
:105C9000E7FFECFFF0FFF4FFF9FFFDFF0100060056
:105CA0000A000F00130017001C0020002400290028
:105CB0002D00310036003A003E00430047004B0003
:105CC0004F00540058005C006100650069006E00E0
:105CD000720076007A007F00830087008B009000BE
:105CE000940098009C00A100A500A900AD00B2009E
:105CF000B600BA00BE00C300C700CB00CF00D4007E
:105D0000D800DC00E000E400E900ED00F100F5005F
:105D1000F900FE00020106010A010E01130117013C
:105D20001B011F01230127012C013001340138011F
:105D30003C014001440149014D0151015501590106
:105D40005D01610165016A016E01720176017A01EE
:105D50007E01820186018A018F01930197019B01D7
:105D60009F01A301A701AB01AF01B301B701BB01C3
:105D7000BF01C301C801CC01D001D401D801DC01AD
:105D8000E001E401E801EC01F001F401F801FC019B
:105D90000002040208020C021002140218021C0283
:105DA0002002240228022C023002340238023C0273
:105DB0004002440248024C025002540258025C0263
:105DC0006002640268026C027002740277027B0255
:105DD0007F02830287028B028F02930297029B024B
:105DE0009F02A302A702AB02AE02B202B602BA023F
:105DF000BE02C202C602CA02CE02D102D502D90236
:105E0000DD02E102E502E902ED02F002F402F8022D
:105E1000FC020003040308030B030F03130317031F
:105E20001B031F03230326032A032E033203360317
:105E30003A033D034103450349034D035003540313
:105E400058035C036003630367036B036F0373030F
:105E500076037A037E038203850389038D0391030E
:105E6000940398039C03A003A403A703AB03AF030D
:105E7000B303B603BA03BE03C103C503C903CD030D
:105E8000D003D403D803DC03DF03E303E703EA030F
:105E9000EE03F203F603F903FD030104040408040E
:105EA0000C040F04130417041B041E04220426040C
:105EB00029042D043104340438043C043F04430411
:105EC00047044A044E045104550459045C04600418
:105ED000640467046B046F047204760479047D041F
:105EE0008104840488048C048F04930496049A0427
:105EF0009E04A104A504A804AC04B004B304B70430
:105F0000BA04BE04C204C504C904CC04D004D3043A
:105F1000D704DB04DE04E204E504E904EC04F00445
:105F2000F304F704FB04FE0402050505090503FD5F
:105F300008FD0DFD11FD16FD1BFD20FD25FD2AFDB3
:105F40002FFD34FD38FD3DFD42FD47FD4CFD51FD6B
:105F500055FD5AFD5FFD64FD69FD6DFD72FD77FD28
:105F60007CFD81FD86FD8AFD8FFD94FD99FD9DFDE3
:105F7000A2FDA7FDACFDB1FDB5FDBAFDBFFDC4FDA1
:105F8000C8FDCDFDD2FDD7FDDBFDE0FDE5FDE9FD62
:105F9000EEFDF3FDF8FDFCFD01FE06FE0AFE0FFE20
:105FA00014FE19FE1DFE22FE27FE2BFE30FE35FEDE
:105FB00039FE3EFE43FE47FE4CFE51FE55FE5AFEA4
:105FC0005FFE63FE68FE6CFE71FE76FE7AFE7FFE6B
:105FD00084FE88FE8DFE91FE96FE9BFE9FFEA4FE33
:105FE000A8FEADFEB2FEB6FEBBFEBFFEC4FEC9FEFD
:105FF000CDFED2FED6FEDBFEDFFEE4FEE8FEEDFEC9
:10600000F2FEF6FEFBFEFFFE04FF08FF0DFF11FF90
:1060100016FF1AFF1FFF23FF28FF2CFF31FF35FF5C
:106020003AFF3EFF43FF47FF4CFF50FF55FF59FF2C
:106030005EFF62FF67FF6BFF70FF74FF79FF7DFFFC
:1060400081FF86FF8AFF8FFF93FF98FF9CFFA0FFD1
:10605000A5FFA9FFAEFFB2FFB7FFBBFFBFFFC4FFA5
:10606000C8FFCDFFD1FFD5FFDAFFDEFFE3FFE7FF7B
:10607000EBFFF0FFF4FFF8FFFDFF010005000A0051
:106080000E00130017001B002000240028002D0024
:10609000310035003A003E00420047004B004F00FF
:1060A000530058005C006000650069006D007200DC
:1060B00076007A007E00830087008B008F009400BA
:1060C00098009C00A000A500A900AD00B100B6009A
:1060D000BA00BE00C200C700CB00CF00D300D8007A
:1060E000DC00E000E400E800ED00F100F500F9005C
:1060F000FD00020106010A010E01120117011B0138
:106100001F01230127012B013001340138013C011B
:106110004001440148014D015101550159015D0102
:10612000610165016A016E01720176017A017E01E9
:10613000820186018A018F01930197019B019F01D2
:10614000A301A701AB01AF01B301B701BB01C001BE
:10615000C401C801CC01D001D401D801DC01E001A7
:10616000E401E801EC01F001F401F801FC01000296
:10617000040208020C021002140218021C0220027F
:10618000240228022C023002340238023C0240026F
:10619000440248024C025002540258025C0260025F
:1061A000640268026C027002740278027C0280024F
:1061B000840288028C029002940297029B029F0242
:1061C000A302A702AB02AF02B302B702BB02BF0237
:1061D000C302C602CA02CE02D202D602DA02DE022E
:1061E000E202E602E902ED02F102F502F902FD0225
:1061F0000103050308030C031003140318031C0315
:106200002003230327032B032F03330337033A030E
:106210003E03420346034A034E0351035503590309
:106220005D036103640368036C0370037403770305
:106230007B037F03830387038A038E039203960302
:1062400099039D03A103A503A903AC03B003B40301
:10625000B803BB03BF03C303C703CA03CE03D20300
:10626000D603D903DD03E103E403E803EC03F00301
:10627000F303F703FB03FF03020406040A040D04FF
:106280001104150418041C042004240427042B04FE
:106290002F04320436043A043D0441044504480402
:1062A0004C045004530457045B045E046204660407
:1062B00069046D047104740478047B047F0483040E
:1062C00086048A048E049104950499049C04A00415
:1062D000A304A704AB04AE04B204B504B904BD041E
:1062E000C004C404C704CB04CF04D204D604D90428
:1062F000DD04E104E404E804EB04EF04F204F60432
:10630000FA04FD040105040508050B050F05120537
:1063100016051A051D05210521FD25FD2AFD2FFD68
:1063200034FD39FD3EFD42FD47FD4CFD51FD56FD5E
:106330005BFD5FFD64FD69FD6EFD73FD77FD7CFD1A
:1063400081FD86FD8AFD8FFD94FD99FD9EFDA2FDD8
:10635000A7FDACFDB1FDB5FDBAFDBFFDC4FDC8FD97
:10636000CDFDD2FDD7FDDBFDE0FDE5FDE9FDEEFD58
:10637000F3FDF8FDFCFD01FE06FE0AFE0FFE14FE15
:1063800018FE1DFE22FE26FE2BFE30FE34FE39FED8
:106390003EFE42FE47FE4CFE50FE55FE5AFE5EFE9D
:1063A00063FE68FE6CFE71FE75FE7AFE7FFE83FE64
:1063B00088FE8CFE91FE96FE9AFE9FFEA3FEA8FE2E
:1063C000ADFEB1FEB6FEBAFEBFFEC4FEC8FECDFEF7
:1063D000D1FED6FEDAFEDFFEE3FEE8FEEDFEF1FEC4
:1063E000F6FEFAFEFFFE03FF08FF0CFF11FF15FF8C
:1063F0001AFF1EFF23FF27FF2CFF30FF35FF39FF59
:106400003EFF42FF47FF4BFF50FF54FF59FF5DFF28
:1064100062FF66FF6BFF6FFF73FF78FF7CFF81FFFA
:1064200085FF8AFF8EFF93FF97FF9BFFA0FFA4FFCE
:10643000A9FFADFFB2FFB6FFBAFFBFFFC3FFC8FFA2
:10644000CCFFD0FFD5FFD9FFDEFFE2FFE6FFEBFF79
:10645000EFFFF3FFF8FFFCFF0000050009000E004E
:10646000120016001B001F00230028002C00300023
:10647000350039003D00420046004A004F005300FD
:1064800057005B006000640068006D0071007500DB
:1064900079007E00820086008B008F0093009700B9
:1064A0009C00A000A400A800AD00B100B500B90098
:1064B000BE00C200C600CA00CF00D300D700DB0078
:1064C000DF00E400E800EC00F000F500F900FD005A
:1064D000010105010A010E01120116011A011E0136
:1064E000230127012B012F01330137013C0140011A
:1064F000440148014C015001540159015D01610101
:10650000650169016D01710176017A017E018201E7
:1065100086018A018E01920196019B019F01A301D0
:10652000A701AB01AF01B301B701BB01BF01C301BB
:10653000C701CC01D001D401D801DC01E001E401A4
:10654000E801EC01F001F401F801FC010002040291
:1065500008020C021002140218021C02200224027B
:1065600028022C023002340238023C02400244026B
:1065700048024C025002540258025C02600264025B
:1065800068026C027002740278027C02800284024B
:1065900088028C029002940298029C02A002A3023C
:1065A000A702AB02AF02B302B702BB02BF02C30233
:1065B000C702CB02CF02D302D602DA02DE02E20227
:1065C000E602EA02EE02F202F602F902FD0201031D
:1065D000050309030D031103150318031C0320030E
:1065E000240328032C033003330337033B033F0307
:1065F000430347034A034E03520356035A035E0301
:106600006103650369036D037103740378037C03FD
:106610008003840387038B038F03930397039A03F9
:106620009E03A203A603AA03AD03B103B503B903F6
:10663000BC03C003C403C803CB03CF03D303D703F6
:10664000DA03DE03E203E603E903ED03F103F503F6
:10665000F803FC030004040407040B040F041204F1
:1066600016041A041E042104250429042C043004F1
:10667000340437043B043F04420446044A044E04F5
:106680005104550459045C046004640467046B04F9
:106690006F04720476047A047D04810484048804FF
:1066A0008C048F04930497049A049E04A204A50406
:1066B000A904AC04B004B404B704BB04BF04C2040E
:1066C000C604C904CD04D104D404D804DB04DF0417
:1066D000E304E604EA04ED04F104F504F804FC0420
:1066E000FF04030506050A050E0511051505180525
:1066F0001C051F05230526052A052E053105350530
:1067000038053EFD43FD47FD4CFD51FD56FD5BFD4B
:106710005FFD64FD69FD6EFD72FD77FD7CFD81FD11
:1067200086FD8AFD8FFD94FD99FD9DFDA2FDA7FDCF
:10673000ACFDB0FDB5FDBAFDBFFDC3FDC8FDCDFD8F
:10674000D1FDD6FDDBFDE0FDE4FDE9FDEEFDF2FD52
:10675000F7FDFCFD00FE05FE0AFE0FFE13FE18FE0F
:106760001DFE21FE26FE2BFE2FFE34FE39FE3DFED1
:1067700042FE46FE4BFE50FE54FE59FE5EFE62FE99
:1067800067FE6CFE70FE75FE79FE7EFE83FE87FE60
:106790008CFE90FE95FE9AFE9EFEA3FEA7FEACFE2A
:1067A000B1FEB5FEBAFEBEFEC3FEC7FECCFED0FEF5
:1067B000D5FEDAFEDEFEE3FEE7FEECFEF0FEF5FEC1
:1067C000F9FEFEFE02FF07FF0BFF10FF14FF19FF8B
:1067D0001DFF22FF27FF2BFF2FFF34FF38FF3DFF58
:1067E00041FF46FF4AFF4FFF53FF58FF5CFF61FF29
:1067F00065FF6AFF6EFF73FF77FF7BFF80FF84FFFB
:1068000089FF8DFF92FF96FF9BFF9FFFA3FFA8FFCD
:10681000ACFFB1FFB5FFB9FFBEFFC2FFC7FFCBFFA3
:10682000CFFFD4FFD8FFDDFFE1FFE5FFEAFFEEFF7A
:10683000F2FFF7FFFBFF0000040008000D0011004D
:1068400015001A001E00220027002B002F00340024
:1068500038003C004100450049004E0052005600FF
:106860005B005F00630067006C00700074007900DB
:106870007D00810085008A008E00920097009B00B9
:106880009F00A300A800AC00B000B400B900BD0098
:10689000C100C500CA00CE00D200D600DA00DF0079
:1068A000E300E700EB00F000F400F800FC0000015A
:1068B000050109010D01110115011A011E01220135
:1068C00026012A012E01330137013B013F0143011B
:1068D00047014C015001540158015C016001640101
:1068E00069016D017101750179017D0181018501E8
:1068F0008A018E01920196019A019E01A201A601D0
:10690000AA01AE01B301B701BB01BF01C301C701B9
:10691000CB01CF01D301D701DB01DF01E301E801A6
:10692000EC01F001F401F801FC010002040208028C
:106930000C021002140218021C0220022402280277
:106940002C023002340238023C0240024402480267
:106950004C025002540258025C0260026402680257
:106960006C027002740278027C0280028402880247
:106970008C029002940298029C02A002A302A70239
:10698000AB02AF02B302B702BB02BF02C302C7022F
:10699000CB02CF02D302D702DA02DE02E202E60223
:1069A000EA02EE02F202F602FA02FE020103050317
:1069B00009030D031103150319031D032003240309
:1069C00028032C033003340338033B033F03430302
:1069D00047034B034F03530356035A035E036203FB
:1069E00066036A036D037103750379037D038003F6
:1069F000840388038C039003930397039B039F03F3
:106A0000A303A603AA03AE03B203B603B903BD03EF
:106A1000C103C503C803CC03D003D403D803DB03ED
:106A2000DF03E303E703EA03EE03F203F603F903EC
:106A3000FD030104050408040C04100413041704E6
:106A40001B041F04220426042A042D0431043504E7
:106A500039043C044004440447044B044F045204EA
:106A600056045A045E046104650469046C047004ED
:106A7000740477047B047F04820486048A048D04F2
:106A80009104950498049C049F04A304A704AA04F9
:106A9000AE04B204B504B904BD04C004C404C70400
:106AA000CB04CF04D204D604DA04DD04E104E40408
:106AB000E804EC04EF04F304F604FA04FE04010510
:106AC000050508050C051005130517051A051E0513
:106AD0002105250529052C053005330537053A051F
:106AE0003E054105450549054C0550055AFD5FFD2C
:106AF00064FD69FD6DFD72FD77FD7CFD80FD85FD0A
:106B00008AFD8FFD93FD98FD9DFDA2FDA6FDABFDC9
:106B1000B0FDB5FDB9FDBEFDC3FDC7FDCCFDD1FD8A
:106B2000D6FDDAFDDFFDE4FDE8FDEDFDF2FDF6FD4D
:106B3000FBFD00FE04FE09FE0EFE12FE17FE1CFE0B
:106B400020FE25FE2AFE2EFE33FE38FE3CFE41FED0
:106B500046FE4AFE4FFE54FE58FE5DFE61FE66FE96
:106B60006BFE6FFE74FE78FE7DFE82FE86FE8BFE5F
:106B70008FFE94FE99FE9DFEA2FEA6FEABFEB0FE29
:106B8000B4FEB9FEBDFEC2FEC6FECBFECFFED4FEF5
:106B9000D9FEDDFEE2FEE6FEEBFEEFFEF4FEF8FEC1
:106BA000FDFE01FF06FF0AFF0FFF13FF18FF1CFF8A
:106BB00021FF25FF2AFF2EFF33FF37FF3CFF40FF59
:106BC00045FF49FF4EFF52FF57FF5BFF60FF64FF29
:106BD00069FF6DFF71FF76FF7AFF7FFF83FF88FFFC
:106BE0008CFF91FF95FF99FF9EFFA2FFA7FFABFFD0
:106BF000AFFFB4FFB8FFBDFFC1FFC5FFCAFFCEFFA7
:106C0000D3FFD7FFDBFFE0FFE4FFE9FFEDFFF1FF7C
:106C1000F6FFFAFFFEFF030007000B001000140050
:106C200019001D00210026002A002E003300370025
:106C30003B004000440048004C0051005500590002
:106C40005E00620066006B006F00730078007C00DD
:106C50008000840089008D00910095009A009E00BC
:106C6000A200A700AB00AF00B300B800BC00C0009A
:106C7000C400C800CD00D100D500D900DE00E2007C
:106C8000E600EA00EF00F300F700FB00FF0004015C
:106C900008010C011001140119011D012101250138
:106CA00029012D01320136013A013E01420146011E
:106CB0004B014F01530157015B015F016401680102
:106CC0006C017001740178017C01800185018901EA
:106CD0008D019101950199019D01A101A501AA01D3
:106CE000AE01B201B601BA01BE01C201C601CA01BC
:106CF000CE01D201D701DB01DF01E301E701EB01A6
:106D0000EF01F301F701FB01FF01030207020B0290
:106D10000F02130217021B021F02240228022C0278
:106D20003002340238023C024002440248024C0263
:106D30005002540258025C026002640268026C0253
:106D40007002740278027C028002840287028B0245
:106D50008F02930297029B029F02A302A702AB023B
:106D6000AF02B302B702BB02BF02C302C702CB022B
:106D7000CF02D202D602DA02DE02E202E602EA0222
:106D8000EE02F202F602FA02FD0201030503090314
:106D90000D031103150319031D0320032403280306
:106DA0002C033003340338033C033F0343034703FE
:106DB0004B034F03530357035A035E0362036603F7
:106DC0006A036E037103750379037D0381038503F1
:106DD00088038C039003940398039B039F03A303EE
:106DE000A703AB03AE03B203B603BA03BE03C103EA
:106DF000C503C903CD03D103D403D803DC03E003E7
:106E0000E303E703EB03EF03F203F603FA03FE03E6
:106E10000104050409040D041004140418041C04DE
:106E20001F04230427042B042E04320436043904DF
:106E30003D044104450448044C04500453045704E1
:106E40005B045F04620466046A046D0471047504E3
:106E500078047C048004830487048B048E049204E9
:106E6000960499049D04A104A404A804AC04AF04EE
:106E7000B304B704BA04BE04C204C504C904CD04F3
:106E8000D004D404D704DB04DF04E204E604EA04FB
:106E9000ED04F104F404F804FC04FF040305060502
:106EA0000A050E051105150518051C052005230505
:106EB00027052A052E053105350539053C05400510
:106EC000430547054A054E055205550559055C051C
:106ED00060056305670576FD7BFD80FD84FD89FD0A
:106EE0008EFD93FD97FD9CFDA1FDA6FDAAFDAFFDC6
:106EF000B4FDB8FDBDFDC2FDC7FDCBFDD0FDD5FD88
:106F0000D9FDDEFDE3FDE7FDECFDF1FDF5FDFAFD4C
:106F1000FFFD03FE08FE0DFE11FE16FE1BFE1FFE0A
:106F200024FE29FE2DFE32FE37FE3BFE40FE45FECE
:106F300049FE4EFE52FE57FE5CFE60FE65FE69FE97
:106F40006EFE73FE77FE7CFE80FE85FE8AFE8EFE60
:106F500093FE97FE9CFEA1FEA5FEAAFEAEFEB3FE2A
:106F6000B7FEBCFEC0FEC5FECAFECEFED3FED7FEF7
:106F7000DCFEE0FEE5FEE9FEEEFEF2FEF7FEFBFEC5
:106F800000FF04FF09FF0EFF12FF17FF1BFF20FF8A
:106F900024FF29FF2DFF31FF36FF3AFF3FFF43FF5C
:106FA00048FF4CFF51FF55FF5AFF5EFF63FF67FF2D
:106FB0006CFF70FF74FF79FF7DFF82FF86FF8BFF00
:106FC0008FFF94FF98FF9CFFA1FFA5FFAAFFAEFFD4
:106FD000B2FFB7FFBBFFC0FFC4FFC8FFCDFFD1FFAB
:106FE000D6FFDAFFDEFFE3FFE7FFECFFF0FFF4FF81
:106FF000F9FFFDFF010006000A000E001300170054
:107000001B002000240028002D00310035003A002C
:107010003E00420047004B004F00540058005C0007
:107020006100650069006E00720076007A007F00E2
:10703000830087008C009000940098009D00A100C0
:10704000A500A900AE00B200B600BA00BF00C300A0
:10705000C700CB00D000D400D800DC00E100E50080
:10706000E900ED00F100F600FA00FE000201070160
:107070000B010F01130117011C012001240128013C
:107080002C013001350139013D0141014501490122
:107090004E01520156015A015E01620167016B0106
:1070A0006F01730177017B017F01840188018C01ED
:1070B0009001940198019C01A001A401A901AD01D6
:1070C000B101B501B901BD01C101C501C901CD01C0
:1070D000D201D601DA01DE01E201E601EA01EE01A8
:1070E000F201F601FA01FE01020206020A020F0293
:1070F000130217021B021F02230227022B022F0278
:10710000330237023B023F02430247024B024F0267
:10711000530257025B025F02630267026B026F0257
:10712000730277027B027F02830287028B028F0247
:10713000930297029B029F02A302A702AB02AF0237
:10714000B302B602BA02BE02C202C602CA02CE022E
:10715000D202D602DA02DE02E202E602EA02EE021F
:10716000F102F502F902FD020103050309030D0313
:107170001103150318031C032003240328032C0305
:107180003003340338033B033F03430347034B03FC
:107190004F03530357035A035E03620366036A03F4
:1071A0006E037103750379037D03810385038803EF
:1071B0008C039003940398039C039F03A303A703EA
:1071C000AB03AF03B203B603BA03BE03C203C503E6
:1071D000C903CD03D103D503D803DC03E003E403E3
:1071E000E803EB03EF03F303F703FA03FE030204E0
:1071F000060409040D041104150418041C042004D9
:10720000240427042B042F04330436043A043E04D8
:107210004204450449044D045004540458045C04D9
:107220005F04630467046A046E04720476047904DC
:107230007D048104840488048C048F0493049704DF
:107240009A049E04A204A504A904AD04B004B404E5
:10725000B804BB04BF04C304C604CA04CE04D104EA
:10726000D504D904DC04E004E404E704EB04EE04F0
:10727000F204F604F904FD040105040508050B05F4
:107280000F05130516051A051D05210525052805F9
:107290002C052F05330537053A053E054105450503
:1072A00049054C055005530557055A055E0562050D
:1072B000650569056C057005730577057A057E051A
:1072C00092FD96FD9BFDA0FDA4FDA9FDAEFDB3FDC5
:1072D000B7FDBCFDC1FDC5FDCAFDCFFDD3FDD8FD89
:1072E000DDFDE1FDE6FDEBFDF0FDF4FDF9FDFEFD4C
:1072F00002FE07FE0BFE10FE15FE19FE1EFE23FE0B
:1073000027FE2CFE31FE35FE3AFE3FFE43FE48FED0
:107310004CFE51FE56FE5AFE5FFE63FE68FE6DFE99
:1073200071FE76FE7AFE7FFE84FE88FE8DFE91FE63
:1073300096FE9AFE9FFEA4FEA8FEADFEB1FEB6FE2E
:10734000BAFEBFFEC4FEC8FECDFED1FED6FEDAFEFA
:10735000DFFEE3FEE8FEECFEF1FEF5FEFAFEFEFEC9
:1073600003FF07FF0CFF10FF15FF19FF1EFF22FF91
:1073700027FF2BFF30FF34FF39FF3DFF42FF46FF61
:107380004BFF4FFF54FF58FF5DFF61FF65FF6AFF32
:107390006EFF73FF77FF7CFF80FF85FF89FF8DFF06
:1073A00092FF96FF9BFF9FFFA4FFA8FFACFFB1FFDA
:1073B000B5FFBAFFBEFFC2FFC7FFCBFFD0FFD4FFB0
:1073C000D8FFDDFFE1FFE6FFEAFFEEFFF3FFF7FF87
:1073D000FBFF0000040008000D00110015001A005A
:1073E0001E00230027002B003000340038003D0031
:1073F0004100450049004E00520056005B005F000E
:10740000630068006C007000750079007D008100E9
:1074100086008A008E00930097009B009F00A400C6
:10742000A800AC00B000B500B900BD00C100C600A6
:10743000CA00CE00D200D700DB00DF00E300E80086
:10744000EC00F000F400F800FD0001010501090165
:107450000D01120116011A011E01220127012B0143
:107460002F01330137013C014001440148014C0127
:107470005001550159015D016101650169016D010D
:10748000720176017A017E01820186018A018F01F3
:10749000930197019B019F01A301A701AB01B001DB
:1074A000B401B801BC01C001C401C801CC01D001C4
:1074B000D401D901DD01E101E501E901ED01F101AD
:1074C000F501F901FD010102050209020D02120296
:1074D00016021A021E02220226022A022E0232027C
:1074E00036023A023E02420246024A024E0252026C
:1074F00056025A025E02620266026A026E0272025C
:1075000076027A027E02820286028A028E0292024B
:1075100096029A029E02A202A602AA02AE02B2023B
:10752000B602BA02BE02C202C602CA02CD02D1022D
:10753000D502D902DD02E102E502E902ED02F10223
:10754000F502F902FD020103040308030C03100312
:10755000140318031C032003240328032C032F0304
:10756000330337033B033F03430347034B034E03FC
:10757000520356035A035E03620366036A036D03F4
:107580007103750379037D038103840388038C03EE
:107590009003940398039B039F03A303A703AB03E8
:1075A000AF03B203B603BA03BE03C203C603C903E3
:1075B000CD03D103D503D903DC03E003E403E803DF
:1075C000EB03EF03F303F703FB03FE0302040604DC
:1075D0000A040D041104150419041C0420042404D5
:1075E00028042C042F04330437043B043E044204D3
:1075F000460449044D045104550458045C046004D5
:10760000640467046B046F04720476047A047E04D5
:107610008104850489048C049004940497049B04D9
:107620009F04A204A604AA04AE04B104B504B904DC
:10763000BC04C004C404C704CB04CF04D204D604E1
:10764000DA04DD04E104E404E804EC04EF04F304E8
:10765000F704FA04FE040205050509050D051005E9
:10766000140517051B051F052205260529052D05EF
:107670003105340538053B053F05430546054A05F8
:107680004D055105550558055C055F056305670502
:107690006A056E057105750578057C05800583050D
:1076A00087058A058E0591059505ADFDB1FDB6FDF1
:1076B000BBFDBFFDC4FDC9FDCDFDD2FDD7FDDBFD8A
:1076C000E0FDE5FDE9FDEEFDF3FDF7FDFCFD01FE4E
:1076D00005FE0AFE0FFE13FE18FE1DFE21FE26FE0D
:1076E0002AFE2FFE34FE38FE3DFE42FE46FE4BFED5
:1076F0004FFE54FE59FE5DFE62FE66FE6BFE70FE9E
:1077000074FE79FE7DFE82FE86FE8BFE90FE94FE68
:1077100099FE9DFEA2FEA6FEABFEB0FEB4FEB9FE33
:10772000BDFEC2FEC6FECBFECFFED4FED8FEDDFE01
:10773000E1FEE6FEEBFEEFFEF4FEF8FEFDFE01FFCD
:1077400006FF0AFF0FFF13FF18FF1CFF21FF25FF95
:107750002AFF2EFF33FF37FF3BFF40FF44FF49FF67
:107760004DFF52FF56FF5BFF5FFF64FF68FF6DFF39
:1077700071FF75FF7AFF7EFF83FF87FF8CFF90FF0D
:1077800094FF99FF9DFFA2FFA6FFABFFAFFFB3FFE2
:10779000B8FFBCFFC1FFC5FFC9FFCEFFD2FFD6FFB8
:1077A000DBFFDFFFE4FFE8FFECFFF1FFF5FFF9FF90
:1077B000FEFF020007000B000F00140018001C0061
:1077C0002100250029002E00320036003B003F003A
:1077D000430048004C005000550059005D00620015
:1077E00066006A006E00730077007B0080008400F2
:1077F00088008C009100950099009E00A200A600D0
:10780000AA00AF00B300B700BB00C000C400C800AE
:10781000CC00D100D500D900DD00E200E600EA008E
:10782000EE00F200F700FB00FF00030108010C016D
:107830001001140118011D012101250129012D014B
:10784000320136013A013E01420146014B014F012E
:10785000530157015B015F01640168016C01700114
:10786000740178017D018101850189018D019101FA
:10787000950199019E01A201A601AA01AE01B201E2
:10788000B601BA01BF01C301C701CB01CF01D301CA
:10789000D701DB01DF01E301E801EC01F001F401B4
:1078A000F801FC010002040208020C02100214029A
:1078B00018021C022002240229022D023102350284
:1078C00039023D024102450249024D025102550270
:1078D00059025D026102650269026D027102750260
:1078E00079027D028102850289028D029102950250
:1078F00099029D02A102A502A902AD02B102B50240
:10790000B902BD02C102C502C902CD02D102D40230
:10791000D802DC02E002E402E802EC02F002F40227
:10792000F802FC020003040308030C031003130312
:1079300017031B031F03230327032B032F03330307
:1079400037033A033E03420346034A034E035203FE
:1079500056035A035D036103650369036D037103F5
:10796000750379037C038003840388038C039003ED
:10797000930397039B039F03A303A703AB03AE03E8
:10798000B203B603BA03BE03C103C503C903CD03E3
:10799000D103D503D803DC03E003E403E803EB03DE
:1079A000EF03F303F703FB03FE03020406040A04D8
:1079B0000D041104150419041D04200424042804D2
:1079C0002C042F04330437043B043E0442044604D1
:1079D0004A044D045104550459045C0460046404D1
:1079E00068046B046F04730476047A047E048204D2
:1079F000850489048D049004940498049C049F04D5
:107A0000A304A704AA04AE04B204B504B904BD04D7
:107A1000C104C404C804CC04CF04D304D704DA04DA
:107A2000DE04E204E504E904ED04F004F404F804DF
:107A3000FB04FF04020506050A050D0511051505E1
:107A400018051C052005230527052A052E053205E6
:107A5000350539053D054005440547054B054F05EE
:107A60005205560559055D056105640568056B05F8
:107A70006F05730576057A057D0581058405880502
:107A80008C058F05930596059A059D05A105A5050D
:107A9000A805AC05C7FDCCFDD0FDD5FDDAFDDEFDAA
:107AA000E3FDE8FDECFDF1FDF6FDFAFDFFFD04FE52
:107AB00008FE0DFE12FE16FE1BFE1FFE24FE29FE12
:107AC0002DFE32FE36FE3BFE40FE44FE49FE4EFEDB
:107AD00052FE57FE5BFE60FE65FE69FE6EFE72FEA4
:107AE00077FE7BFE80FE85FE89FE8EFE92FE97FE6F
:107AF0009BFEA0FEA5FEA9FEAEFEB2FEB7FEBBFE3B
:107B0000C0FEC4FEC9FECDFED2FED6FEDBFEDFFE09
:107B1000E4FEE9FEEDFEF2FEF6FEFBFEFFFE04FFD4
:107B200008FF0DFF11FF16FF1AFF1FFF23FF28FF9D
:107B30002CFF30FF35FF39FF3EFF42FF47FF4BFF71
:107B400050FF54FF59FF5DFF62FF66FF6AFF6FFF42
:107B500073FF78FF7CFF81FF85FF8AFF8EFF92FF16
:107B600097FF9BFFA0FFA4FFA8FFADFFB1FFB6FFEB
:107B7000BAFFBEFFC3FFC7FFCCFFD0FFD4FFD9FFC2
:107B8000DDFFE2FFE6FFEAFFEFFFF3FFF7FFFCFF99
:107B90000000050009000D00120016001A001F0069
:107BA000230027002C003000340039003D00410044
:107BB00046004A004E00530057005B00600064001E
:107BC00068006C007100750079007E0082008600FC
:107BD0008A008F00930097009C00A000A400A800DA
:107BE000AD00B100B500B900BE00C200C600CA00B9
:107BF000CF00D300D700DB00E000E400E800EC0099
:107C0000F100F500F900FD00010106010A010E0175
:107C1000120117011B011F01230127012C01300153
:107C2000340138013C014001450149014D01510138
:107C300055015A015E01620166016A016E0173011C
:107C400077017B017F01830187018B019001940102
:107C500098019C01A001A401A801AC01B101B501EA
:107C6000B901BD01C101C501C901CD01D101D601D3
:107C7000DA01DE01E201E601EA01EE01F201F601BC
:107C8000FA01FE01030207020B020F0213021702A0
:107C90001B021F02230227022B022F02330237028C
:107CA0003B023F02430247024C0250025402580278
:107CB0005C026002640268026C0270027402780264
:107CC0007C028002840288028C0290029402980254
:107CD0009C02A002A402A802AC02B002B402B80244
:107CE000BC02C002C402C802CB02CF02D302D70238
:107CF000DB02DF02E302E702EB02EF02F302F7022C
:107D0000FB02FF02030307030B030F031303160316
:107D10001A031E03220326032A032E03320336030B
:107D20003A033E034103450349034D035103550301
:107D300059035D036103640368036C0370037403F8
:107D400078037C038003830387038B038F039303F0
:107D500097039B039E03A203A603AA03AE03B203E9
:107D6000B603B903BD03C103C503C903CD03D003E3
:107D7000D403D803DC03E003E303E703EB03EF03DF
:107D8000F303F603FA03FE030204060409040D04D8
:107D90001104150419041C042004240428042C04D0
:107DA0002F04330437043B043E04420446044A04CF
:107DB0004D045104550459045C04600464046804CF
:107DC0006B046F04730477047A047E0482048604CF
:107DD00089048D049104940498049C04A004A304D1
:107DE000A704AB04AE04B204B604BA04BD04C104D3
:107DF000C504C804CC04D004D304D704DB04DE04D7
:107E0000E204E604E904ED04F104F404F804FC04DB
:107E1000FF04030507050A050E05120515051905DA
:107E20001D052005240528052B052F0533053605DE
:107E30003A053D054105450548054C0550055305E6
:107E400057055A055E056205650569056C057005EF
:107E5000740577057B057E058205860589058D05F8
:107E60009005940598059B059F05A205A605A90503
:107E7000AD05B105B405B805BB05BF05C205E1FDFB
:107E8000E6FDEAFDEFFDF4FDF8FDFDFD02FE06FE58
:107E90000BFE10FE14FE19FE1DFE22FE27FE2BFE19
:107EA00030FE34FE39FE3EFE42FE47FE4BFE50FEE3
:107EB00055FE59FE5EFE62FE67FE6CFE70FE75FEAC
:107EC00079FE7EFE82FE87FE8CFE90FE95FE99FE78
:107ED0009EFEA2FEA7FEABFEB0FEB5FEB9FEBEFE44
:107EE000C2FEC7FECBFED0FED4FED9FEDDFEE2FE12
:107EF000E6FEEBFEEFFEF4FEF8FEFDFE01FF06FFE0
:107F00000AFF0FFF13FF18FF1CFF21FF25FF2AFFA9
:107F10002EFF33FF37FF3CFF40FF45FF49FF4DFF7A
:107F200052FF56FF5BFF5FFF64FF68FF6DFF71FF4D
:107F300076FF7AFF7EFF83FF87FF8CFF90FF95FF20
:107F400099FF9DFFA2FFA6FFABFFAFFFB3FFB8FFF6
:107F5000BCFFC1FFC5FFC9FFCEFFD2FFD7FFDBFFCC
:107F6000DFFFE4FFE8FFECFFF1FFF5FFFAFFFEFFA4
:107F7000020007000B000F00140018001C00210075
:107F8000250029002E00320036003B003F00430050
:107F900048004C005000550059005D00620066002A
:107FA0006A006F00730077007B0080008400880007
:107FB0008D009100950099009E00A200A600AB00E4
:107FC000AF00B300B700BC00C000C400C800CD00C3
:107FD000D100D500D900DE00E200E600EA00EE00A4
:107FE000F300F700FB00FF00040108010C01100181
:107FF000140119011D01210125012A012E0132015F
:1080000036013A013E01430147014B014F01530143
:1080100058015C016001640168016C017101750126
:1080200079017D018101850189018E01920196010D
:108030009A019E01A201A601AB01AF01B301B701F4
:10804000BB01BF01C301C701CC01D001D401D801DC
:10805000DC01E001E401E801EC01F001F501F901C6
:10806000FD010102050209020D02110215021902A9
:108070001D02210225022A022E02320236023A0293
:108080003E02420246024A024E02520256025A0280
:108090005E02620266026A026E02720276027A0270
:1080A0007E02820286028A028E02920296029A0260
:1080B0009E02A202A602AA02AE02B202B602BA0250
:1080C000BE02C202C602CA02CE02D202D602DA0240
:1080D000DE02E202E602EA02EE02F202F602FA0230
:1080E000FE02020306030A030D031103150319031D
:1080F0001D032103250329032D0331033503390310
:108100003D034003440348034C0350035403580306
:108110005C036003640367036B036F0373037703FC
:108120007B037F03830387038A038E0392039603F3
:108130009A039E03A203A503A903AD03B103B503EC
:10814000B903BD03C003C403C803CC03D003D403E5
:10815000D703DB03DF03E303E703EB03EE03F203E1
:10816000F603FA03FE030104050409040D041104D7
:10817000140418041C042004240427042B042F04D2
:10818000330437043A043E044204460449044D04CF
:108190005104550458045C046004640468046B04CE
:1081A0006F04730477047A047E04820486048904CD
:1081B0008D049104940498049C04A004A304A704CF
:1081C000AB04AF04B204B604BA04BD04C104C504D0
:1081D000C804CC04D004D404D704DB04DF04E204D4
:1081E000E604EA04ED04F104F504F804FC040005D7
:1081F000030507050B050F051205160519051D05D5
:108200002105240528052C052F05330537053A05DA
:108210003E054205450549054D05500554055705E0
:108220005B055F05620566056A056D0571057405E8
:1082300078057C057F05830586058A058E059105F1
:10824000950598059C05A005A305A705AA05AE05FB
:10825000B205B505B905BC05C005C405C705CB0504
:10826000CE05D205D505D905FBFD00FE04FE09FEAD
:108270000DFE12FE17FE1BFE20FE24FE29FE2EFE22
:1082800032FE37FE3BFE40FE45FE49FE4EFE52FEEC
:1082900057FE5CFE60FE65FE69FE6EFE72FE77FEB6
:1082A0007CFE80FE85FE89FE8EFE92FE97FE9BFE82
:1082B000A0FEA5FEA9FEAEFEB2FEB7FEBBFEC0FE4E
:1082C000C4FEC9FECDFED2FED6FEDBFEDFFEE4FE1E
:1082D000E8FEEDFEF1FEF6FEFAFEFFFE03FF08FFEC
:1082E0000CFF11FF15FF1AFF1EFF23FF27FF2CFFB6
:1082F00030FF35FF39FF3EFF42FF47FF4BFF50FF86
:1083000054FF58FF5DFF61FF66FF6AFF6FFF73FF59
:1083100078FF7CFF80FF85FF89FF8EFF92FF96FF2D
:108320009BFF9FFFA4FFA8FFADFFB1FFB5FFBAFF02
:10833000BEFFC3FFC7FFCBFFD0FFD4FFD8FFDDFFD9
:10834000E1FFE6FFEAFFEEFFF3FFF7FFFBFF0000B0
:10835000040009000D00110016001A001E00230081
:1083600027002B003000340038003D00410045005C
:108370004A004E00520057005B005F006400680036
:108380006C007000750079007D00820086008A0014
:108390008E00930097009B00A000A400A800AC00F2
:1083A000B100B500B900BD00C200C600CA00CF00D0
:1083B000D300D700DB00E000E400E800EC00F000B0
:1083C000F500F900FD00010106010A010E0112018C
:1083D00016011B011F01230127012C01300134016B
:1083E00038013C014001450149014D015101550150
:1083F0005A015E01620166016A016E017301770133
:108400007B017F01830187018C0190019401980118
:108410009C01A001A401A901AD01B101B501B901FF
:10842000BD01C101C501CA01CE01D201D601DA01E7
:10843000DE01E201E601EA01EF01F301F701FB01D0
:10844000FF01030207020B020F02130217021C02B4
:108450002002240228022C023002340238023C029C
:108460004002440248024C025002540258025C028C
:108470006002650269026D027102750279027D0275
:108480008102850289028D029102950299029D0264
:10849000A102A502A902AD02B102B502B902BD0254
:1084A000C102C502C902CD02D102D502D902DD0244
:1084B000E102E502E902ED02F002F402F802FC0238
:1084C0000003040308030C031003140318031C0324
:1084D0002003240328032C033003340337033B0316
:1084E0003F03430347034B034F03530357035B030C
:1084F0005F03630366036A036E03720376037A0302
:108500007E038203860389038D03910395039903F8
:108510009D03A103A503A803AC03B003B403B803F0
:10852000BC03C003C303C703CB03CF03D303D703E9
:10853000DA03DE03E203E603EA03EE03F103F503E5
:10854000F903FD030104050408040C0410041404D9
:1085500018041B041F04230427042B042E043204D4
:1085600036043A043E044104450449044D045104D0
:10857000540458045C046004630467046B046F04CF
:10858000720476047A047E048204850489048D04CE
:108590009104940498049C049F04A304A704AB04CE
:1085A000AE04B204B604BA04BD04C104C504C804D0
:1085B000CC04D004D404D704DB04DF04E204E604D2
:1085C000EA04EE04F104F504F904FC0400050405D2
:1085D00007050B050F05120516051A051D052105D2
:1085E000250528052C053005330537053B053E05D7
:1085F0004205460549054D055105540558055C05DC
:108600005F05630567056A056E05710575057905E2
:108610007C058005840587058B058E0592059605EA
:1086200099059D05A005A405A805AB05AF05B205F4
:10863000B605BA05BD05C105C405C805CC05CF05FD
:10864000D305D605DA05DE05E105E505E805EC0507
:10865000EF0514FE19FE1DFE22FE27FE2BFE30FE46
:1086600034FE39FE3EFE42FE47FE4BFE50FE55FEF6
:1086700059FE5EFE62FE67FE6BFE70FE75FE79FEC1
:108680007EFE82FE87FE8BFE90FE94FE99FE9EFE8D
:10869000A2FEA7FEABFEB0FEB4FEB9FEBDFEC2FE5A
:1086A000C6FECBFECFFED4FED8FEDDFEE1FEE6FE2A
:1086B000EAFEEFFEF3FEF8FEFCFE01FF05FF0AFFF7
:1086C0000EFF13FF17FF1CFF20FF25FF29FF2EFFC2
:1086D00032FF37FF3BFF40FF44FF48FF4DFF51FF94
:1086E00056FF5AFF5FFF63FF68FF6CFF70FF75FF67
:1086F00079FF7EFF82FF87FF8BFF8FFF94FF98FF3C
:108700009DFFA1FFA6FFAAFFAEFFB3FFB7FFBCFF0F
:10871000C0FFC4FFC9FFCDFFD1FFD6FFDAFFDFFFE7
:10872000E3FFE7FFECFFF0FFF4FFF9FFFDFF0200BE
:1087300006000A000F00130017001C002000240090
:1087400029002D00310036003A003E00430047006A
:108750004B005000540058005D00610065006A0045
:108760006E00720076007B007F00830088008C0022
:108770009000950099009D00A100A600AA00AE00FF
:10878000B200B700BB00BF00C400C800CC00D000DE
:10879000D500D900DD00E100E600EA00EE00F200BD
:1087A000F600FB00FF00030107010C01100114019A
:1087B00018011D012101250129012D013201360178
:1087C0003A013E01420147014B014F01530157015C
:1087D0005B016001640168016C0170017501790140
:1087E0007D018101850189018D01920196019A0126
:1087F0009E01A201A601AB01AF01B301B701BB010C
:10880000BF01C301C701CC01D001D401D801DC01F3
:10881000E001E401E801EC01F101F501F901FD01DC
:108820000102050209020D02110215021A021E02BE
:10883000220226022A022E02320236023A023E02A8
:10884000420246024A024E02520257025B025F0295
:10885000630267026B026F02730277027B027F0280
:10886000830287028B028F02930297029B029F0270
:10887000A302A702AB02AF02B302B702BB02BF0260
:10888000C302C702CB02CF02D302D702DB02DF0250
:10889000E302E702EB02EF02F302F702FB02FF0240
:1088A000030307030B030F03130317031A031E032A
:1088B000220326032A032E03320336033A033E0320
:1088C000420346034A034E035203550359035D0313
:1088D0006103650369036D037103750379037D0308
:1088E0008003840388038C039003940398039C0300
:1088F000A003A303A703AB03AF03B303B703BB03F7
:10890000BF03C203C603CA03CE03D203D603DA03EE
:10891000DD03E103E503E903ED03F103F403F803E9
:10892000FC030004040408040B040F0413041704DC
:108930001B041F04220426042A042E0432043504D6
:1089400039043D044104450448044C0450045404D3
:1089500058045B045F04630467046A046E047204D1
:1089600076047A047D048104850489048C049004CF
:10897000940498049B049F04A304A704AA04AE04CF
:10898000B204B604B904BD04C104C504C804CC04CF
:10899000D004D304D704DB04DF04E204E604EA04D1
:1089A000ED04F104F504F904FC04000504050705D1
:1089B0000B050F05120516051A051E0521052505CF
:1089C00029052C053005340537053B053F054205D3
:1089D00046054A054D055105550558055C056005D8
:1089E000630567056B056E057205750579057D05DF
:1089F0008005840588058B058F05930596059A05E6
:108A00009D05A105A505A805AC05B005B305B705ED
:108A1000BA05BE05C205C505C905CC05D005D405F6
:108A2000D705DB05DE05E205E505E905ED05F00501
:108A3000F405F705FB05FF05020606062DFE32FECE
:108A400037FE3BFE40FE44FE49FE4DFE52FE57FE01
:108A50005BFE60FE64FE69FE6DFE72FE76FE7BFECE
:108A600080FE84FE89FE8DFE92FE96FE9BFE9FFE9A
:108A7000A4FEA8FEADFEB2FEB6FEBBFEBFFEC4FE67
:108A8000C8FECDFED1FED6FEDAFEDFFEE3FEE8FE36
:108A9000ECFEF1FEF5FEFAFEFEFE03FF07FF0CFF03
:108AA00010FF15FF19FF1EFF22FF26FF2BFF2FFFD0
:108AB00034FF38FF3DFF41FF46FF4AFF4FFF53FFA2
:108AC00058FF5CFF60FF65FF69FF6EFF72FF77FF75
:108AD0007BFF7FFF84FF88FF8DFF91FF96FF9AFF4A
:108AE0009EFFA3FFA7FFACFFB0FFB4FFB9FFBDFF20
:108AF000C2FFC6FFCAFFCFFFD3FFD7FFDCFFE0FFF7
:108B0000E5FFE9FFEDFFF2FFF6FFFAFFFFFF0300CD
:108B100008000C001000150019001D00220026009E
:108B20002A002F00330037003C0040004400490079
:108B30004D00510056005A005E00630067006B0054
:108B40006F00740078007C008100850089008E0031
:108B5000920096009A009F00A300A700AC00B0000E
:108B6000B400B800BD00C100C500C900CE00D200ED
:108B7000D600DA00DF00E300E700EB00F000F400CD
:108B8000F800FC000101050109010D0112011601A7
:108B90001A011E01220127012B012F013301370188
:108BA0003C014001440148014C015101550159016A
:108BB0005D01610166016A016E01720176017A014F
:108BC0007F01830187018B018F01930198019C0133
:108BD000A001A401A801AC01B001B501B901BD011A
:108BE000C101C501C901CD01D201D601DA01DE0101
:108BF000E201E601EA01EE01F201F701FB01FF01EA
:108C0000030207020B020F02130217021B022002CB
:108C1000240228022C023002340238023C024002B4
:108C2000440248024C025002540259025D026102A1
:108C3000650269026D027102750279027D0281028C
:108C4000850289028D029102950299029D02A1027C
:108C5000A502A902AD02B102B502B902BD02C1026C
:108C6000C502C902CD02D102D502D902DD02E1025C
:108C7000E502E902ED02F102F502F902FD0201034B
:108C8000050309030D031103150319031D03210334
:108C9000250329032D033103350338033C03400327
:108CA000440348034C035003540358035C0360031C
:108CB000640368036C036F03730377037B037F0311
:108CC000830387038B038F03930397039A039E0306
:108CD000A203A603AA03AE03B203B603B903BD03FE
:108CE000C103C503C903CD03D103D503D803DC03F6
:108CF000E003E403E803EC03F003F303F703FB03EF
:108D0000FF03030407040A040E04120416041A04E1
:108D10001E042104250429042D04310435043804DB
:108D20003C044004440448044B044F0453045704D7
:108D30005B045E04620466046A046E0471047504D4
:108D400079047D048004840488048C0490049304D2
:108D500097049B049F04A204A604AA04AE04B104D1
:108D6000B504B904BD04C004C404C804CC04CF04D1
:108D7000D304D704DB04DE04E204E604EA04ED04D1
:108D8000F104F504F804FC040005040507050B05CF
:108D90000F05120516051A051D05210525052905CE
:108DA0002C053005340537053B053F0542054605D2
:108DB0004A054D055105550558055C0560056305D7
:108DC00067056B056E057205760579057D058105DC
:108DD000840588058C058F05930597059A059E05E2
:108DE000A105A505A905AC05B005B405B705BB05EA
:108DF000BE05C205C605C905CD05D105D405D805F2
:108E0000DB05DF05E305E605EA05ED05F105F505FA
:108E1000F805FC05FF05030606060A060E06110600
:108E2000150618061C0646FE4BFE4FFE54FE58FE65
:108E30005DFE61FE66FE6BFE6FFE74FE78FE7DFEDB
:108E400081FE86FE8AFE8FFE94FE98FE9DFEA1FEA8
:108E5000A6FEAAFEAFFEB3FEB8FEBCFEC1FEC5FE76
:108E6000CAFECEFED3FED7FEDCFEE0FEE5FEE9FE46
:108E7000EEFEF2FEF7FEFBFE00FF04FF09FF0DFF12
:108E800012FF16FF1BFF1FFF24FF28FF2DFF31FFDE
:108E900035FF3AFF3EFF43FF47FF4CFF50FF55FFB2
:108EA00059FF5DFF62FF66FF6BFF6FFF74FF78FF86
:108EB0007CFF81FF85FF8AFF8EFF93FF97FF9BFF5B
:108EC000A0FFA4FFA9FFADFFB1FFB6FFBAFFBFFF30
:108ED000C3FFC7FFCCFFD0FFD5FFD9FFDDFFE2FF07
:108EE000E6FFEAFFEFFFF3FFF8FFFCFF00000500DD
:108EF00009000D00120016001A001F0023002700B1
:108F00002C003000340039003D00410046004A008A
:108F10004E00530057005B006000640068006D0065
:108F2000710075007A007E00820086008B008F0041
:108F3000930098009C00A000A400A900AD00B1001F
:108F4000B600BA00BE00C200C700CB00CF00D300FD
:108F5000D800DC00E000E400E900ED00F100F500DD
:108F6000FA00FE00020106010B010F0113011701B7
:108F70001B012001240128012C0131013501390197
:108F80003D01410146014A014E01520156015B017A
:108F90005F01630167016B016F01740178017C015E
:108FA0008001840189018D019101950199019D0143
:108FB000A101A601AA01AE01B201B601BA01BF0129
:108FC000C301C701CB01CF01D301D701DB01E00110
:108FD000E401E801EC01F001F401F801FC010102F7
:108FE000050209020D021102150219021D022102D9
:108FF000250229022E02320236023A023E024202C3
:1090000046024A024E02520256025A025E026202B0
:1090100067026B026F02730277027B027F02830298
:1090200087028B028F02930297029B029F02A30288
:10903000A702AB02AF02B302B702BB02BF02C30278
:10904000C702CB02CF02D302D702DB02DF02E30268
:10905000E702EB02EF02F302F702FB02FF02030357
:1090600007030B030F03130317031B031F03230340
:1090700027032B032F03330337033B033F03430330
:1090800047034B034E03520356035A035E03620326
:1090900066036A036E03720376037A037E03820318
:1090A000850389038D039103950399039D03A10310
:1090B000A503A903AC03B003B403B803BC03C00306
:1090C000C403C803CC03CF03D303D703DB03DF03FD
:1090D000E303E703EB03EE03F203F603FA03FE03F5
:1090E0000204060409040D041104150419041D04E6
:1090F0002004240428042C043004340437043B04E2
:109100003F04430447044A044E04520456045A04DC
:109110005E046104650469046D04710474047804D8
:109120007C048004840487048B048F0493049604D5
:109130009A049E04A204A604A904AD04B104B504D3
:10914000B804BC04C004C404C704CB04CF04D304D3
:10915000D604DA04DE04E204E504E904ED04F104D3
:10916000F404F804FC04FF04030507050B050E05D1
:10917000120516051A051D052105250528052C05CE
:109180003005330537053B053F05420546054A05D1
:109190004D055105550558055C05600563056705D6
:1091A0006B056E057205760579057D0581058405DB
:1091B00088058C058F05930597059A059E05A205E0
:1091C000A505A905AD05B005B405B705BB05BF05E7
:1091D000C205C605CA05CD05D105D505D805DC05EE
:1091E000DF05E305E705EA05EE05F105F505F905F7
:1091F000FC050006030607060B060E0612061506FA
:1092000019061D062006240627062B062F06320601
:109210005FFE63FE68FE6CFE71FE75FE7AFE7EFEEA
:1092200083FE87FE8CFE91FE95FE9AFE9EFEA3FEB7
:10923000A7FEACFEB0FEB5FEB9FEBEFEC2FEC7FE86
:10924000CBFED0FED4FED9FEDDFEE2FEE6FEEBFE56
:10925000EFFEF4FEF8FEFDFE01FF06FF0AFF0FFF22
:1092600013FF18FF1CFF21FF25FF29FF2EFF32FFF0
:1092700037FF3BFF40FF44FF49FF4DFF52FF56FFC2
:109280005AFF5FFF63FF68FF6CFF71FF75FF79FF97
:109290007EFF82FF87FF8BFF90FF94FF98FF9DFF6B
:1092A000A1FFA6FFAAFFAEFFB3FFB7FFBCFFC0FF41
:1092B000C4FFC9FFCDFFD2FFD6FFDAFFDFFFE3FF18
:1092C000E7FFECFFF0FFF5FFF9FFFDFF02000600EE
:1092D0000A000F00130017001C00200024002900C2
:1092E0002D00310036003A003E00430047004B009D
:1092F0005000540058005D00610065006A006E0077
:10930000720077007B007F00830088008C00900053
:10931000950099009D00A200A600AA00AE00B3002F
:10932000B700BB00BF00C400C800CC00D100D5000E
:10933000D900DD00E200E600EA00EE00F300F700ED
:10934000FB00FF00040108010C01100114011901C8
:109350001D01210125012A012E01320136013A01A8
:109360003F01430147014B014F01540158015C018A
:109370006001640169016D017101750179017D016F
:10938000820186018A018E01920197019B019F0152
:10939000A301A701AB01AF01B401B801BC01C00139
:1093A000C401C801CC01D101D501D901DD01E10120
:1093B000E501E901EE01F201F601FA01FE01020206
:1093C00006020A020E02130217021B021F022302E8
:1093D00027022B022F02330237023B0240024402D3
:1093E00048024C025002540258025C0260026402BD
:1093F00068026C027002740279027D0281028502A9
:1094000089028D029102950299029D02A102A50294
:10941000A902AD02B102B502B902BD02C102C50284
:10942000C902CD02D102D502D902DD02E102E50274
:10943000E902ED02F102F502F902FD020103050362
:1094400009030D031103150319031D03210325034C
:1094500029032D033103350339033D03410345033C
:1094600049034D035103550358035C036003640330
:1094700068036C037003740378037C038003840324
:1094800088038C039003930397039B039F03A30319
:10949000A703AB03AF03B303B703BB03BE03C2030E
:1094A000C603CA03CE03D203D603DA03DD03E10306
:1094B000E503E903ED03F103F503F903FC030004FD
:1094C000040408040C041004140417041B041F04EF
:1094D000230427042B042F04320436043A043E04E8
:1094E0004204460449044D045104550459045C04E3
:1094F0006004640468046C047004730477047B04DF
:109500007F04830486048A048E04920496049904DA
:109510009D04A104A504A804AC04B004B404B804D8
:10952000BB04BF04C304C704CA04CE04D204D604D7
:10953000D904DD04E104E504E804EC04F004F404D7
:10954000F704FB04FF04030506050A050E051205D2
:10955000150519051D052105240528052C052F05D0
:10956000330537053B053E054205460549054D05D2
:109570005105540558055C056005630567056B05D5
:109580006E057205760579057D05810584058805DA
:109590008C058F05930597059A059E05A205A505DF
:1095A000A905AD05B005B405B805BB05BF05C305E4
:1095B000C605CA05CD05D105D505D805DC05E005EC
:1095C000E305E705EB05EE05F205F505F905FD05F3
:1095D0000006040607060B060F06120616061A06F4
:1095E0001D062106240628062B062F0633063606FE
:1095F0003A063D0641064506480677FE7BFE80FE9C
:1096000084FE89FE8DFE92FE97FE9BFEA0FEA4FEC8
:10961000A9FEADFEB2FEB6FEBBFEBFFEC4FEC8FE96
:10962000CDFED1FED6FEDAFEDFFEE3FEE8FEECFE66
:10963000F1FEF5FEFAFEFEFE03FF07FF0BFF10FF33
:1096400014FF19FF1DFF22FF26FF2BFF2FFF34FF02
:1096500038FF3DFF41FF45FF4AFF4EFF53FF57FFD5
:109660005CFF60FF65FF69FF6DFF72FF76FF7BFFA8
:109670007FFF84FF88FF8CFF91FF95FF9AFF9EFF7D
:10968000A2FFA7FFABFFB0FFB4FFB8FFBDFFC1FF54
:10969000C6FFCAFFCEFFD3FFD7FFDBFFE0FFE4FF2B
:1096A000E9FFEDFFF1FFF6FFFAFFFEFF0300070001
:1096B0000C001000140019001D00210026002A00D3
:1096C0002E00330037003B004000440048004D00AE
:1096D000510055005A005E00620067006B006F0089
:1096E000730078007C008000850089008D00920066
:1096F00096009A009E00A300A700AB00B000B40043
:10970000B800BC00C100C500C900CD00D200D60021
:10971000DA00DF00E300E700EB00F000F400F800FF
:10972000FC000101050109010D01110116011A01D9
:109730001E01220127012B012F01330137013C01BA
:109740004001440148014D015101550159015D019C
:10975000620166016A016E01720176017B017F017F
:10976000830187018B019001940198019C01A00164
:10977000A401A901AD01B101B501B901BD01C1014A
:10978000C601CA01CE01D201D601DA01DE01E30130
:10979000E701EB01EF01F301F701FB01FF01040217
:1097A00008020C021002140218021C0220022402F9
:1097B00029022D023102350239023D0241024502E1
:1097C00049024D02510256025A025E0262026602CC
:1097D0006A026E02720276027A027E0282028602B9
:1097E0008A028E02930297029B029F02A302A702A3
:1097F000AB02AF02B302B702BB02BF02C302C70291
:10980000CB02CF02D302D702DB02DF02E302E70280
:10981000EB02EF02F302F702FB02FF02030307036E
:109820000B030F03130317031B031F032303270358
:109830002B032F03330337033B033F034303470348
:109840004B034F03530357035B035E03620366033B
:109850006A036E03720376037A037E038203860330
:109860008A038E03920396039A039D03A103A50323
:10987000A903AD03B103B503B903BD03C103C50318
:10988000C803CC03D003D403D803DC03E003E40310
:10989000E803EB03EF03F303F703FB03FF03030406
:1098A00007040A040E04120416041A041E042204F7
:1098B000260429042D043104350439043D044004F0
:1098C000440448044C045004540457045B045F04EB
:1098D000630467046B046E04720476047A047E04E5
:1098E0008204850489048D049104950498049C04E1
:1098F000A004A404A804AB04AF04B304B704BA04DE
:10990000BE04C204C604CA04CD04D104D504D904DB
:10991000DC04E004E404E804EB04EF04F304F704DB
:10992000FB04FE04020506050A050D0511051505D3
:1099300018051C052005240527052B052F053305D3
:1099400036053A053E054105450549054D055005D5
:10995000540558055B055F05630567056A056E05D7
:109960007205750579057D058005840588058C05DA
:109970008F05930597059A059E05A205A505A905DE
:10998000AD05B005B405B805BB05BF05C305C605E3
:10999000CA05CE05D105D505D805DC05E005E305EA
:1099A000E705EB05EE05F205F605F905FD050006F0
:1099B000040608060B060F06130616061A061D06F1
:1099C0002106250628062C062F06330637063A06FA
:1099D0003E064106450649064C0650065306570604
:1099E0005B065E068FFE93FE98FE9CFEA1FEA5FE22
:1099F000AAFEAEFEB3FEB7FEBCFEC0FEC5FEC9FEAB
:109A0000CEFED2FED7FEDBFEE0FEE4FEE9FEEDFE7A
:109A1000F2FEF6FEFBFEFFFE04FF08FF0DFF11FF46
:109A200016FF1AFF1FFF23FF27FF2CFF30FF35FF14
:109A300039FF3EFF42FF47FF4BFF4FFF54FF58FFE8
:109A40005DFF61FF66FF6AFF6FFF73FF77FF7CFFBB
:109A500080FF85FF89FF8DFF92FF96FF9BFF9FFF91
:109A6000A4FFA8FFACFFB1FFB5FFB9FFBEFFC2FF67
:109A7000C7FFCBFFCFFFD4FFD8FFDDFFE1FFE5FF3E
:109A8000EAFFEEFFF2FFF7FFFBFF00000400080013
:109A90000D00110015001A001E00220027002B00E7
:109AA0002F00340038003C004100450049004E00C2
:109AB000520056005B005F00630068006C0070009D
:109AC000750079007D00810086008A008E00930079
:109AD00097009B00A000A400A800AC00B100B50056
:109AE000B900BE00C200C600CA00CF00D300D70034
:109AF000DB00E000E400E800EC00F100F500F90014
:109B0000FD00020106010A010E01130117011B01EC
:109B10001F01240128012C013001340139013D01CC
:109B2000410145014A014E01520156015A015F01AE
:109B3000630167016B016F01740178017C01800191
:109B4000840188018D019101950199019D01A10177
:109B5000A601AA01AE01B201B601BA01BF01C3015B
:109B6000C701CB01CF01D301D801DC01E001E40141
:109B7000E801EC01F001F401F901FD010102050227
:109B800009020D02110215021A021E022202260209
:109B90002A022E02320236023A023F0243024702F2
:109BA0004B024F02530257025B025F0263026702DD
:109BB0006B027002740278027C02800284028802C6
:109BC0008C029002940298029C02A002A402A802B5
:109BD000AC02B002B402B902BD02C102C502C902A0
:109BE000CD02D102D502D902DD02E102E502E9028D
:109BF000ED02F102F502F902FD020103050309037A
:109C00000D031103150319031D0321032503290364
:109C10002D033103350339033D0341034503490354
:109C20004D035103550358035C0360036403680349
:109C30006C037003740378037C038003840388033C
:109C40008C039003940398039C03A003A303A7032E
:109C5000AB03AF03B303B703BB03BF03C303C70324
:109C6000CB03CF03D203D603DA03DE03E203E6031A
:109C7000EA03EE03F203F603F903FD03010405040E
:109C800009040D041104150418041C042004240400
:109C900028042C043004330437043B043F044304F9
:109CA00047044B044E04520456045A045E046204F2
:109CB000650469046D047104750479047C048004EE
:109CC000840488048C049004930497049B049F04E8
:109CD000A304A604AA04AE04B204B604B904BD04E5
:109CE000C104C504C904CC04D004D404D804DC04E1
:109CF000DF04E304E704EB04EE04F204F604FA04E0
:109D0000FD040105050509050C05100514051805D8
:109D10001B051F05230527052A052E0532053605D7
:109D200039053D054105450548054C0550055405D7
:109D300057055B055F05620566056A056E057105D9
:109D4000750579057C058005840587058B058F05DC
:109D5000930596059A059E05A105A505A905AC05DF
:109D6000B005B405B705BB05BF05C205C605CA05E4
:109D7000CD05D105D505D805DC05E005E305E705EA
:109D8000EB05EE05F205F605F905FD0501060406ED
:109D900008060B060F06130616061A061E062106EF
:109DA000250628062C063006330637063B063E06F7
:109DB0004206450649064D065006540657065B0600
:109DC0005F066206660669066D0671067406A7FEE2
:109DD000ABFEB0FEB4FEB9FEBDFEC2FEC6FECBFEBB
:109DE000CFFED4FED8FEDDFEE1FEE5FEEAFEEEFE8D
:109DF000F3FEF7FEFCFE00FF05FF09FF0EFF12FF5A
:109E000017FF1BFF20FF24FF29FF2DFF31FF36FF27
:109E10003AFF3FFF43FF48FF4CFF51FF55FF59FFFB
:109E20005EFF62FF67FF6BFF70FF74FF78FF7DFFCF
:109E300081FF86FF8AFF8EFF93FF97FF9CFFA0FFA5
:109E4000A4FFA9FFADFFB2FFB6FFBAFFBFFFC3FF7C
:109E5000C8FFCCFFD0FFD5FFD9FFDEFFE2FFE6FF52
:109E6000EBFFEFFFF3FFF8FFFCFF00000500090028
:109E70000E00120016001B001F00230028002C00FB
:109E80003000350039003D00420046004A004F00D6
:109E9000530057005C006000640069006D007100B1
:109EA00076007A007E00820087008B008F0094008D
:109EB00098009C00A100A500A900AD00B200B6006A
:109EC000BA00BF00C300C700CB00D000D400D80048
:109ED000DC00E100E500E900ED00F200F600FA0028
:109EE000FE00030107010B010F01140118011C0101
:109EF0002001250129012D01310135013A013E01E1
:109F0000420146014B014F01530157015B016001C2
:109F1000640168016C017001750179017D018101A5
:109F200085018A018E01920196019A019E01A30189
:109F3000A701AB01AF01B301B701BC01C001C4016E
:109F4000C801CC01D001D501D901DD01E101E50154
:109F5000E901ED01F201F601FA01FE010202060239
:109F60000A020E02130217021B021F02230227021B
:109F70002B022F02340238023C0240024402480203
:109F80004C025002540258025D02610265026902ED
:109F90006D027102750279027D02810285028902D9
:109FA0008D02910296029A029E02A202A602AA02C3
:109FB000AE02B202B602BA02BE02C202C602CA02B1
:109FC000CE02D202D602DA02DE02E202E602EA02A1
:109FD000EE02F202F602FA02FF02030307030B038A
:109FE0000F03130317031B031F03230327032B0371
:109FF0002F03330337033A033E03420346034A0366
:10A000004E03520356035A035E03620366036A0358
:10A010006E03720376037A037E03820386038A0348
:10A020008E03920396039A039E03A103A503A9033B
:10A03000AD03B103B503B903BD03C103C503C90330
:10A04000CD03D103D403D803DC03E003E403E80326
:10A05000EC03F003F403F803FC03FF030304070419
:10A060000B040F04130417041B041F04220426040A
:10A070002A042E04320436043A043D044104450403
:10A0800049044D045104550458045C0460046404FC
:10A0900068046C047004730477047B047F048304F5
:10A0A00087048A048E04920496049A049E04A104F0
:10A0B000A504A904AD04B104B404B804BC04C004EC
:10A0C000C404C704CB04CF04D304D704DA04DE04E9
:10A0D000E204E604EA04ED04F104F504F904FC04E6
:10A0E0000005040508050C050F05130517051B05DC
:10A0F0001E05220526052A052D05310535053905DC
:10A100003C054005440548054B054F0553055705DB
:10A110005A055E056205650569056D0571057405DD
:10A1200078057C058005830587058B058E059205DE
:10A13000960599059D05A105A505A805AC05B005E1
:10A14000B305B705BB05BE05C205C605C905CD05E6
:10A15000D105D505D805DC05E005E305E705EB05E8
:10A16000EE05F205F605F905FD05000604060806EC
:10A170000B060F06130616061A061E0621062506EE
:10A1800029062C063006330637063B063E064206F5
:10A19000460649064D065006540658065B065F06FD
:10A1A000630666066A066D067106750678067C0605
:10A1B0007F06830687068A06BEFEC3FEC7FECCFE68
:10A1C000D0FED5FED9FEDEFEE2FEE6FEEBFEEFFEA1
:10A1D000F4FEF8FEFDFE01FF06FF0AFF0FFF13FF6E
:10A1E00018FF1CFF21FF25FF29FF2EFF32FF37FF3D
:10A1F0003BFF40FF44FF49FF4DFF51FF56FF5AFF11
:10A200005FFF63FF68FF6CFF70FF75FF79FF7EFFE4
:10A2100082FF87FF8BFF8FFF94FF98FF9DFFA1FFB9
:10A22000A5FFAAFFAEFFB3FFB7FFBBFFC0FFC4FF90
:10A23000C9FFCDFFD1FFD6FFDAFFDEFFE3FFE7FF67
:10A24000ECFFF0FFF4FFF9FFFDFF010006000A003C
:10A250000E00130017001B002000240029002D0011
:10A26000310036003A003E00430047004B005000EA
:10A27000540058005D006100650069006E007200C6
:10A2800076007B007F00830088008C0090009500A2
:10A2900099009D00A100A600AA00AE00B300B7007F
:10A2A000BB00BF00C400C800CC00D100D500D9005D
:10A2B000DD00E200E600EA00EE00F300F700FB003C
:10A2C000FF00040108010C011001150119011D0115
:10A2D000210126012A012E01320136013B013F01F5
:10A2E000430147014C015001540158015C016101D7
:10A2F000650169016D01710176017A017E018201BA
:10A3000086018B018F01930197019B01A001A4019C
:10A31000A801AC01B001B401B901BD01C101C50181
:10A32000C901CD01D201D601DA01DE01E201E60167
:10A33000EA01EF01F301F701FB01FF01030207024C
:10A340000C021002140218021C022002240228022D
:10A350002D023102350239023D0241024502490215
:10A360004D02510256025A025E02620266026A02FF
:10A370006E02720276027A027E02830287028B02EA
:10A380008F02930297029B029F02A302A702AB02D5
:10A39000AF02B302B702BB02BF02C402C802CC02C2
:10A3A000D002D402D802DC02E002E402E802EC02AD
:10A3B000F002F402F802FC020003040308030C0399
:10A3C0001003140318031C032003240328032C0385
:10A3D0003003340338033C034003440348034C0375
:10A3E0005003540358035C036003640368036C0365
:10A3F0007003740378037C038003840388038C0355
:10A400009003940397039B039F03A303A703AB034A
:10A41000AF03B303B703BB03BF03C303C703CB033C
:10A42000CF03D303D603DA03DE03E203E603EA0332
:10A43000EE03F203F603FA03FE0301040504090424
:10A440000D041104150419041D0421042504280415
:10A450002C043004340438043C044004440447040D
:10A460004B044F04530457045B045F046204660406
:10A470006A046E04720476047A047D0481048504FF
:10A4800089048D049104940498049C04A004A404F9
:10A49000A804AB04AF04B304B704BB04BF04C204F4
:10A4A000C604CA04CE04D204D504D904DD04E104F0
:10A4B000E504E804EC04F004F404F804FB04FF04ED
:10A4C000030507050B050E05120516051A051D05E2
:10A4D0002105250529052C053005340538053C05E1
:10A4E0003F05430547054B054E05520556055A05E0
:10A4F0005D056105650568056C05700574057705E2
:10A500007B057F05830586058A058E0591059505E2
:10A5100099059D05A005A405A805AB05AF05B305E4
:10A52000B705BA05BE05C205C505C905CD05D005E7
:10A53000D405D805DC05DF05E305E705EA05EE05EA
:10A54000F205F505F905FD050006040608060B06EB
:10A550000F06130616061A061E06210625062906EC
:10A560002C063006330637063B063E0642064606F4
:10A5700049064D065106540658065B065F066306FB
:10A5800066066A066E067106750678067C06800603
:10A59000830687068A068E069206950699069C060D
:10A5A000A006D5FEDAFEDEFEE3FEE7FEECFEF0FEE0
:10A5B000F5FEF9FEFEFE02FF07FF0BFF10FF14FF82
:10A5C00019FF1DFF21FF26FF2AFF2FFF33FF38FF52
:10A5D0003CFF41FF45FF49FF4EFF52FF57FF5BFF26
:10A5E00060FF64FF68FF6DFF71FF76FF7AFF7FFFFA
:10A5F00083FF87FF8CFF90FF95FF99FF9DFFA2FFD0
:10A60000A6FFABFFAFFFB3FFB8FFBCFFC1FFC5FFA5
:10A61000C9FFCEFFD2FFD6FFDBFFDFFFE4FFE8FF7D
:10A62000ECFFF1FFF5FFF9FFFEFF020006000B0053
:10A630000F00140018001C002100250029002E0026
:10A64000320036003B003F00430048004C00500001
:10A65000550059005D00620066006A006F007300DB
:10A6600077007B008000840088008D0091009500B9
:10A670009A009E00A200A600AB00AF00B300B80095
:10A68000BC00C000C400C900CD00D100D600DA0073
:10A69000DE00E200E700EB00EF00F300F800FC0052
:10A6A0000001040109010D01110115011A011E012A
:10A6B000220126012B012F01330137013C0140010A
:10A6C000440148014C015101550159015D016201EC
:10A6D00066016A016E01720177017B017F018301CE
:10A6E00087018C019001940198019C01A001A501B2
:10A6F000A901AD01B101B501BA01BE01C201C60196
:10A70000CA01CE01D301D701DB01DF01E301E7017B
:10A71000EB01F001F401F801FC010002040208025F
:10A720000D021102150219021D02210225022A0240
:10A730002E02320236023A023E02420246024A0229
:10A740004F02530257025B025F02630267026B0211
:10A750006F02730278027C028002840288028C02FB
:10A760009002940298029C02A002A402A802AD02E8
:10A77000B102B502B902BD02C102C502C902CD02D1
:10A78000D102D502D902DD02E102E502E902ED02C1
:10A79000F102F502F902FD02010306030A030E03AA
:10A7A000120316031A031E03220326032A032E0391
:10A7B000320336033A033E03420346034A034E0381
:10A7C000520356035A035E03620366036A036E0371
:10A7D0007203760379037D038103850389038D0367
:10A7E0009103950399039D03A103A503A903AD0359
:10A7F000B103B503B903BD03C103C503C903CD0349
:10A80000D003D403D803DC03E003E403E803EC0340
:10A81000F003F403F803FC030004030407040B042F
:10A820000F04130417041B041F04230427042A0421
:10A830002E04320436043A043E04420446044A0418
:10A840004D045104550459045D0461046504690410
:10A850006C047004740478047C0480048404870409
:10A860008B048F04930497049B049E04A204A60403
:10A87000AA04AE04B204B504B904BD04C104C504FD
:10A88000C904CC04D004D404D804DC04E004E304F8
:10A89000E704EB04EF04F304F604FA04FE040205F3
:10A8A000060509050D051105150518051C052005EA
:10A8B000240528052B052F05330537053A053E05E8
:10A8C000420546054A054D055105550559055C05E6
:10A8D0006005640568056B056F05730577057A05E6
:10A8E0007E058205860589058D05910594059805E7
:10A8F0009C05A005A305A705AB05AF05B205B605E8
:10A90000BA05BD05C105C505C905CC05D005D405E9
:10A91000D705DB05DF05E205E605EA05EE05F105ED
:10A92000F505F905FC050006040607060B060F06EB
:10A93000120616061A061D062106250628062C06EE
:10A940003006330637063B063E06420646064906F3
:10A950004D065006540658065B065F0663066606FB
:10A960006A066E067106750678067C068006830602
:10A9700087068B068E069206950699069D06A0060A
:10A98000A406A706AB06AF06B206B606EDFEF1FEBC
:10A99000F6FEFAFEFFFE03FF07FF0CFF10FF15FF98
:10A9A00019FF1EFF22FF27FF2BFF30FF34FF38FF68
:10A9B0003DFF41FF46FF4AFF4FFF53FF57FF5CFF3C
:10A9C00060FF65FF69FF6EFF72FF76FF7BFF7FFF11
:10A9D00084FF88FF8CFF91FF95FF9AFF9EFFA2FFE7
:10A9E000A7FFABFFB0FFB4FFB8FFBDFFC1FFC6FFBD
:10A9F000CAFFCEFFD3FFD7FFDBFFE0FFE4FFE9FF95
:10AA0000EDFFF1FFF6FFFAFFFEFF030007000C0069
:10AA10001000140019001D00210026002A002E003D
:10AA2000330037003B004000440048004D00510017
:10AA300055005A005E00620067006B006F007400F2
:10AA400078007C008100850089008D0092009600CE
:10AA50009A009F00A300A700AB00B000B400B800AC
:10AA6000BD00C100C500C900CE00D200D600DB0089
:10AA7000DF00E300E700EC00F000F400F800FD0068
:10AA80000101050109010E01120116011A011F0140
:10AA9000230127012B013001340138013C01410120
:10AAA000450149014D01510156015A015E01620102
:10AAB00067016B016F01730177017C0180018401E3
:10AAC00088018C019101950199019D01A101A601C7
:10AAD000AA01AE01B201B601BA01BF01C301C701AB
:10AAE000CB01CF01D301D801DC01E001E401E80191
:10AAF000EC01F101F501F901FD0101020502090274
:10AB00000E02120216021A021E02220226022B0254
:10AB10002F02330237023B023F02430247024C023C
:10AB20005002540258025C026002640268026C0225
:10AB30007002750279027D028102850289028D020E
:10AB40009102950299029D02A202A602AA02AE02F9
:10AB5000B202B602BA02BE02C202C602CA02CE02E5
:10AB6000D202D602DA02DE02E302E702EB02EF02D1
:10AB7000F302F702FB02FF02030307030B030F03B9
:10AB8000130317031B031F03230327032B032F03A5
:10AB9000330337033B033F03430347034B034F0395
:10ABA000530357035B035F03630367036B036F0385
:10ABB000730377037B037F03830387038B038F0375
:10ABC000930397039B039F03A303A703AB03AF0365
:10ABD000B303B703BB03BE03C203C603CA03CE035A
:10ABE000D203D603DA03DE03E203E603EA03EE034D
:10ABF000F203F603FA03FD030104050409040D043E
:10AC00001104150419041D042104250429042C042D
:10AC10003004340438043C044004440448044C0424
:10AC20004F04530457045B045F04630467046B041C
:10AC30006F04720476047A047E04820486048A0413
:10AC40008D049104950499049D04A104A504A8040D
:10AC5000AC04B004B404B804BC04BF04C304C70407
:10AC6000CB04CF04D304D604DA04DE04E204E60401
:10AC7000EA04ED04F104F504F904FD0400050405FB
:10AC800008050C051005130517051B051F052305F1
:10AC900026052A052E053205360539053D054105EF
:10ACA000450548054C055005540558055B055F05ED
:10ACB000630567056A056E057205760579057D05EC
:10ACC0008105850588058C059005940597059B05EC
:10ACD0009F05A305A605AA05AE05B205B505B905EC
:10ACE000BD05C005C405C805CC05CF05D305D705EE
:10ACF000DA05DE05E205E605E905ED05F105F405F1
:10AD0000F805FC05FF05030607060B060E061206EE
:10AD1000160619061D062106240628062C062F06EF
:10AD2000330637063A063E064206450649064D06F4
:10AD30005006540658065B065F06630666066A06FA
:10AD40006E067106750678067C0680068306870601
:10AD50008B068E069206960699069D06A006A40608
:10AD6000A806AB06AF06B206B606BA06BD06C10611
:10AD7000C506C806CC0604FF08FF0DFF11FF16FF2D
:10AD80001AFF1EFF23FF27FF2CFF30FF35FF39FF7F
:10AD90003DFF42FF46FF4BFF4FFF54FF58FF5DFF53
:10ADA00061FF65FF6AFF6EFF73FF77FF7BFF80FF28
:10ADB00084FF89FF8DFF91FF96FF9AFF9FFFA3FFFE
:10ADC000A7FFACFFB0FFB5FFB9FFBDFFC2FFC6FFD5
:10ADD000CBFFCFFFD3FFD8FFDCFFE0FFE5FFE9FFAC
:10ADE000EEFFF2FFF6FFFBFFFFFF030008000C0081
:10ADF0001000150019001E00220026002B002F0055
:10AE0000330038003C004000450049004D0052002E
:10AE100056005A005F00630067006C007000740009
:10AE200078007D00810085008A008E0092009700E6
:10AE30009B009F00A400A800AC00B000B500B900C2
:10AE4000BD00C200C600CA00CE00D300D700DB00A0
:10AE5000E000E400E800EC00F100F500F900FD007E
:10AE6000020106010A010E01130117011B011F0156
:10AE7000240128012C013001350139013D01410136
:10AE800046014A014E01520156015B015F01630117
:10AE900067016C017001740178017C0181018501F9
:10AEA00089018D01910196019A019E01A201A601DD
:10AEB000AB01AF01B301B701BB01BF01C401C801C0
:10AEC000CC01D001D401D801DD01E101E501E901A6
:10AED000ED01F101F601FA01FE01020206020A0289
:10AEE0000F02130217021B021F02230227022C0269
:10AEF0003002340238023C024002440248024D0251
:10AF00005102550259025D026102650269026D0239
:10AF1000720276027A027E02820286028A028E0221
:10AF2000920296029A029F02A302A702AB02AF020C
:10AF3000B302B702BB02BF02C302C702CB02CF02F9
:10AF4000D302D802DC02E002E402E802EC02F002E2
:10AF5000F402F802FC020003040308030C031003CC
:10AF6000140318031C032003240328032C033003B9
:10AF7000340338033D034103450349034D035103A3
:10AF8000550359035D036103650369036D03710391
:10AF9000750379037D038103850388038C03900384
:10AFA000940398039C03A003A403A803AC03B00379
:10AFB000B403B803BC03C003C403C803CC03D00369
:10AFC000D403D803DC03E003E403E803EC03EF035A
:10AFD000F303F703FB03FF03030407040B040F044D
:10AFE000130417041B041F04230426042A042E043C
:10AFF000320436043A043E04420446044A044E0431
:10B000005104550459045D046104650469046D0428
:10B010007104740478047C048004840488048C041F
:10B020009004930497049B049F04A304A704AB0417
:10B03000AE04B204B604BA04BE04C204C604C90411
:10B04000CD04D104D504D904DD04E004E404E8040B
:10B05000EC04F004F404F704FB04FF040305070503
:10B060000A050E05120516051A051E0521052505FA
:10B0700029052D053105340538053C0540054305F6
:10B0800047054B054F05530556055A055E056205F4
:10B09000660569056D057105750578057C058005F2
:10B0A000840587058B058F05930596059A059E05F2
:10B0B000A205A505A905AD05B105B405B805BC05F2
:10B0C000C005C305C705CB05CF05D205D605DA05F2
:10B0D000DD05E105E505E905EC05F005F405F705F5
:10B0E000FB05FF05030606060A060E0611061506F1
:10B0F00019061C062006240628062B062F063306F2
:10B1000036063A063E064106450649064C065006F6
:10B11000540657065B065F06620666066A066D06FB
:10B120007106750678067C068006830687068B0600
:10B130008E069206950699069D06A006A406A80608
:10B14000AB06AF06B306B606BA06BD06C106C5060F
:10B15000C806CC06D006D306D706DA06DE06E20617
:10B160001BFF1FFF23FF28FF2CFF31FF35FF3AFF96
:10B170003EFF43FF47FF4BFF50FF54FF59FF5DFF6A
:10B1800062FF66FF6AFF6FFF73FF78FF7CFF80FF3F
:10B1900085FF89FF8EFF92FF96FF9BFF9FFFA4FF15
:10B1A000A8FFACFFB1FFB5FFBAFFBEFFC2FFC7FFEC
:10B1B000CBFFD0FFD4FFD8FFDDFFE1FFE5FFEAFFC3
:10B1C000EEFFF2FFF7FFFBFF0000040008000D0098
:10B1D000110015001A001E00220027002B002F006E
:10B1E000340038003C004100450049004E00520048
:10B1F00056005B005F00630068006C007000750023
:10B2000079007D00820086008A008F0093009700FD
:10B210009C00A000A400A800AD00B100B500BA00D9
:10B22000BE00C200C600CB00CF00D300D800DC00B7
:10B23000E000E400E900ED00F100F500FA00FE0096
:10B24000020106010B010F01130118011C0120016D
:10B25000240129012D013101350139013E0142014D
:10B2600046014A014F01530157015B01600164012E
:10B2700068016C017001750179017D018101850111
:10B280008A018E01920196019A019F01A301A701F3
:10B29000AB01AF01B401B801BC01C001C401C901D7
:10B2A000CD01D101D501D901DD01E201E601EA01BB
:10B2B000EE01F201F601FB01FF01030207020B029E
:10B2C0000F02140218021C022002240228022C027F
:10B2D0003102350239023D024102450249024D0266
:10B2E000520256025A025E02620266026A026E024E
:10B2F000720277027B027F02830287028B028F0237
:10B30000930297029B02A002A402A802AC02B00220
:10B31000B402B802BC02C002C402C802CC02D1020C
:10B32000D502D902DD02E102E502E902ED02F102F5
:10B33000F502F902FD020103050309030D031103E0
:10B3400015031A031E03220326032A032E033203C6
:10B3500036033A033E03420346034A034E035203B5
:10B3600056035A035E03620366036A036E037203A5
:10B3700076037A037E03820386038A038E03920395
:10B3800096039A039E03A203A603AA03AE03B20385
:10B39000B603BA03BE03C203C603CA03CE03D20375
:10B3A000D503D903DD03E103E503E903ED03F1036D
:10B3B000F503F903FD030104050409040D04110458
:10B3C000150419041C042004240428042C0430044B
:10B3D000340438043C044004440448044B044F043F
:10B3E000530457045B045F04630467046B046F0435
:10B3F000720476047A047E04820486048A048E042D
:10B400009204950499049D04A104A504A904AD0423
:10B41000B104B404B804BC04C004C404C804CC041B
:10B42000CF04D304D704DB04DF04E304E604EA0416
:10B43000EE04F204F604FA04FD040105050509050D
:10B440000D051105140518051C0520052405280502
:10B450002B052F05330537053B053E0542054605FF
:10B460004A054E055105550559055D0561056405FB
:10B4700068056C057005730577057B057F058305F9
:10B4800086058A058E059205950599059D05A105F8
:10B49000A405A805AC05B005B305B705BB05BF05F8
:10B4A000C205C605CA05CE05D105D505D905DD05F8
:10B4B000E005E405E805EC05EF05F305F705FA05F9
:10B4C000FE050206060609060D06110614061806F4
:10B4D0001C062006230627062B062E0632063606F5
:10B4E00039063D064106450648064C0650065306F9
:10B4F00057065B065E066206660669066D067106FD
:10B50000740678067C067F06830687068A068E0602
:10B510009206950699069D06A006A406A806AB0607
:10B52000AF06B206B606BA06BD06C106C506C8060F
:10B53000CC06D006D306D706DA06DE06E206E50616
:10B54000E906ED06F006F406F70631FF36FF3AFF8E
:10B550003FFF43FF47FF4CFF50FF55FF59FF5EFF82
:10B5600062FF66FF6BFF6FFF74FF78FF7CFF81FF58
:10B5700085FF8AFF8EFF93FF97FF9BFFA0FFA4FF2D
:10B58000A9FFADFFB1FFB6FFBAFFBEFFC3FFC7FF04
:10B59000CCFFD0FFD4FFD9FFDDFFE1FFE6FFEAFFDC
:10B5A000EFFFF3FFF7FFFCFF0000040009000D00B0
:10B5B000110016001A001F00230027002C00300085
:10B5C000340039003D00410046004A004E0053005F
:10B5D00057005B006000640068006D00710075003A
:10B5E0007A007E00820086008B008F009300980016
:10B5F0009C00A000A500A900AD00B100B600BA00F3
:10B60000BE00C300C700CB00CF00D400D800DC00D0
:10B61000E100E500E900ED00F200F600FA00FF00AD
:10B62000030107010B011001140118011C01210184
:10B63000250129012D01320136013A013E01430164
:10B6400047014B014F01530158015C016001640146
:10B6500069016D017101750179017E018201860127
:10B660008A018F01930197019B019F01A401A80109
:10B67000AC01B001B401B901BD01C101C501C901ED
:10B68000CD01D201D601DA01DE01E201E701EB01D1
:10B69000EF01F301F701FB010002040208020C02B2
:10B6A0001002140218021D022102250229022D0295
:10B6B000310235023A023E02420246024A024E027C
:10B6C000520257025B025F02630267026B026F0263
:10B6D000730277027C028002840288028C0290024C
:10B6E000940298029C02A102A502A902AD02B10235
:10B6F000B502B902BD02C102C502C902CE02D20220
:10B70000D602DA02DE02E202E602EA02EE02F20209
:10B71000F602FA02FE02020306030A030F031303F2
:10B7200017031B031F03230327032B032F033303D9
:10B7300037033B033F03430347034B034F035303C9
:10B7400057035B035F03630367036B036F037303B9
:10B7500077037B037F03830387038B038F039303A9
:10B7600097039B039F03A303A703AB03AF03B30399
:10B77000B703BB03BF03C303C703CB03CF03D30389
:10B78000D703DB03DF03E303E703EB03EF03F30379
:10B79000F703FB03FF03030406040A040E04120468
:10B7A00016041A041E04220426042A042E04320459
:10B7B00036043A043E044104450449044D0451044E
:10B7C000550459045D046104650469046D04700442
:10B7D000740478047C048004840488048C04900439
:10B7E000930497049B049F04A304A704AB04AF0431
:10B7F000B304B604BA04BE04C204C604CA04CE0428
:10B80000D104D504D904DD04E104E504E904EC0421
:10B81000F004F404F804FC040005040507050B0516
:10B820000F05130517051B051E05220526052A050C
:10B830002E053105350539053D0541054505480508
:10B840004C055005540558055B055F056305670504
:10B850006B056E05720576057A057E058105850501
:10B8600089058D059005940598059C05A005A305FF
:10B87000A705AB05AF05B205B605BA05BE05C105FE
:10B88000C505C905CD05D005D405D805DC05DF05FE
:10B89000E305E705EB05EE05F205F605FA05FD05FE
:10B8A0000106050609060C061006140617061B06F7
:10B8B0001F06230626062A062E06310635063906F9
:10B8C0003D064006440648064B064F0653065706FB
:10B8D0005A065E066206650669066D0670067406FF
:10B8E00078067B067F06830686068A068E06910604
:10B8F000950699069C06A006A406A706AB06AF0609
:10B90000B206B606BA06BD06C106C506C806CC060E
:10B91000D006D306D706DA06DE06E206E506E90615
:10B92000ED06F006F406F706FB06FF06020706071B
:10B930000A070D0748FF4CFF51FF55FF5AFF5EFFF6
:10B9400062FF67FF6BFF70FF74FF79FF7DFF81FF70
:10B9500086FF8AFF8FFF93FF97FF9CFFA0FFA5FF45
:10B96000A9FFADFFB2FFB6FFBAFFBFFFC3FFC8FF1D
:10B97000CCFFD0FFD5FFD9FFDEFFE2FFE6FFEBFFF4
:10B98000EFFFF3FFF8FFFCFF0000050009000E00C9
:10B99000120016001B001F00230028002C0030009E
:10B9A000350039003D00420046004A004F00530078
:10B9B00057005C006000640069006D007100760053
:10B9C0007A007E00830087008B008F00940098002F
:10B9D0009C00A100A500A900AE00B200B600BB000B
:10B9E000BF00C300C700CC00D000D400D900DD00E8
:10B9F000E100E500EA00EE00F200F600FB00FF00C7
:10BA0000030108010C011001140119011D0121019C
:10BA100025012A012E01320136013B013F0143017C
:10BA200047014C015001540158015C01610165015D
:10BA300069016D01720176017A017E01820187013F
:10BA40008B018F01930198019C01A001A401A80121
:10BA5000AD01B101B501B901BD01C201C601CA0103
:10BA6000CE01D201D601DB01DF01E301E701EB01E9
:10BA7000F001F401F801FC010002040209020D02C8
:10BA80001102150219021D02210226022A022E02AB
:10BA9000320236023A023F02430247024B024F0291
:10BAA000530257025B026002640268026C02700279
:10BAB000740278027C028102850289028D02910261
:10BAC000950299029D02A102A602AA02AE02B2024A
:10BAD000B602BA02BE02C202C602CA02CE02D30235
:10BAE000D702DB02DF02E302E702EB02EF02F3021E
:10BAF000F702FB02FF02030307030C031003140306
:10BB000018031C032003240328032C0330033403ED
:10BB100038033C034003440348034C0350035403DD
:10BB200058035C036003640368036C0371037503CB
:10BB300079037D038103850389038D0391039503B5
:10BB400099039D03A103A503A903AD03B103B503A5
:10BB5000B903BD03C103C503C903CD03D003D40397
:10BB6000D803DC03E003E403E803EC03F003F4038D
:10BB7000F803FC030004040408040C041004140477
:10BB800018041C042004240428042C042F04330467
:10BB900037043B043F04430447044B044F0453045D
:10BBA00057045B045F04630466046A046E04720451
:10BBB00076047A047E04820486048A048E04910446
:10BBC000950499049D04A104A504A904AD04B1043D
:10BBD000B404B804BC04C004C404C804CC04D00435
:10BBE000D404D704DB04DF04E304E704EB04EF042C
:10BBF000F204F604FA04FE04020506050A050D0522
:10BC00001105150519051D052105240528052C0517
:10BC10003005340538053B053F05430547054B0511
:10BC20004F05520556055A055E056205650569050D
:10BC30006D057105750578057C0580058405880509
:10BC40008B058F05930597059B059E05A205A60507
:10BC5000AA05AE05B105B505B905BD05C005C40504
:10BC6000C805CC05CF05D305D705DB05DE05E20504
:10BC7000E605EA05EE05F105F505F905FD05000601
:10BC8000040608060B060F06130617061A061E06FC
:10BC90002206260629062D063106340638063C06FD
:10BCA0004006430647064B064F06520656065A06FE
:10BCB0005D066106650668066C0670067406770602
:10BCC0007B067F06820686068A068D069106950605
:10BCD00098069C06A006A306A706AB06AE06B2060B
:10BCE000B606B906BD06C106C406C806CC06CF0610
:10BCF000D306D706DA06DE06E206E506E906ED0615
:10BD0000F006F406F706FB06FF06020706070A0719
:10BD10000D071107150718071C071F0723075EFFEC
:10BD200063FF67FF6CFF70FF74FF79FF7DFF82FF89
:10BD300086FF8BFF8FFF93FF98FF9CFFA0FFA5FF5F
:10BD4000A9FFAEFFB2FFB6FFBBFFBFFFC4FFC8FF36
:10BD5000CCFFD1FFD5FFD9FFDEFFE2FFE7FFEBFF0E
:10BD6000EFFFF4FFF8FFFCFF010005000A000E00E2
:10BD7000120017001B001F00240028002C003100B7
:10BD8000350039003E00420046004B004F00530092
:10BD900058005C006000650069006D00720076006C
:10BDA0007A007F00830087008C0090009400980048
:10BDB0009D00A100A500AA00AE00B200B700BB0024
:10BDC000BF00C300C800CC00D000D500D900DD0002
:10BDD000E100E600EA00EE00F300F700FB00FF00E0
:10BDE000040108010C011001150119011D012101B7
:10BDF00026012A012E01330137013B013F01430196
:10BE000048014C015001540159015D016101650176
:10BE10006A016E01720176017B017F018301870156
:10BE20008B019001940198019C01A001A501A90139
:10BE3000AD01B101B501BA01BE01C201C601CA011D
:10BE4000CF01D301D701DB01DF01E401E801EC01FF
:10BE5000F001F401F801FD010102050209020D02E1
:10BE6000120216021A021E02220226022A022F02C1
:10BE7000330237023B023F02430248024C025002A7
:10BE8000540258025C026002640269026D0271028F
:10BE9000750279027D02810285028A028E02920277
:10BEA00096029A029E02A202A602AB02AF02B3025F
:10BEB000B702BB02BF02C302C702CB02CF02D3024A
:10BEC000D802DC02E002E402E802EC02F002F40232
:10BED000F802FC020003040308030D031103150319
:10BEE00019031D032103250329032D033103350302
:10BEF00039033D034103450349034D0351035503F2
:10BF00005A035E03620366036A036E0372037603D9
:10BF10007A037E03820386038A038E0392039603C9
:10BF20009A039E03A203A603AA03AE03B203B603B9
:10BF3000BA03BE03C203C603CA03CE03D203D603A9
:10BF4000DA03DE03E203E603EA03EE03F203F60399
:10BF5000FA03FE03020406040A040D041104150486
:10BF600019041D042104250429042D043104350479
:10BF700039043D044104450449044D045104550469
:10BF800058045C046004640468046C047004740461
:10BF900078047C048004840488048B048F04930454
:10BFA00097049B049F04A304A704AB04AF04B2044A
:10BFB000B604BA04BE04C204C604CA04CE04D20441
:10BFC000D504D904DD04E104E504E904ED04F10439
:10BFD000F404F804FC040005040508050C050F052D
:10BFE000130517051B051F05230527052A052E0523
:10BFF000320536053A053E054105450549054D051D
:10C000005105550558055C056005640568056C0516
:10C010006F05730577057B057F05820586058A0513
:10C020008E059205950599059D05A105A505A8050F
:10C03000AC05B005B405B805BB05BF05C305C7050C
:10C04000CB05CE05D205D605DA05DD05E105E5050A
:10C05000E905EC05F005F405F805FC05FF05030608
:10C0600007060B060E06120616061A061D06210600
:10C07000250628062C063006340637063B063F0602
:10C08000430646064A064E065206550659065D0602
:10C090006006640668066C066F06730677067A0605
:10C0A0007E068206850689068D0691069406980608
:10C0B0009C069F06A306A706AA06AE06B206B5060C
:10C0C000B906BD06C006C406C806CB06CF06D30611
:10C0D000D606DA06DE06E106E506E906EC06F00617
:10C0E000F406F706FB06FF06020706070A070D0718
:10C0F0001107150718071C071F07230727072A071B
:10C100002E0732073507390775FF79FF7EFF82FF5B
:10C1100086FF8BFF8FFF94FF98FF9CFFA1FFA5FF79
:10C12000AAFFAEFFB2FFB7FFBBFFC0FFC4FFC8FF4F
:10C13000CDFFD1FFD5FFDAFFDEFFE3FFE7FFEBFF27
:10C14000F0FFF4FFF8FFFDFF010005000A000E00FC
:10C15000130017001B002000240028002D003100D0
:10C1600035003A003E00420047004B004F005400AB
:10C1700058005C006100650069006E007200760086
:10C180007B007F00830088008C0090009500990060
:10C190009D00A100A600AA00AE00B300B700BB003E
:10C1A000C000C400C800CC00D100D500D900DE001A
:10C1B000E200E600EA00EF00F300F700FB000001F8
:10C1C000040108010D011101150119011E012201CF
:10C1D00026012A012F01330137013B0140014401AF
:10C1E00048014C015101550159015D01620166018F
:10C1F0006A016E01730177017B017F018301880170
:10C200008C019001940199019D01A101A501A90151
:10C21000AE01B201B601BA01BE01C301C701CB0133
:10C22000CF01D301D801DC01E001E401E801ED0117
:10C23000F101F501F901FD01010206020A020E02F7
:10C24000120216021A021F02230227022B022F02D9
:10C25000330238023C024002440248024C025002BF
:10C26000550259025D026102650269026D027202A5
:10C2700076027A027E02820286028A028E0293028D
:10C2800097029B029F02A302A702AB02AF02B40275
:10C29000B802BC02C002C402C802CC02D002D4025E
:10C2A000D802DD02E102E502E902ED02F102F50247
:10C2B000F902FD020103050309030E03120316032D
:10C2C0001A031E03220326032A032E033203360316
:10C2D0003A033E03420346034A034E035303570304
:10C2E0005B035F03630367036B036F0373037703EE
:10C2F0007B037F03830387038B038F0393039703DE
:10C300009B039F03A303A703AB03AF03B303B703CD
:10C31000BB03BF03C303C703CB03CF03D303D703BD
:10C32000DB03DF03E303E703EB03EF03F303F703AD
:10C33000FB03FF03030407040B040F041304170497
:10C340001B041F04230427042B042F043304370485
:10C350003B043E04420446044A044E04520456047C
:10C360005A045E04620466046A046E04720476046D
:10C370007A047D048104850489048D049104950464
:10C3800099049D04A104A504A904AC04B004B40458
:10C39000B804BC04C004C404C804CC04D004D3044E
:10C3A000D704DB04DF04E304E704EB04EF04F30445
:10C3B000F604FA04FE04020506050A050E05120538
:10C3C000150519051D052105250529052D0530052E
:10C3D000340538053C054005440548054B054F0527
:10C3E000530557055B055F05620566056A056E0521
:10C3F0007205760579057D058105850589058C051C
:10C400009005940598059C05A005A305A705AB0517
:10C41000AF05B305B605BA05BE05C205C605C90513
:10C42000CD05D105D505D805DC05E005E405E80511
:10C43000EB05EF05F305F705FA05FE05020606060E
:10C440000A060D061106150619061C062006240606
:10C4500028062B062F06330637063A063E06420606
:10C46000460649064D065106540658065C06600607
:10C47000630667066B066F06720676067A067D0609
:10C480008106850689068C069006940697069B060B
:10C490009F06A306A606AA06AE06B106B506B9060D
:10C4A000BC06C006C406C706CB06CF06D306D60612
:10C4B000DA06DE06E106E506E906EC06F006F40615
:10C4C000F706FB06FF06020706070A070D07110716
:10C4D000150718071C071F07230727072A072E071A
:10C4E0003207350739073D074007440747074B0721
:10C4F0004F078BFF90FF94FF98FF9DFFA1FFA5FFC3
:10C50000AAFFAEFFB3FFB7FFBBFFC0FFC4FFC9FF69
:10C51000CDFFD1FFD6FFDAFFDEFFE3FFE7FFECFF41
:10C52000F0FFF4FFF9FFFDFF010006000A000E0016
:10C53000130017001B002000240029002D003100EB
:10C5400036003A003E00430047004B0050005400C4
:10C5500058005D00610065006A006E00720077009F
:10C560007B007F00840088008C009000950099007B
:10C570009D00A200A600AA00AF00B300B700BC0057
:10C58000C000C400C800CD00D100D500DA00DE0034
:10C59000E200E600EB00EF00F300F800FC00000111
:10C5A000040109010D01110115011A011E012201E9
:10C5B00026012B012F01330138013C0140014401C8
:10C5C00049014D01510155015A015E0162016601A7
:10C5D0006A016F01730177017B0180018401880189
:10C5E0008C019101950199019D01A101A601AA016A
:10C5F000AE01B201B601BB01BF01C301C701CB014E
:10C60000D001D401D801DC01E001E501E901ED012F
:10C61000F101F501FA01FE01020206020A020F020F
:10C62000130217021B021F02230228022C023002EF
:10C63000340238023C024102450249024D025102D5
:10C64000550259025E02620266026A026E027202BC
:10C6500076027B027F02830287028B028F029302A3
:10C6600097029C02A002A402A802AC02B002B4028B
:10C67000B802BD02C102C502C902CD02D102D50273
:10C68000D902DD02E102E602EA02EE02F202F6025D
:10C69000FA02FE02020306030A030E031303170342
:10C6A0001B031F03230327032B032F03330337032A
:10C6B0003B033F03430347034B0350035403580317
:10C6C0005C036003640368036C0370037403780302
:10C6D0007C038003840388038C03900394039803F2
:10C6E0009C03A003A403A803AC03B003B403B803E2
:10C6F000BC03C003C403C803CC03D003D403D803D2
:10C70000DC03E003E403E803EC03F003F403F803C1
:10C71000FC030004040408040C04100414041804AA
:10C720001C042004240428042C0430043404380499
:10C730003C044004440448044C0450045404580489
:10C740005C046004640467046B046F04730477047E
:10C750007B047F04830487048B048F049304970471
:10C760009B049F04A204A604AA04AE04B204B60467
:10C77000BA04BE04C204C604CA04CE04D104D5045B
:10C78000D904DD04E104E504E904ED04F104F40452
:10C79000F804FC040005040508050C051005140543
:10C7A00017051B051F05230527052B052F05330539
:10C7B00036053A053E05420546054A054E05510532
:10C7C000550559055D056105650568056C0570052C
:10C7D000740578057C057F05830587058B058F0526
:10C7E000930596059A059E05A205A605AA05AD0521
:10C7F000B105B505B905BD05C005C405C805CC051D
:10C80000D005D305D705DB05DF05E305E605EA0519
:10C81000EE05F205F605F905FD0501060506080613
:10C820000C061006140618061B061F06230627060C
:10C830002A062E063206360639063D06410645060C
:10C8400048064C065006540657065B065F0663060C
:10C8500066066A066E067206750679067D0680060D
:10C86000840688068C068F06930697069B069E060E
:10C87000A206A606A906AD06B106B506B806BC0610
:10C88000C006C306C706CB06CE06D206D606DA0613
:10C89000DD06E106E506E806EC06F006F306F70617
:10C8A000FB06FE060207060709070D071107140716
:10C8B00018071C071F07230727072A072E07320719
:10C8C000350739073D074007440748074B074F071F
:10C8D000520756075A075D0761076507A1FFA6FFC4
:10C8E000AAFFAEFFB3FFB7FFBCFFC0FFC4FFC9FF85
:10C8F000CDFFD2FFD6FFDAFFDFFFE3FFE7FFECFF5C
:10C90000F0FFF4FFF9FFFDFF020006000A000F0030
:10C91000130017001C002000240029002D00310006
:10C9200036003A003E00430047004C0050005400DF
:10C9300059005D00610066006A006E0072007700B9
:10C940007B007F00840088008C0091009500990096
:10C950009E00A200A600AB00AF00B300B700BC0071
:10C96000C000C400C900CD00D100D600DA00DE004E
:10C97000E200E700EB00EF00F400F800FC0000012B
:10C98000050109010D01110116011A011E01230102
:10C9900027012B012F01340138013C0140014501E1
:10C9A00049014D01510156015A015E0162016701C1
:10C9B0006B016F01730178017C01800184018801A2
:10C9C0008D019101950199019E01A201A601AA0183
:10C9D000AE01B301B701BB01BF01C401C801CC0165
:10C9E000D001D401D901DD01E101E501E901EE0148
:10C9F000F201F601FA01FE01020207020B020F0228
:10CA0000130217021C022002240228022C02300208
:10CA1000350239023D024102450249024E025202EC
:10CA200056025A025E02620266026B026F027302D3
:10CA300077027B027F02830288028C0290029402BA
:10CA400098029C02A002A502A902AD02B102B502A1
:10CA5000B902BD02C102C602CA02CE02D202D60289
:10CA6000DA02DE02E202E602EA02EF02F302F70273
:10CA7000FB02FF02030307030B030F031303170358
:10CA80001C032003240328032C033003340338033E
:10CA90003C034003440348034C035003550359032C
:10CAA0005D036103650369036D0371037503790316
:10CAB0007D038103850389038D0391039503990306
:10CAC0009D03A103A503A903AE03B203B603BA03F2
:10CAD000BE03C203C603CA03CE03D203D603DA03DE
:10CAE000DE03E203E603EA03EE03F203F603FA03CE
:10CAF000FE03020406040A040E04120416041A04B7
:10CB00001E04220426042A042E04320436043904A6
:10CB10003D044104450449044D045104550459049D
:10CB20005D046104650469046D047104750479048D
:10CB30007D048104850489048D049104940498047F
:10CB40009C04A004A404A804AC04B004B404B80475
:10CB5000BC04C004C404C704CB04CF04D304D7046A
:10CB6000DB04DF04E304E704EB04EF04F204F6045F
:10CB7000FA04FE04020506050A050E05120516054F
:10CB800019051D052105250529052D053105350545
:10CB900038053C054005440548054C05500553053E
:10CBA00057055B055F05630567056B056E05720537
:10CBB00076057A057E058205860589058D05910530
:10CBC000950599059D05A005A405A805AC05B0052A
:10CBD000B405B705BB05BF05C305C705CA05CE0526
:10CBE000D205D605DA05DD05E105E505E905ED0522
:10CBF000F105F405F805FC050006030607060B061B
:10CC00000F06130616061A061E0622062606290613
:10CC10002D063106350638063C0640064406470612
:10CC20004B064F06530657065A065E066206660610
:10CC300069066D067106750678067C068006830611
:10CC400087068B068F06920696069A069E06A10612
:10CC5000A506A906AD06B006B406B806BB06BF0613
:10CC6000C306C706CA06CE06D206D506D906DD0615
:10CC7000E006E406E806EC06EF06F306F706FA0619
:10CC8000FE060207050709070D0710071407180716
:10CC90001B071F07230727072A072E073207350719
:10CCA00039073D074007440747074B074F0752071F
:10CCB00056075A075D076107650768076C07700725
:10CCC000730777077B07B7FFBCFFC0FFC5FFC9FF2E
:10CCD000CDFFD2FFD6FFDAFFDFFFE3FFE8FFECFF77
:10CCE000F0FFF5FFF9FFFDFF020006000A000F004C
:10CCF000130018001C002000250029002D00320020
:10CD000036003A003F00430047004C0050005400FA
:10CD100059005D00610066006A006E0073007700D4
:10CD20007B008000840088008D00910095009A00AF
:10CD30009E00A200A600AB00AF00B300B800BC008C
:10CD4000C000C500C900CD00D100D600DA00DE0069
:10CD5000E300E700EB00F000F400F800FC00010144
:10CD6000050109010D01120116011A011F0123011C
:10CD700027012B013001340138013C0141014501FB
:10CD800049014D01520156015A015E0163016701DB
:10CD90006B016F01740178017C01800185018901BB
:10CDA0008D01910196019A019E01A201A601AB019C
:10CDB000AF01B301B701BC01C001C401C801CC017E
:10CDC000D101D501D901DD01E101E601EA01EE0160
:10CDD000F201F601FB01FF01030207020B02100240
:10CDE000140218021C022002240229022D02310220
:10CDF000350239023D02420246024A024E02520206
:10CE000056025B025F02630267026B026F027402EA
:10CE100078027C028002840288028C0291029502D0
:10CE200099029D02A102A502A902AD02B202B602B8
:10CE3000BA02BE02C202C602CA02CE02D302D702A0
:10CE4000DB02DF02E302E702EB02EF02F302F80289
:10CE5000FC020003040308030C031003140318036B
:10CE60001C032103250329032D0331033503390353
:10CE70003D034103450349034D03510356035A0340
:10CE80005E03620366036A036E03720376037A032A
:10CE90007E03820386038A038E03920396039A031A
:10CEA0009E03A303A703AB03AF03B303B703BB0303
:10CEB000BF03C303C703CB03CF03D303D703DB03F2
:10CEC000DF03E303E703EB03EF03F303F703FB03E2
:10CED000FF03030407040B040F04130417041B04CB
:10CEE0001F04230427042B042F04330437043B04BA
:10CEF0003F04430447044B044F04530457045B04AA
:10CF00005F04630467046B046F04720476047A049C
:10CF10007E04820486048A048E04920496049A0491
:10CF20009E04A204A604AA04AE04B204B604B90482
:10CF3000BD04C104C504C904CD04D104D504D90479
:10CF4000DD04E104E504E904EC04F004F404F8046D
:10CF5000FC040005040508050C051005140517055B
:10CF60001B051F05230527052B052F053305370551
:10CF70003A053E05420546054A054E055205560549
:10CF800059055D056105650569056D057105740542
:10CF900078057C058005840588058C058F0593053B
:10CFA00097059B059F05A305A705AA05AE05B20534
:10CFB000B605BA05BE05C105C505C905CD05D1052E
:10CFC000D405D805DC05E005E405E805EB05EF052B
:10CFD000F305F705FB05FE05020606060A060E0622
:10CFE0001106150619061D062106240628062C061C
:10CFF0003006340637063B063F06430646064A0619
:10D000004E065206560659065D0661066506680616
:10D010006C067006740677067B067F068306860616
:10D020008A068E069206950699069D06A106A40616
:10D03000A806AC06B006B306B706BB06BF06C20616
:10D04000C606CA06CD06D106D506D906DC06E00618
:10D05000E406E706EB06EF06F306F606FA06FE061A
:10D060000107050709070C071007140718071B0716
:10D070001F07230726072A072E0731073507390719
:10D080003C074007440747074B074F07520756071F
:10D090005A075D076107650768076C077007730724
:10D0A00077077B077E078207860789078D07910729
:10D0B000CEFFD2FFD6FFDBFFDFFFE3FFE8FFECFF91
:10D0C000F0FFF5FFF9FFFEFF020006000B000F0066
:10D0D000130018001C002000250029002D0032003C
:10D0E00036003B003F00430048004C005000550014
:10D0F00059005D00620066006A006F0073007700EF
:10D100007C008000840088008D00910095009A00CA
:10D110009E00A200A700AB00AF00B400B800BC00A6
:10D12000C100C500C900CD00D200D600DA00DF0082
:10D13000E300E700EB00F000F400F800FD0001015F
:10D14000050109010E01120116011B011F01230136
:10D1500027012C013001340138013D014101450115
:10D1600049014E01520156015A015F0163016701F5
:10D170006B017001740178017C01810185018901D5
:10D180008D01920196019A019E01A301A701AB01B5
:10D19000AF01B301B801BC01C001C401C901CD0197
:10D1A000D101D501D901DE01E201E601EA01EE017A
:10D1B000F301F701FB01FF01030208020C02100258
:10D1C000140218021D022102250229022D02310239
:10D1D00036023A023E02420246024B024F0253021C
:10D1E00057025B025F02630268026C027002740203
:10D1F00078027C028102850289028D0291029502E9
:10D2000099029E02A202A602AA02AE02B202B602CF
:10D21000BB02BF02C302C702CB02CF02D302D702B6
:10D22000DC02E002E402E802EC02F002F402F8029E
:10D23000FC020103050309030D0311031503190380
:10D240001D03210325032A032E03320336033A0369
:10D250003E03420346034A034E03520356035B0355
:10D260005F03630367036B036F03730377037B033E
:10D270007F03830387038B038F03930397039B032E
:10D28000A003A403A803AC03B003B403B803BC0316
:10D29000C003C403C803CC03D003D403D803DC0306
:10D2A000E003E403E803EC03F003F403F803FC03F6
:10D2B0000004040408040C041004140418041C04DE
:10D2C0002004240428042C043004340438043C04CE
:10D2D0004004440448044C045004540458045C04BE
:10D2E0006004640468046C047004740478047C04AE
:10D2F0008004840488048C049004940498049C049E
:10D30000A004A304A704AB04AF04B304B704BB0494
:10D31000BF04C304C704CB04CF04D304D704DB0485
:10D32000DF04E204E604EA04EE04F204F604FA047C
:10D33000FE04020506050A050E0512051505190568
:10D340001D052105250529052D053105350539055D
:10D350003C054005440548054C0550055405580555
:10D360005B055F05630567056B056F05730577054D
:10D370007A057E05820586058A058E059205960545
:10D3800099059D05A105A505A905AD05B005B4053F
:10D39000B805BC05C005C405C805CB05CF05D30538
:10D3A000D705DB05DF05E205E605EA05EE05F20532
:10D3B000F505F905FD050106050609060C0610062A
:10D3C000140618061C061F06230627062B062F0622
:10D3D000320636063A063E064206450649064D0620
:10D3E0005106550658065C066006640667066B061D
:10D3F0006F06730677067A067E068206860689061B
:10D400008D069106950698069C06A006A406A7061A
:10D41000AB06AF06B306B606BA06BE06C206C5061A
:10D42000C906CD06D106D406D806DC06DF06E3061B
:10D43000E706EB06EE06F206F606FA06FD0601071B
:10D44000050708070C071007130717071B071F0717
:10D45000220726072A072D073107350738073C071B
:10D460004007440747074B074F07520756075A071D
:10D470005D076107650768076C0770077307770723
:10D480007B077E078207860789078D079107940728
:10D4900098079C079F07A307A707E4FFE8FFECFF97
:10D4A000F1FFF5FFF9FFFEFF020006000B000F0081
:10D4B000140018001C002100250029002E00320055
:10D4C00036003B003F00430048004C005000550030
:10D4D00059005D00620066006A006F00730077000B
:10D4E0007C008000840089008D00910096009A00E5
:10D4F0009E00A300A700AB00AF00B400B800BC00C2
:10D50000C100C500C900CE00D200D600DA00DF009D
:10D51000E300E700EC00F000F400F900FD00010179
:10D5200005010A010E01120116011B011F01230151
:10D5300028012C013001340139013D01410145012F
:10D540004A014E01520156015B015F01630168010E
:10D550006C017001740178017D01810185018901EF
:10D560008E01920196019A019F01A301A701AB01CF
:10D57000B001B401B801BC01C001C501C901CD01B0
:10D58000D101D601DA01DE01E201E601EB01EF0192
:10D59000F301F701FB010002040208020C02100271
:10D5A000150219021D02210225022A022E02320250
:10D5B00036023A023E02430247024B024F02530236
:10D5C00058025C026002640268026C027102750219
:10D5D00079027D028102850289028E029202960200
:10D5E0009A029E02A202A702AB02AF02B302B702E6
:10D5F000BB02BF02C302C802CC02D002D402D802CE
:10D60000DC02E002E502E902ED02F102F502F902B4
:10D61000FD02010305030A030E03120316031A0396
:10D620001E03220326032A032E03330337033B037F
:10D630003F03430347034B034F03530357035B036A
:10D640006003640368036C037003740378037C0352
:10D650008003840388038C039003940398039D0341
:10D66000A103A503A903AD03B103B503B903BD032A
:10D67000C103C503C903CD03D103D503D903DD031A
:10D68000E103E503E903ED03F103F503F903FD030A
:10D69000010405040A040E04120416041A041E04EC
:10D6A000220426042A042E04320436043A043E04DA
:10D6B000420446044A044E04520456045A045E04CA
:10D6C0006204660469046D047104750479047D04C0
:10D6D0008104850489048D049104950499049D04B2
:10D6E000A104A504A904AD04B104B504B904BD04A2
:10D6F000C104C504C904CD04D104D404D804DC0495
:10D70000E004E404E804EC04F004F404F804FC0489
:10D710000005040508050C050F05130517051B0575
:10D720001F05230527052B052F05330537053A056A
:10D730003E05420546054A054E05520556055A0561
:10D740005E056105650569056D0571057505790558
:10D750007D058005840588058C0590059405980550
:10D760009C059F05A305A705AB05AF05B305B70548
:10D77000BA05BE05C205C605CA05CE05D205D50542
:10D78000D905DD05E105E505E905EC05F005F4053C
:10D79000F805FC050006030607060B060F06130630
:10D7A00017061A061E06220626062A062D0631062A
:10D7B000350639063D064006440648064C06500626
:10D7C000530657065B065F06630666066A066E0624
:10D7D0007206760679067D068106850688068C0621
:10D7E0009006940698069B069F06A306A706AA061F
:10D7F000AE06B206B606B906BD06C106C506C8061F
:10D80000CC06D006D406D706DB06DF06E306E6061E
:10D81000EA06EE06F206F506F906FD06000704071D
:10D8200008070C070F07130717071B071E07220718
:10D83000260729072D073107340738073C0740071B
:10D84000430747074B074E075207560759075D071F
:10D850006107650768076C077007730777077B0721
:10D860007E078207860789078D0791079407980727
:10D870009C079F07A307A707AA07AE07B207B5072C
:10D88000B907BD07F9FFFEFF020007000B000F00FC
:10D89000140018001C002100250029002E00320071
:10D8A00036003B003F00430048004C00510055004B
:10D8B00059005E00620066006B006F007300770025
:10D8C0007C008000840089008D00910096009A0001
:10D8D0009E00A300A700AB00B000B400B800BD00DC
:10D8E000C100C500C900CE00D200D600DB00DF00B9
:10D8F000E300E800EC00F000F400F900FD00010195
:10D9000006010A010E01120117011B011F0124016A
:10D9100028012C013001350139013D014101460149
:10D920004A014E01520157015B015F016401680128
:10D930006C017001750179017D01810186018A0107
:10D940008E01920196019B019F01A301A701AC01E9
:10D95000B001B401B801BD01C101C501C901CD01CA
:10D96000D201D601DA01DE01E301E701EB01EF01AB
:10D97000F301F801FC010002040208020D02110289
:10D98000150219021D02220226022A022E0232026A
:10D9900037023B023F02430247024B02500254024D
:10D9A00058025C026002650269026D027102750232
:10D9B00079027E02820286028A028E029202970217
:10D9C0009B029F02A302A702AB02AF02B402B802FD
:10D9D000BC02C002C402C802CC02D102D502D902E4
:10D9E000DD02E102E502E902ED02F202F602FA02CC
:10D9F000FE02020306030A030E03130317031B03AD
:10DA00001F03230327032B032F03330337033C0395
:10DA10004003440348034C035003540358035C037E
:10DA20006003640369036D037103750379037D0368
:10DA30008103850389038D039103950399039E0355
:10DA4000A203A603AA03AE03B203B603BA03BE033E
:10DA5000C203C603CA03CE03D203D603DA03DE032E
:10DA6000E203E603EA03EF03F303F703FB03FF0319
:10DA7000030407040B040F04130417041B041F04FE
:10DA8000230427042B042F04330437043B043F04EE
:10DA9000430447044B044F04530457045B045F04DE
:10DAA000630467046B046F04730477047B047F04CE
:10DAB000830487048B048F04930497049B049F04BE
:10DAC000A304A704AB04AF04B304B604BA04BE04B1
:10DAD000C204C604CA04CE04D204D604DA04DE04A6
:10DAE000E204E604EA04EE04F204F604FA04FE0496
:10DAF0000105050509050D051105150519051D0586
:10DB00002105250529052D053105350538053C0577
:10DB10004005440548054C055005540558055C056D
:10DB20006005630567056B056F05730577057B0564
:10DB30007F05830586058A058E05920596059A055B
:10DB40009E05A205A505A905AD05B105B505B90553
:10DB5000BD05C105C405C805CC05D005D405D8054B
:10DB6000DC05DF05E305E705EB05EF05F305F70544
:10DB7000FA05FE05020606060A060E061106150639
:10DB800019061D062106250628062C063006340631
:10DB900038063B063F06430647064B064F0652062D
:10DBA00056065A065E066206650669066D06710629
:10DBB000750678067C068006840687068B068F0627
:10DBC000930697069A069E06A206A606AA06AD0624
:10DBD000B106B506B906BC06C006C406C806CB0623
:10DBE000CF06D306D706DA06DE06E206E606E90623
:10DBF000ED06F106F506F806FC0600070407070720
:10DC00000B070F07130716071A071E07220725071A
:10DC100029072D073007340738073C073F0743071C
:10DC200047074A074E075207560759075D0761071E
:10DC3000640768076C076F07730777077B077E0722
:10DC40008207860789078D079107940798079C0725
:10DC50009F07A307A707AA07AE07B207B507B9072B
:10DC6000BD07C007C407C807CB07CF07D3070F00FE
:10DC7000140018001C00210025002A002E0032008C
:10DC800037003B003F00440048004C005100550065
:10DC900059005E00620066006B006F007300780040
:10DCA0007C008000850089008D00920096009A001B
:10DCB0009F00A300A700AB00B000B400B800BD00F7
:10DCC000C100C500CA00CE00D200D700DB00DF00D3
:10DCD000E300E800EC00F000F500F900FD000101B0
:10DCE00006010A010E01130117011B011F01240186
:10DCF00028012C013101350139013D014201460164
:10DD00004A014E01530157015B0160016401680142
:10DD10006C017101750179017D01820186018A0121
:10DD20008E01930197019B019F01A301A801AC0102
:10DD3000B001B401B901BD01C101C501CA01CE01E3
:10DD4000D201D601DA01DF01E301E701EB01F001C5
:10DD5000F401F801FC010002050209020D021102A2
:10DD600015021A021E02220226022A022F02330282
:10DD700037023B023F02440248024C025002540266
:10DD800059025D026102650269026D027202760249
:10DD90007A027E02820286028B028F02930297022F
:10DDA0009B029F02A402A802AC02B002B402B80215
:10DDB000BC02C102C502C902CD02D102D502D902FC
:10DDC000DE02E202E602EA02EE02F202F602FB02E2
:10DDD000FF02030307030B030F03130317031C03C3
:10DDE0002003240328032C033003340338033C03AB
:10DDF0004103450349034D035103550359035D0393
:10DE00006103650369036E03720376037A037E037D
:10DE1000820386038A038E03920396039A039F0369
:10DE2000A303A703AB03AF03B303B703BB03BF0352
:10DE3000C303C703CB03CF03D303D703DB03DF0342
:10DE4000E403E803EC03F003F403F803FC03000429
:10DE5000040408040C041004140418041C04200412
:10DE6000240428042C043004340438043C04400402
:10DE7000440448044C045004540458045C046004F2
:10DE8000640468046C047004740478047C048004E2
:10DE9000840488048C049004940498049C04A004D2
:10DEA000A404A804AC04B004B404B804BC04C004C2
:10DEB000C404C804CC04D004D404D804DC04E004B2
:10DEC000E404E804EC04F004F304F704FB04FF04A6
:10DED000030507050B050F05130517051B051F0592
:10DEE000230527052B052F05320536053A053E0586
:10DEF000420546054A054E05520556055A055E057A
:10DF00006105650569056D057105750579057D0571
:10DF10008105850589058C059005940598059C0566
:10DF2000A005A405A805AC05AF05B305B705BB055D
:10DF3000BF05C305C705CB05CE05D205D605DA0555
:10DF4000DE05E205E605E905ED05F105F505F9054E
:10DF5000FD050106040608060C0610061406180640
:10DF60001C061F06230627062B062F063306360639
:10DF70003A063E06420646064A064D065106550634
:10DF800059065D066006640668066C067006730630
:10DF900077067B067F06830686068A068E0692062D
:10DFA000960699069D06A106A506A906AC06B0062A
:10DFB000B406B806BC06BF06C306C706CB06CE0627
:10DFC000D206D606DA06DE06E106E506E906ED0625
:10DFD000F006F406F806FC06FF06030707070B0722
:10DFE0000E07120716071A071D072107250729071D
:10DFF0002C073007340738073B073F07430746071E
:10E000004A074E075207550759075D07600764071F
:10E0100068076C076F07730777077A077E07820721
:10E02000860789078D079107940798079C079F0724
:10E03000A307A707AB07AE07B207B607B907BD0727
:10E04000C107C407C807CC07CF07D307D707DA072C
:10E05000DE07E207E507E90725002A002E00320067
:10E0600037003B003F00440048004C005100550081
:10E0700059005E00620066006B006F00730078005C
:10E080007C008000850089008D00920096009A0037
:10E090009F00A300A700AC00B000B400B900BD0011
:10E0A000C100C500CA00CE00D200D700DB00DF00EF
:10E0B000E400E800EC00F000F500F900FD000201CA
:10E0C00006010A010F01130117011B0120012401A0
:10E0D00028012D013101350139013E01420146017E
:10E0E0004A014F01530157015B016001640168015E
:10E0F0006D017101750179017E01820186018A013C
:10E100008F01930197019B01A001A401A801AC011B
:10E11000B101B501B901BD01C101C601CA01CE01FC
:10E12000D201D701DB01DF01E301E801EC01F001DD
:10E13000F401F801FD010102050209020D021202BB
:10E1400016021A021E02220227022B022F0233029B
:10E1500037023C024002440248024C02510255027E
:10E1600059025D02610266026A026E027202760262
:10E170007A027F02830287028B028F029302980247
:10E180009C02A002A402A802AC02B102B502B9022C
:10E19000BD02C102C502CA02CE02D202D602DA0212
:10E1A000DE02E202E702EB02EF02F302F702FB02F9
:10E1B000FF02040308030C031003140318031C03D9
:10E1C0002003250329032D033103350339033D03C0
:10E1D000410345034A034E03520356035A035E03A9
:10E1E000620366036A036E03730377037B037F0393
:10E1F000830387038B038F03930397039B039F037F
:10E20000A403A803AC03B003B403B803BC03C00366
:10E21000C403C803CC03D003D403D803DD03E10354
:10E22000E503E903ED03F103F503F903FD0301043D
:10E23000050409040D041104150419041D04210426
:10E24000250429042D043104350439043E04420414
:10E2500046044A044E04520456045A045E046204FE
:10E2600066046A046E04720476047A047E048204EE
:10E2700086048A048E04920496049A049E04A204DE
:10E28000A604AA04AE04B204B604BA04BE04C204CE
:10E29000C604CA04CD04D104D504D904DD04E104C4
:10E2A000E504E904ED04F104F504F904FD040105B5
:10E2B000050509050D051105150519051D0521059E
:10E2C000250529052C053005340538053C05400594
:10E2D000440548054C055005540558055C05600586
:10E2E000630567056B056F05730577057B057F057E
:10E2F000830587058B058F05920596059A059E0572
:10E30000A205A605AA05AE05B205B505B905BD0568
:10E31000C105C505C905CD05D105D505D805DC055F
:10E32000E005E405E805EC05F005F405F705FB0557
:10E33000FF05030607060B060F06120616061A0649
:10E340001E06220626062A062D0631063506390641
:10E350003D064106440648064C065006540658063B
:10E360005B065F06630667066B066F067206760637
:10E370007A067E068206850689068D069106950632
:10E3800099069C06A006A406A806AC06AF06B3062E
:10E39000B706BB06BE06C206C606CA06CE06D1062C
:10E3A000D506D906DD06E106E406E806EC06F00629
:10E3B000F306F706FB06FF06030706070A070E0724
:10E3C0001207150719071D072107240728072C071F
:10E3D0003007330737073B073F07420746074A071F
:10E3E0004E075107550759075C0760076407680720
:10E3F0006B076F07730777077A077E078207850722
:10E4000089078D079107940798079C079F07A30723
:10E41000A707AB07AE07B207B607B907BD07C10725
:10E42000C407C807CC07CF07D307D707DB07DE072A
:10E43000E207E607E907ED07F107F407F807FC072D
:10E44000FF073B003F00440048004D0051005500CD
:10E450005A005E00620067006B006F007400780075
:10E460007C008100850089008E00920096009A0051
:10E470009F00A300A700AC00B000B400B900BD002D
:10E48000C100C600CA00CE00D300D700DB00DF0009
:10E49000E400E800EC00F100F500F900FE000201E4
:10E4A00006010A010F01130117011C0120012401BB
:10E4B00028012D01310135013A013E014201460199
:10E4C0004B014F01530157015C0160016401690177
:10E4D0006D01710175017A017E01820186018B0156
:10E4E0008F01930197019C01A001A401A801AD0136
:10E4F000B101B501B901BE01C201C601CA01CE0117
:10E50000D301D701DB01DF01E401E801EC01F001F7
:10E51000F501F901FD01010205020A020E021202D3
:10E5200016021A021F02230227022B0230023402B3
:10E5300038023C024002450249024D025102550296
:10E5400059025E02620266026A026E02730277027A
:10E550007B027F02830288028C029002940298025E
:10E560009C02A102A502A902AD02B102B502BA0243
:10E57000BE02C202C602CA02CE02D202D702DB0229
:10E58000DF02E302E702EB02F002F402F802FC020F
:10E590000003040308030C031103150319031D03EF
:10E5A0002103250329032E03320336033A033E03D6
:10E5B000420346034A034E03530357035B035F03BF
:10E5C000630367036B036F03730378037C038003A8
:10E5D000840388038C039003940398039C03A00393
:10E5E000A503A903AD03B103B503B903BD03C1037B
:10E5F000C503C903CD03D103D503DA03DE03E20368
:10E60000E603EA03EE03F203F603FA03FE03020451
:10E6100006040A040E04120416041A041E04230439
:10E6200027042B042F04330437043B043F04430422
:10E6300047044B044F04530457045B045F04630412
:10E6400067046B046F04730477047B047F04830402
:10E6500087048B048F04930497049B049F04A304F2
:10E66000A704AB04AF04B304B704BB04BF04C304E2
:10E67000C704CB04CF04D304D704DB04DF04E304D2
:10E68000E704EB04EF04F304F704FB04FF040305C1
:10E6900007050B050F05130517051B051E052205AC
:10E6A00026052A052E05320536053A053E054205A2
:10E6B00046054A054E05520556055A055E05620592
:10E6C000650569056D057105750579057D0581058A
:10E6D000850589058D059105940598059C05A0057E
:10E6E000A405A805AC05B005B405B805BC05BF0573
:10E6F000C305C705CB05CF05D305D705DB05DF056A
:10E70000E205E605EA05EE05F205F605FA05FE0561
:10E710000206050609060D061106150619061D0650
:10E720002006240628062C063006340638063B064A
:10E730003F06430647064B064F06530656065A0643
:10E740005E06620666066A066D067106750679063D
:10E750007D068106840688068C0690069406980637
:10E760009B069F06A306A706AB06AE06B206B60634
:10E77000BA06BE06C106C506C906CD06D106D40630
:10E78000D806DC06E006E406E706EB06EF06F3062D
:10E79000F706FA06FE060207060709070D07110726
:10E7A000150719071C072007240728072B072F0721
:10E7B000330737073A073E074207460749074D0721
:10E7C0005107550758075C076007640767076B0721
:10E7D0006F07730776077A077E0782078507890721
:10E7E0008D079007940798079C079F07A307A70723
:10E7F000AB07AE07B207B607B907BD07C107C40725
:10E80000C807CC07D007D307D707DB07DE07E20727
:10E81000E607E907ED07F107F507F807FC07000829
:10E82000030807080B080E081208160851005500C7
:10E830005A005E00620067006B006F007400780091
:10E840007C008100850089008E00920096009B006C
:10E850009F00A300A800AC00B000B500B900BD0047
:10E86000C100C600CA00CE00D300D700DB00E00024
:10E87000E400E800ED00F100F500F900FE000201FF
:10E8800006010B010F01130117011C0120012401D6
:10E8900029012D01310135013A013E0142014701B3
:10E8A0004B014F01530158015C0160016501690191
:10E8B0006D01710176017A017E01820187018B0170
:10E8C0008F01930198019C01A001A401A901AD0150
:10E8D000B101B501BA01BE01C201C601CB01CF0130
:10E8E000D301D701DC01E001E401E801EC01F10111
:10E8F000F501F901FD01020206020A020E021202EE
:10E9000017021B021F02230228022C0230023402CB
:10E9100038023D024102450249024D0252025602AE
:10E920005A025E02620267026B026F027302770292
:10E930007B028002840288028C0290029502990276
:10E940009D02A102A502A902AE02B202B602BA025B
:10E95000BE02C202C702CB02CF02D302D702DB0241
:10E96000E002E402E802EC02F002F402F902FD0225
:10E970000103050309030D03110316031A031E0304
:10E98000220326032A032E03320337033B033F03EC
:10E99000430347034B034F03530358035C036003D4
:10E9A000640368036C037003740378037D038103BD
:10E9B000850389038D039103950399039D03A103A7
:10E9C000A603AA03AE03B203B603BA03BE03C2038F
:10E9D000C603CA03CE03D203D703DB03DF03E3037B
:10E9E000E703EB03EF03F303F703FB03FF03030466
:10E9F00007040B040F04140418041C04200424044A
:10EA000028042C043004340438043C044004440436
:10EA100048044C045004540458045C046004640426
:10EA200068046C047004740479047D048104850412
:10EA300089048D049104950499049D04A104A504FE
:10EA4000A904AD04B104B504B904BD04C104C504EE
:10EA5000C904CD04D104D504D904DD04E104E504DE
:10EA6000E904ED04F104F504F904FD0400050405CE
:10EA700008050C051005140518051C0520052405BE
:10EA800028052C053005340538053C0540054405AE
:10EA900048054C055005540558055C05600563059F
:10EAA00067056B056F05730577057B057F05830596
:10EAB00087058B058F05930597059A059E05A20589
:10EAC000A605AA05AE05B205B605BA05BE05C2057E
:10EAD000C605C905CD05D105D505D905DD05E10575
:10EAE000E505E905ED05F005F405F805FC0500066A
:10EAF000040608060C061006130617061B061F065A
:10EB0000230627062B062F06320636063A063E0651
:10EB1000420646064A064D065106550659065D064A
:10EB20006106650668066C067006740678067C0643
:10EB30007F06830687068B068F06930696069A063F
:10EB40009E06A206A606AA06AD06B106B506B90639
:10EB5000BD06C106C406C806CC06D006D406D70634
:10EB6000DB06DF06E306E706EA06EE06F206F60631
:10EB7000FA06FD060107050709070D071007140728
:10EB800018071C072007230727072B072F07320723
:10EB900036073A073E074107450749074D07510722
:10EBA000540758075C076007630767076B076F0721
:10EBB000720776077A077E078107850789078D0721
:10EBC0009007940798079C079F07A307A707AA0722
:10EBD000AE07B207B607B907BD07C107C507C80723
:10EBE000CC07D007D307D707DB07DF07E207E60725
:10EBF000EA07ED07F107F507F807FC070008040826
:10EC000007080B080F08120816081A081D08210823
:10EC1000250828082C0867006B006F007400780036
:10EC20007C008100850089008E00920096009B0088
:10EC30009F00A300A800AC00B000B500B900BD0063
:10EC4000C200C600CA00CF00D300D700DC00E0003D
:10EC5000E400E800ED00F100F500FA00FE0002011A
:10EC600007010B010F01130118011C0120012501EF
:10EC700029012D01310136013A013E0143014701CD
:10EC80004B014F01540158015C01600165016901AC
:10EC90006D01720176017A017E01830187018B018A
:10ECA0008F01940198019C01A001A501A901AD016A
:10ECB000B101B601BA01BE01C201C701CB01CF014A
:10ECC000D301D801DC01E001E401E901ED01F1012A
:10ECD000F501FA01FE01020206020A020F02130206
:10ECE00017021B022002240228022C0230023502E5
:10ECF00039023D02410245024A024E0252025602C8
:10ED00005A025F02630267026B026F0274027802AA
:10ED10007C028002840289028D029102950299028E
:10ED20009E02A202A602AA02AE02B202B702BB0271
:10ED3000BF02C302C702CB02D002D402D802DC0257
:10ED4000E002E402E902ED02F102F502F902FD023D
:10ED5000020306030A030E03120316031A031F031A
:10ED6000230327032B032F03330337033B03400302
:10ED7000440348034C035003540358035D036103E9
:10ED8000650369036D037103750379037D038203D2
:10ED900086038A038E03920396039A039E03A203BB
:10EDA000A703AB03AF03B303B703BB03BF03C303A3
:10EDB000C703CB03CF03D403D803DC03E003E4038E
:10EDC000E803EC03F003F403F803FC030004040479
:10EDD00009040D041104150419041D04210425045B
:10EDE00029042D043104350439043D04410445044B
:10EDF00049044D04520456045A045E046204660435
:10EE00006A046E04720476047A047E048204860422
:10EE10008A048E04920496049A049E04A204A60412
:10EE2000AA04AE04B204B604BA04BE04C204C60402
:10EE3000CA04CE04D204D604DA04DE04E204E604F2
:10EE4000EA04EE04F204F604FA04FE0402050605E0
:10EE50000A050E05120516051A051E0522052605CA
:10EE60002A052E05320536053A053E0542054605BA
:10EE70004A054E05520556055A055D0561056505AD
:10EE800069056D057105750579057D0581058505A2
:10EE900089058D059105950599059D05A105A40593
:10EEA000A805AC05B005B405B805BC05C005C4058A
:10EEB000C805CC05D005D405D705DB05DF05E3057E
:10EEC000E705EB05EF05F305F705FB05FE05020673
:10EED00006060A060E06120616061A061E06210663
:10EEE000250629062D063106350639063D0641065A
:10EEF000440648064C065006540658065C065F0653
:10EF0000630667066B066F06730677067B067E064A
:10EF1000820686068A068E069206950699069D0644
:10EF2000A106A506A906AC06B006B406B806BC063E
:10EF3000C006C306C706CB06CF06D306D706DA0639
:10EF4000DE06E206E606EA06EE06F106F506F90634
:10EF5000FD060107040708070C0710071407170729
:10EF60001B071F07230727072A072E073207360725
:10EF700039073D074107450749074C075007540724
:10EF800058075B075F07630767076B076E07720722
:10EF900076077A077D078107850789078C07900721
:10EFA000940798079B079F07A307A707AA07AE0721
:10EFB000B207B607B907BD07C107C507C807CC0721
:10EFC000D007D307D707DB07DF07E207E607EA0723
:10EFD000EE07F107F507F907FC0700080408080821
:10EFE0000B080F08130816081A081E082108250820
:10EFF00029082D083008340838083B083F08430822
:10F000007D00810085008A008E00920097009B00A1
:10F010009F00A400A800AC00B100B500B900BE007C
:10F02000C200C600CA00CF00D300D700DC00E00059
:10F03000E400E900ED00F100F600FA00FE00020134
:10F0400007010B010F01140118011C01200125010A
:10F0500029012D01320136013A013F0143014701E7
:10F060004B015001540158015C01610165016901C6
:10F070006E01720176017A017F01830187018B01A4
:10F080009001940198019C01A101A501A901AE0183
:10F09000B201B601BA01BF01C301C701CB01D00162
:10F0A000D401D801DC01E001E501E901ED01F10144
:10F0B000F601FA01FE01020207020B020F0213021F
:10F0C00018021C022002240228022D0231023502FD
:10F0D00039023D02420246024A024E0253025702E0
:10F0E0005B025F02630268026C02700274027802C3
:10F0F0007D028102850289028D02920296029A02A5
:10F100009E02A202A602AB02AF02B302B702BB028A
:10F11000C002C402C802CC02D002D402D902DD026D
:10F12000E102E502E902ED02F202F602FA02FE0253
:10F13000020306030B030F03130317031B031F0331
:10F14000230328032C033003340338033C03400318
:10F15000450349034D035103550359035D036203FE
:10F1600066036A036E03720376037A037E038303E6
:10F1700087038B038F03930397039B039F03A303CF
:10F18000A803AC03B003B403B803BC03C003C403B7
:10F19000C803CC03D103D503D903DD03E103E503A1
:10F1A000E903ED03F103F503F903FD03020406048B
:10F1B0000A040E04120416041A041E04220426046F
:10F1C0002A042E04320436043B043F04430447045B
:10F1D0004B044F04530457045B045F046304670447
:10F1E0006B046F04730477047B047F048304870437
:10F1F0008B049004940498049C04A004A404A80420
:10F20000AC04B004B404B804BC04C004C404C8040E
:10F21000CC04D004D404D804DC04E004E404E804FE
:10F22000EC04F004F404F804FC04000504050805EB
:10F230000C051005140518051C05200524052805D6
:10F240002C053005340538053C05400544054805C6
:10F250004C055005540558055B055F0563056705BA
:10F260006B056F05730577057B057F0583058705AE
:10F270008B058F05930597059B059F05A305A7059E
:10F28000AB05AE05B205B605BA05BE05C205C60595
:10F29000CA05CE05D205D605DA05DE05E205E50587
:10F2A000E905ED05F105F505F905FD05010605067C
:10F2B00009060D061006140618061C06200624066C
:10F2C00028062C063006340637063B063F06430662
:10F2D00047064B064F06530657065A065E06620659
:10F2E00066066A066E067206750679067D06810652
:10F2F000850689068D069106940698069C06A0064A
:10F30000A406A806AC06AF06B306B706BB06BF0642
:10F31000C306C606CA06CE06D206D606DA06DD063D
:10F32000E106E506E906ED06F106F406F806FC0638
:10F330000007040707070B070F07130717071B072B
:10F340001E07220726072A072E0731073507390728
:10F350003D074107440748074C0750075407570724
:10F360005B075F07630766076A076E077207760722
:10F3700079077D078107850788078C079007940721
:10F3800098079B079F07A307A707AA07AE07B2071F
:10F39000B607B907BD07C107C507C807CC07D0071F
:10F3A000D407D707DB07DF07E307E607EA07EE071F
:10F3B000F107F507F907FD070008040808080C081D
:10F3C0000F08130817081A081E082208260829081B
:10F3D0002D083108340838083C083F08430847081E
:10F3E0004B084E08520856085908920097009B0097
:10F3F0009F00A400A800AC00B100B500B900BE0099
:10F40000C200C600CB00CF00D300D800DC00E00073
:10F41000E500E900ED00F100F600FA00FE0003014E
:10F4200007010B011001140118011C012101250124
:10F4300029012E01320136013A013F014301470102
:10F440004C015001540158015D01610165016A01DF
:10F450006E01720176017B017F01830187018C01BE
:10F460009001940199019D01A101A501AA01AE019C
:10F47000B201B601BB01BF01C301C701CC01D0017C
:10F48000D401D801DD01E101E501E901EE01F2015C
:10F49000F601FA01FF01030207020B020F02140238
:10F4A00018021C022002250229022D023102360216
:10F4B0003A023E02420246024B024F0253025702F8
:10F4C0005B026002640268026C02710275027902DA
:10F4D0007D02810286028A028E02920296029B02BD
:10F4E0009F02A302A702AB02AF02B402B802BC02A1
:10F4F000C002C402C902CD02D102D502D902DD0286
:10F50000E202E602EA02EE02F202F602FB02FF0269
:10F51000030307030B030F03140318031C03200347
:10F52000240328032D033103350339033D0341032D
:10F5300045034A034E03520356035A035E03620314
:10F5400067036B036F03730377037B037F038303FB
:10F5500088038C039003940398039C03A003A403E3
:10F56000A903AD03B103B503B903BD03C103C503CB
:10F57000C903CE03D203D603DA03DE03E203E603B4
:10F58000EA03EE03F203F603FB03FF03030407049D
:10F590000B040F04130417041B041F042304270483
:10F5A0002C043004340438043C044004440448046B
:10F5B0004C045004540458045C046004640468045B
:10F5C0006D047104750479047D0481048504890443
:10F5D0008D049104950499049D04A104A504A90433
:10F5E000AD04B104B504B904BD04C104C504C90423
:10F5F000CD04D104D604DA04DE04E204E604EA040D
:10F60000EE04F204F604FA04FE04020506050A05F7
:10F610000E05120516051A051E05220526052A05E2
:10F620002E05320536053A053E05420546054A05D2
:10F630004E055105550559055D05610565056905C9
:10F640006D057105750579057D05810585058905BA
:10F650008D059105950599059D05A105A505A905AA
:10F66000AD05B105B505B805BC05C005C405C8059F
:10F67000CC05D005D405D805DC05E005E405E80592
:10F68000EC05F005F405F705FB05FF050306070685
:10F690000B060F06130617061B061F062306260673
:10F6A0002A062E06320636063A063E06420646066A
:10F6B0004A064D065106550659065D066106650661
:10F6C00069066D067006740678067C068006840658
:10F6D00088068C068F06930697069B069F06A30650
:10F6E000A706AB06AE06B206B606BA06BE06C20648
:10F6F000C606C906CD06D106D506D906DD06E00642
:10F70000E406E806EC06F006F406F706FB06FF063C
:10F71000030707070B070E07120716071A071E072E
:10F720002207250729072D073107350738073C072A
:10F730004007440748074C074F07530757075B0725
:10F740005F07620766076A076E0771077507790723
:10F750007D078107840788078C0790079407970720
:10F760009B079F07A307A607AA07AE07B207B6071E
:10F77000B907BD07C107C507C807CC07D007D4071D
:10F78000D707DB07DF07E307E607EA07EE07F2071D
:10F79000F507F907FD070108040808080C08100818
:10F7A000130817081B081E08220826082A082D0817
:10F7B0003108350839083C084008440847084B0818
:10F7C0004F08530856085A085E086108650869081A
:10F7D0006C087008A800AD00B100B500BA00BE000A
:10F7E000C200C700CB00CF00D300D800DC00E0008F
:10F7F000E500E900ED00F200F600FA00FF00030169
:10F8000007010B011001140118011D01210125013F
:10F810002A012E01320136013B013F01430148011B
:10F820004C015001540159015D01610166016A01F9
:10F830006E01720177017B017F01840188018C01D7
:10F840009001950199019D01A101A601AA01AE01B6
:10F85000B201B701BB01BF01C401C801CC01D00195
:10F86000D501D901DD01E101E601EA01EE01F20174
:10F87000F701FB01FF01030207020C021002140250
:10F8800018021D022102250229022E02320236022E
:10F890003A023E02430247024B024F025402580210
:10F8A0005C026002640269026D02710275027902F3
:10F8B0007E02820286028A028F02930297029B02D4
:10F8C0009F02A402A802AC02B002B402B802BD02B8
:10F8D000C102C502C902CD02D202D602DA02DE029C
:10F8E000E202E702EB02EF02F302F702FB0200037F
:10F8F000040308030C031003140319031D0321035D
:10F90000250329032D03320336033A033E03420342
:10F9100046034A034F03530357035B035F03630329
:10F9200067036C037003740378037C038003840310
:10F9300089038D039103950399039D03A103A503F7
:10F94000AA03AE03B203B603BA03BE03C203C603DF
:10F95000CA03CF03D303D703DB03DF03E303E703C8
:10F96000EB03EF03F403F803FC03000404040804AE
:10F970000C041004140418041C0421042504290494
:10F980002D043104350439043D044104450449047F
:10F990004D04510456045A045E04620466046A0469
:10F9A0006E04720476047A047E04820486048A0457
:10F9B0008E04920497049B049F04A304A704AB0441
:10F9C000AF04B304B704BB04BF04C304C704CB042F
:10F9D000CF04D304D704DB04DF04E304E704EB041F
:10F9E000EF04F304F704FB04FF04030507050B050C
:10F9F0000F05130517051B051F05230527052B05F7
:10FA00002F05330537053B053F05430547054B05E6
:10FA10004F05530557055B055F05630567056B05D6
:10FA20006F05730577057B057F05830587058B05C6
:10FA30008F05930597059B059F05A305A705AB05B6
:10FA4000AF05B305B705BB05BF05C305C705CB05A6
:10FA5000CE05D205D605DA05DE05E205E605EA059E
:10FA6000EE05F205F605FA05FE05020606060A068B
:10FA70000D061106150619061D062106250629067E
:10FA80002D063106350639063D0640064406480671
:10FA90004C065006540658065C0660066406670667
:10FAA0006B066F06730677067B067F06830687065E
:10FAB0008A068E06920696069A069E06A206A60656
:10FAC000AA06AD06B106B506B906BD06C106C5064D
:10FAD000C806CC06D006D406D806DC06E006E30647
:10FAE000E706EB06EF06F306F706FB06FE0602073F
:10FAF00006070A070E071207150719071D07210732
:10FB0000250729072C073007340738073C0740072B
:10FB1000430747074B074F07530757075A075E0727
:10FB2000620766076A076D077107750779077D0722
:10FB30008007840788078C079007930797079B0720
:10FB40009F07A307A607AA07AE07B207B507B9071D
:10FB5000BD07C107C507C807CC07D007D407D7071B
:10FB6000DB07DF07E307E707EA07EE07F207F60719
:10FB7000F907FD070108050808080C081008140813
:10FB800017081B081F08230826082A082E08310812
:10FB9000350839083D084008440848084C084F0813
:10FBA000530857085A085E086208660869086D0815
:10FBB0007108750878087C08800883088708BE00EB
:10FBC000C200C700CB00CF00D400D800DC00E100A9
:10FBD000E500E900EE00F200F600FB00FF00030183
:10FBE00007010C011001140119011D012101260159
:10FBF0002A012E01320137013B013F014401480136
:10FC00004C015101550159015D01620166016A0112
:10FC10006F01730177017B018001840188018C01F0
:10FC20009101950199019E01A201A601AA01AF01CE
:10FC3000B301B701BB01C001C401C801CC01D101AE
:10FC4000D501D901DD01E201E601EA01EE01F3018E
:10FC5000F701FB01FF01040208020C021002150269
:10FC600019021D02210226022A022E023202370246
:10FC70003B023F02430247024C0250025402580228
:10FC80005D026102650269026D02720276027A0209
:10FC90007E02830287028B028F02930298029C02EB
:10FCA000A002A402A802AD02B102B502B902BD02CF
:10FCB000C202C602CA02CE02D202D702DB02DF02B1
:10FCC000E302E702EB02F002F402F802FC02000396
:10FCD000050309030D031103150319031E03220372
:10FCE00026032A032E03320337033B033F03430358
:10FCF00047034B034F03540358035C03600364033F
:10FD000068036D037103750379037D038103850324
:10FD10008A038E03920396039A039E03A203A6030B
:10FD2000AB03AF03B303B703BB03BF03C303C703F3
:10FD3000CC03D003D403D803DC03E003E403E803DB
:10FD4000ED03F103F503F903FD03010405040904C0
:10FD50000D04110416041A041E04220426042A04A5
:10FD60002E04320436043A043E04430447044B0490
:10FD70004F04530457045B045F04630467046B047B
:10FD80006F04730478047C048004840488048C0465
:10FD90009004940498049C04A004A404A804AC0453
:10FDA000B004B404B804BD04C104C504C904CD043E
:10FDB000D104D504D904DD04E104E504E904ED042B
:10FDC000F104F504F904FD040105050509050D0517
:10FDD0001105150519051D052105250529052D0503
:10FDE0003105350539053D054105450549054D05F3
:10FDF0005105550559055D056105650569056D05E3
:10FE00007105750579057D058105850589058D05D2
:10FE10009105950599059D05A105A505A905AD05C2
:10FE2000B105B505B905BD05C105C505C905CD05B2
:10FE3000D105D505D905DD05E105E505E805EC05A4
:10FE4000F005F405F805FC050006040608060C0696
:10FE50001006140618061C062006240628062B0683
:10FE60002F06330637063B063F06430647064B067A
:10FE70004F06530657065B065E06620666066A066E
:10FE80006E06720676067A067E0682068506890664
:10FE90008D069106950699069D06A106A506A9065A
:10FEA000AC06B006B406B806BC06C006C406C80652
:10FEB000CB06CF06D306D706DB06DF06E306E7064A
:10FEC000EA06EE06F206F606FA06FE060207050741
:10FED00009070D071107150719071D072007240734
:10FEE00028072C073007340737073B073F0743072E
:10FEF00047074B074E07520756075A075E07620728
:10FF0000650769076D077107750779077C07800723
:10FF1000840788078C078F07930797079B079F071E
:10FF2000A207A607AA07AE07B207B507B907BD071C
:10FF3000C107C507C807CC07D007D407D807DB0718
:10FF4000DF07E307E707EA07EE07F207F607FA0716
:10FF5000FD070108050809080C081008140818080E
:10FF60001B081F08230827082A082E08320836080D
:10FF700039083D084108450848084C08500854080D
:10FF800057085B085F08630866086A086E0871080E
:10FF9000750879087D088008840888088C088F080F
:10FFA000930897089A089E08D400D800DD00E10065
:10FFB000E500EA00EE00F200F700FB00FF0003019D
:10FFC00008010C011001150119011D012201260172
:10FFD0002A012E01330137013B0140014401480150
:10FFE0004D015101550159015E01620166016B012C
:10FFF0006F01730177017C018001840189018D010A
:02000004100BDF
:10000000910195019A019E01A201A601AB01AF01E8
:10001000B301B801BC01C001C401C901CD01D101C6
:10002000D501DA01DE01E201E601EB01EF01F301A6
:10003000F701FC010002040208020D021102150280
:1000400019021E02220226022A022F02330237025E
:100050003B024002440248024C025002550259023F
:100060005D02610266026A026E02720277027B0220
:100070007F02830287028C029002940298029C0203
:10008000A102A502A902AD02B102B602BA02BE02E5
:10009000C202C602CB02CF02D302D702DB02E002C9
:1000A000E402E802EC02F002F502F902FD020103AB
:1000B00005030A030E03120316031A031E03230388
:1000C00027032B032F03330337033C03400344036D
:1000D00048034C035003550359035D036103650353
:1000E00069036E03720376037A037E038203860339
:1000F0008B038F03930397039B039F03A303A8031F
:10010000AC03B003B403B803BC03C003C403C90306
:10011000CD03D103D503D903DD03E103E503EA03EE
:10012000EE03F203F603FA03FE03020406040B04D3
:100130000F04130417041B041F04230427042B04B7
:100140002F04340438043C044004440448044C04A0
:100150005004540458045C046104650469046D048B
:100160007104750479047D048104850489048D0477
:10017000910496049A049E04A204A604AA04AE0460
:10018000B204B604BA04BE04C204C604CA04CE044F
:10019000D204D604DA04DF04E304E704EB04EF043A
:1001A000F304F704FB04FF04030507050B050F0523
:1001B000130517051B051F05230527052B052F050F
:1001C000330537053B053F05430547054B054F05FF
:1001D000530557055B055F05630567056B056F05EF
:1001E000730577057B057F05830587058B058F05DF
:1001F000930597059B059F05A305A705AB05AF05CF
:10020000B305B705BB05BF05C305C705CB05CF05BE
:10021000D305D705DB05DF05E305E705EB05EF05AE
:10022000F305F705FB05FF05030607060A060E069C
:10023000120616061A061E06220626062A062E068E
:10024000320636063A063E06420646064A064D067F
:100250005106550659065D066106650669066D0676
:100260007106750679067D068006840688068C066A
:100270009006940698069C06A006A406A806AB065F
:10028000AF06B306B706BB06BF06C306C706CB0656
:10029000CE06D206D606DA06DE06E206E606EA064E
:1002A000EE06F106F506F906FD0601070507090742
:1002B0000D071007140718071C0720072407280735
:1002C0002B072F07330737073B073F07430746072F
:1002D0004A074E07520756075A075D076107650729
:1002E00069076D077107740778077C078007840723
:1002F00088078B078F07930797079B079F07A2071E
:10030000A607AA07AE07B207B507B907BD07C10719
:10031000C507C807CC07D007D407D807DB07DF0716
:10032000E307E707EB07EE07F207F607FA07FE0712
:100330000108050809080D081008140818081C0809
:100340002008230827082B082F08320836083A0807
:100350003E084108450849084D0850085408580807
:100360005C085F08630867086B086E087208760807
:100370007A087D088108850889088C089008940807
:1003800097089B089F08A308A608AA08AE08B20809
:10039000B508EA00EE00F300F700FB00FF000401DF
:1003A00008010C011101150119011E01220126018C
:1003B0002B012F01330137013C0140014401490168
:1003C0004D01510156015A015E01620167016B0145
:1003D0006F01740178017C018001850189018D0123
:1003E000920196019A019E01A301A701AB01AF0101
:1003F000B401B801BC01C101C501C901CD01D201DF
:10040000D601DA01DE01E301E701EB01EF01F401BE
:10041000F801FC010002050209020D021102160298
:100420001A021E02220227022B022F023302380276
:100430003C024002440249024D02510255025A0256
:100440005E02620266026A026F02730277027B0238
:100450008002840288028C029002950299029D0219
:10046000A102A602AA02AE02B202B602BB02BF02FB
:10047000C302C702CB02D002D402D802DC02E002DF
:10048000E502E902ED02F102F502FA02FE020203C0
:1004900006030A030F03130317031B031F0323039E
:1004A00028032C033003340338033D034103450381
:1004B00049034D03510356035A035E036203660367
:1004C0006A036F03730377037B037F03830387034D
:1004D0008C039003940398039C03A003A503A90332
:1004E000AD03B103B503B903BD03C203C603CA0319
:1004F000CE03D203D603DA03DE03E303E703EB0301
:10050000EF03F303F703FB03FF03040408040C04E5
:100510001004140418041C042004240429042D04C9
:100520003104350439043D044104450449044E04B2
:10053000520456045A045E04620466046A046E049B
:10054000720476047B047F04830487048B048F0485
:10055000930497049B049F04A304A704AB04B00472
:10056000B404B804BC04C004C404C804CC04D0045B
:10057000D404D804DC04E004E404E804EC04F0044B
:10058000F504F904FD040105050509050D0511052E
:10059000150519051D052105250529052D0531051B
:1005A000350539053D054105450549054D0551050B
:1005B000550559055D056105650569056D057105FB
:1005C000750579057E05820586058A058E059205E5
:1005D00096059A059E05A205A605AA05AE05B205D3
:1005E000B505B905BD05C105C505C905CD05D105CB
:1005F000D505D905DD05E105E505E905ED05F105BB
:10060000F505F905FD050106050609060D061106A5
:10061000150619061D062106250629062D06310692
:10062000350638063C064006440648064C06500689
:10063000540658065C066006640668066C0670067A
:10064000740678067B067F06830687068B068F0670
:10065000930697069B069F06A306A706AA06AE0664
:10066000B206B606BA06BE06C206C606CA06CE065A
:10067000D206D506D906DD06E106E506E906ED0651
:10068000F106F506F806FC060007040708070C0744
:100690001007140718071B071F07230727072B0737
:1006A0002F07330736073A073E07420746074A0730
:1006B0004E075207550759075D0761076507690728
:1006C0006C077007740778077C0780078407870723
:1006D0008B078F07930797079B079E07A207A6071D
:1006E000AA07AE07B207B507B907BD07C107C50717
:1006F000C807CC07D007D407D807DC07DF07E30714
:10070000E707EB07EF07F207F607FA07FE0702080D
:10071000050809080D081108150818081C08200804
:10072000240827082B082F08330837083A083E0802
:100730004208460849084D085108550859085C0800
:100740006008640868086B086F08730877087A08FF
:100750007E088208860889088D08910895089808FF
:100760009C08A008A408A708AB08AF08B308B608FF
:10077000BA08BE08C108C508C908CD0800010401AF
:1007800008010D01110115011A011E0122012701A5
:100790002B012F01340138013C0140014501490181
:1007A0004D01520156015A015F01630167016B015E
:1007B0007001740178017D018101850189018E013B
:1007C000920196019B019F01A301A701AC01B00119
:1007D000B401B901BD01C101C501CA01CE01D201F7
:1007E000D601DB01DF01E301E701EC01F001F401D7
:1007F000F901FD01010205020A020E0212021602AF
:100800001B021F02230227022C023002340238028C
:100810003D024102450249024E02520256025A026C
:100820005E02630267026B026F02740278027C024E
:100830008002850289028D02910295029A029E022F
:10084000A202A602AB02AF02B302B702BB02C00211
:10085000C402C802CC02D002D502D902DD02E102F4
:10086000E502EA02EE02F202F602FA02FF020303D6
:1008700007030B030F03140318031C0320032403B3
:1008800029032D033103350339033D034203460396
:100890004A034E03520357035B035F03630367037B
:1008A0006B037003740378037C0380038403890360
:1008B0008D039103950399039D03A203A603AA0345
:1008C000AE03B203B603BA03BF03C303C703CB032C
:1008D000CF03D303D703DC03E003E403E803EC0313
:1008E000F003F403F803FD030104050409040D04F7
:1008F0001104150419041E04220426042A042E04DB
:10090000320436043A043F04430447044B044F04C2
:10091000530457045B045F04630468046C047004AC
:10092000740478047C048004840488048C04910496
:10093000950499049D04A104A504A904AD04B1047F
:10094000B504B904BD04C204C604CA04CE04D2046A
:10095000D604DA04DE04E204E604EA04EE04F20457
:10096000F604FA04FE04030507050B050F0513053D
:1009700017051B051F05230527052B052F05330527
:1009800037053B053F05430547054B054F05530517
:1009900057055B055F05640568056C057005740502
:1009A00078057C058005840588058C0590059405EF
:1009B00098059C05A005A405A805AC05B005B405DF
:1009C000B805BC05C005C405C805CC05D005D405CF
:1009D000D805DC05E005E405E805EC05F005F405BF
:1009E000F805FC050006040608060C0610061306AA
:1009F00017061B061F06230627062B062F0633069F
:100A000037063B063F06430647064B064F0653068E
:100A100057065B065F06630667066B066F0672067F
:100A200076067A067E06820686068A068E06920676
:100A300096069A069E06A206A606AA06AD06B10668
:100A4000B506B906BD06C106C506C906CD06D1065E
:100A5000D506D906DC06E006E406E806EC06F00654
:100A6000F406F806FC060007030707070B070F0745
:100A7000130717071B071F07230727072A072E0738
:100A8000320736073A073E074207460749074D0730
:100A90005107550759075D076107640768076C0729
:100AA0007007740778077C078007830787078B0721
:100AB0008F07930797079A079E07A207A607AA071B
:100AC000AE07B207B507B907BD07C107C507C90714
:100AD000CC07D007D407D807DC07DF07E307E70711
:100AE000EB07EF07F307F607FA07FE070208060809
:100AF00009080D081108150819081C082008240801
:100B000028082C082F08330837083B083F084208FC
:100B100046084A084E085208550859085D086108F9
:100B2000640868086C087008740877087B087F08F8
:100B3000830886088A088E089208950899089D08F7
:100B4000A108A408A808AC08B008B408B708BB08F6
:100B5000BF08C208C608CA08CE08D108D508D908F7
:100B6000DD08E008E40816011A011E01230127012F
:100B70002B013001340138013D01410145014A0199
:100B80004E01520156015B015F01630168016C0176
:100B90007001740179017D01810186018A018E0154
:100BA000930197019B019F01A401A801AC01B00131
:100BB000B501B901BD01C201C601CA01CE01D3010F
:100BC000D701DB01E001E401E801EC01F101F501ED
:100BD000F901FD01020206020A020E0213021702C7
:100BE0001B021F02240228022C02300235023902A5
:100BF0003D02410246024A024E02520257025B0285
:100C00005F02630268026C027002740279027D0264
:100C1000810285028A028E02920296029A029F0245
:100C2000A302A702AB02B002B402B802BC02C00227
:100C3000C502C902CD02D102D602DA02DE02E20208
:100C4000E602EB02EF02F302F702FB0200030403E9
:100C500008030C031003150319031D0321032503C7
:100C60002A032E03320336033A033F0343034703A9
:100C70004B034F03530358035C036003640368038F
:100C80006C037103750379037D03810386038A0373
:100C90008E03920396039A039F03A303A703AB0358
:100CA000AF03B303B703BC03C003C403C803CC033F
:100CB000D003D503D903DD03E103E503E903ED0325
:100CC000F203F603FA03FE03020406040A040F0407
:100CD000130417041B041F04230427042B043004EB
:100CE000340438043C044004440448044C045004D4
:100CF000550459045D046104650469046D047104BC
:100D000075047A047E04820486048A048E049204A4
:100D100096049A049E04A304A704AB04AF04B3048E
:100D2000B704BB04BF04C304C704CB04CF04D4047A
:100D3000D804DC04E004E404E804EC04F004F40463
:100D4000F804FC040005040508050D05110515054A
:100D500019051D052105250529052D053105350533
:100D600039053D054105450549054D055105550523
:100D70005A055E05620566056A056E05720576050B
:100D80007A057E05820586058A058E0592059605FB
:100D90009A059E05A205A605AA05AE05B205B605EB
:100DA000BA05BE05C205C605CA05CE05D205D605DB
:100DB000DA05DE05E205E605EA05EE05F205F605CB
:100DC000FA05FE05020606060A060E0612061606B5
:100DD0001A061E06220626062A062E0632063606A3
:100DE0003A063E06420646064A064E065206560693
:100DF0005A065E066206660669066D067106750687
:100E000079067D068106850689068D06910695067A
:100E100099069D06A106A506A906AD06B106B4066B
:100E2000B806BC06C006C406C806CC06D006D40662
:100E3000D806DC06E006E406E706EB06EF06F30656
:100E4000F706FB06FF06030707070B070F07130745
:100E500016071A071E07220726072A072E0732073A
:100E6000360739073D074107450749074D07510731
:100E7000550759075C076007640768076C07700728
:100E8000740778077B077F07830787078B078F0720
:100E9000930797079A079E07A207A607AA07AE0718
:100EA000B207B507B907BD07C107C507C907CC0712
:100EB000D007D407D807DC07E007E407E707EB070C
:100EC000EF07F307F707FA07FE07020806080A0804
:100ED0000E081108150819081D08210825082808FA
:100EE0002C083008340838083B083F0843084708F6
:100EF0004B084E08520856085A085E0861086508F3
:100F000069086D087108740878087C0880088308EF
:100F100087088B088F08930896089A089E08A208ED
:100F2000A508A908AD08B108B508B808BC08C008EC
:100F3000C408C708CB08CF08D308D608DA08DE08EB
:100F4000E208E508E908ED08F108F408F808FC08EB
:100F50002C013001350139013D01410146014A01B1
:100F60004E01530157015B016001640168016C018E
:100F70007101750179017E01820186018B018F016A
:100F8000930197019C01A001A401A901AD01B10148
:100F9000B501BA01BE01C201C601CB01CF01D30127
:100FA000D801DC01E001E401E901ED01F101F50105
:100FB000FA01FE01020207020B020F0213021802DD
:100FC0001C022002240229022D02310235023A02BB
:100FD0003E02420246024B024F02530257025C029B
:100FE0006002640268026D027102750279027E027B
:100FF000820286028A028F02930297029B02A0025B
:10100000A402A802AC02B002B502B902BD02C1023C
:10101000C602CA02CE02D202D602DB02DF02E3021D
:10102000E702EC02F002F402F802FC0201030503FD
:1010300009030D03110316031A031E0322032603DB
:101040002B032F03330337033B03400344034803BD
:101050004C035003550359035D03610365036903A2
:101060006E03720376037A037E03830387038B0385
:101070008F03930397039C03A003A403A803AC036B
:10108000B003B503B903BD03C103C503C903CE0350
:10109000D203D603DA03DE03E203E603EB03EF0336
:1010A000F303F703FB03FF03030408040C04100419
:1010B000140418041C042004250429042D043104FC
:1010C000350439043D04420446044A044E045204E3
:1010D00056045A045E04630467046B046F047304CB
:1010E00077047B047F04830488048C0490049404B4
:1010F00098049C04A004A404A804AC04B104B5049E
:10110000B904BD04C104C504C904CD04D104D50487
:10111000D904DE04E204E604EA04EE04F204F60470
:10112000FA04FE04020506050A050F051305170556
:101130001B051F05230527052B052F05330537053F
:101140003B053F05430547054B055005540558052C
:101150005C056005640568056C0570057405780517
:101160007C058005840588058C0590059405980507
:101170009C05A005A405A805AC05B005B405B905F6
:10118000BD05C105C505C905CD05D105D505D905DF
:10119000DD05E105E505E905ED05F105F505F905CF
:1011A000FD050106050609060D06110615061906B8
:1011B0001D062106250629062D06310635063906A7
:1011C0003D064106450649064D0651065506580698
:1011D0005C066006640668066C067006740678068F
:1011E0007C068006840688068C069006940698067F
:1011F0009C06A006A406A806AC06B006B406B8066F
:10120000BB06BF06C306C706CB06CF06D306D70666
:10121000DB06DF06E306E706EB06EF06F306F70656
:10122000FA06FE06020706070A070E071207160748
:101230001A071E072207260729072D07310735073A
:1012400039073D074107450749074D07510754072F
:1012500058075C076007640768076C077007740726
:1012600077077B077F07830787078B078F0793071E
:1012700096079A079E07A207A607AA07AE07B20716
:10128000B507B907BD07C107C507C907CD07D0070F
:10129000D407D807DC07E007E407E807EB07EF0708
:1012A000F307F707FB07FF07030806080A080E08FD
:1012B000120816081A081D082108250829082D08F3
:1012C0003008340838083C084008440847084B08F0
:1012D0004F08530857085A085E08620866086A08EB
:1012E0006E087108750879087D08810884088808E7
:1012F0008C089008940897089B089F08A308A608E4
:10130000AA08AE08B208B608B908BD08C108C508E1
:10131000C808CC08D008D408D808DB08DF08E308E0
:10132000E708EA08EE08F208F608F908FD080109DE
:10133000050908090C0910091409420146014B016D
:101340004F01530158015C016001640169016D01A5
:10135000710176017A017E01830187018B018F0182
:10136000940198019C01A101A501A901AD01B2015F
:10137000B601BA01BF01C301C701CB01D001D4013D
:10138000D801DD01E101E501E901EE01F201F6011B
:10139000FA01FF01030207020C02100214021802F4
:1013A0001D022102250229022E02320236023A02D1
:1013B0003F02430247024B025002540258025C02B1
:1013C0006102650269026D02720276027A027E0291
:1013D000830287028B028F02940298029C02A00271
:1013E000A502A902AD02B102B602BA02BE02C20251
:1013F000C602CB02CF02D302D702DC02E002E40233
:10140000E802EC02F102F502F902FD020203060312
:101410000A030E03120317031B031F0323032703EF
:101420002C033003340338033C03410345034903D1
:101430004D03510356035A035E03620366036B03B5
:101440006F03730377037B038003840388038C0398
:101450009003940399039D03A103A503A903AE037D
:10146000B203B603BA03BE03C203C703CB03CF0361
:10147000D303D703DB03E003E403E803EC03F00347
:10148000F403F803FD030104050409040D04110429
:1014900016041A041E04220426042A042E0433040B
:1014A00037043B043F04430447044B0450045404F2
:1014B00058045C046004640468046C0471047504DA
:1014C00079047D048104850489048D0491049604C3
:1014D0009A049E04A204A604AA04AE04B204B604AC
:1014E000BB04BF04C304C704CB04CF04D304D70494
:1014F000DB04DF04E404E804EC04F004F404F8047E
:10150000FC040005040508050C0511051505190561
:101510001D052105250529052D053105350539054B
:101520003D05410546054A054E05520556055A0535
:101530005E05620566056A056E05720576057A0523
:101540007E05820586058A058F05930597059B050F
:101550009F05A305A705AB05AF05B305B705BB05FB
:10156000BF05C305C705CB05CF05D305D705DB05EB
:10157000DF05E305E705EB05EF05F305F705FB05DB
:10158000FF05030607060B060F06130617061B06C4
:101590001F06230627062B062F06330637063B06B3
:1015A0003F06430647064B064F06530657065B06A3
:1015B0005F06630667066B066F06730677067B0693
:1015C0007F06830687068B068F06930697069B0683
:1015D0009F06A306A706AB06AF06B306B706BB0673
:1015E000BF06C306C706CB06CE06D206D606DA0667
:1015F000DE06E206E606EA06EE06F206F606FA065B
:10160000FE06020706070A070E0711071507190746
:101610001D072107250729072D073107350739073A
:101620003D074107450748074C075007540758072F
:101630005C076007640768076C0770077307770724
:101640007B077F07830787078B078F07930796071B
:101650009A079E07A207A607AA07AE07B207B60712
:10166000B907BD07C107C507C907CD07D107D5070A
:10167000D807DC07E007E407E807EC07F007F30703
:10168000F707FB07FF07030807080B080E081208F7
:1016900016081A081E082208260829082D083108ED
:1016A000350839083D084008440848084C085008E7
:1016B000540857085B085F08630867086B086E08E2
:1016C000720876087A087E088108850889088D08DE
:1016D0009108940898089C08A008A408A708AB08DB
:1016E000AF08B308B708BA08BE08C208C608CA08D7
:1016F000CD08D108D508D908DD08E008E408E808D5
:10170000EC08EF08F308F708FB08FF0802090609D0
:101710000A090E091109150919091D0920092409C9
:1017200028092C0958015C016101650169016E01FC
:10173000720176017B017F01830187018C01900199
:10174000940199019D01A101A601AA01AE01B20176
:10175000B701BB01BF01C401C801CC01D001D50153
:10176000D901DD01E201E601EA01EE01F301F70131
:10177000FB010002040208020C0211021502190208
:101780001D02220226022A022E02330237023B02E7
:101790004002440248024C025102550259025D02C5
:1017A000620266026A026E02730277027B027F02A5
:1017B000840288028C029002950299029D02A10285
:1017C000A602AA02AE02B202B702BB02BF02C30265
:1017D000C702CC02D002D402D802DD02E102E50247
:1017E000E902EE02F202F602FA02FE020303070326
:1017F0000B030F03140318031C0320032403290302
:101800002D033103350339033E03420346034A03E4
:101810004E03530357035B035F03630368036C03C7
:101820007003740378037D038103850389038D03AB
:10183000920396039A039E03A203A703AB03AF038D
:10184000B303B703BB03C003C403C803CC03D00373
:10185000D403D903DD03E103E503E903ED03F20358
:10186000F603FA03FE03020406040B040F04130438
:1018700017041B041F04240428042C04300434041B
:1018800038043C044104450449044D045104550402
:1018900059045E04620466046A046E0472047604E9
:1018A0007B047F04830487048B048F0493049704D0
:1018B0009C04A004A404A804AC04B004B404B804B8
:1018C000BC04C104C504C904CD04D104D504D904A1
:1018D000DD04E104E604EA04EE04F204F604FA048A
:1018E000FE04020506050A050F05130517051B056D
:1018F0001F05230527052B052F05330537053B0558
:101900004005440548054C055005540558055C053F
:101910006005640568056C057005740579057D052D
:101920008105850589058D059105950599059D0517
:10193000A105A505A905AD05B105B505B905BD0507
:10194000C205C605CA05CE05D205D605DA05DE05EF
:10195000E205E605EA05EE05F205F605FA05FE05DF
:10196000020606060A060E06120616061A061E06C7
:10197000220626062A062E06320636063A063E06B7
:10198000420646064A064E06520656065A065E06A7
:10199000620666066A066E06720676067A067E0697
:1019A000820686068A068E06920696069A069E0687
:1019B000A206A606AA06AE06B206B606BA06BE0677
:1019C000C206C606CA06CE06D206D606DA06DE0667
:1019D000E206E606EA06EE06F106F506F906FD065B
:1019E0000107050709070D071107150719071D0747
:1019F0002107250729072D073107350738073C0739
:101A00004007440748074C075007540758075C072E
:101A10006007640768076B076F07730777077B0723
:101A20007F07830787078B078F07930797079A0717
:101A30009E07A207A607AA07AE07B207B607BA070E
:101A4000BD07C107C507C907CD07D107D507D90706
:101A5000DD07E007E407E807EC07F007F407F807FD
:101A6000FC07FF07030807080B080F0813081708EF
:101A70001B081E08220826082A082E0832083608E5
:101A800039083D084108450849084D0850085408E0
:101A900058085C086008640868086B086F087308D9
:101AA00077087B087F08820886088A088E089208D3
:101AB000950899089D08A108A508A908AC08B008D0
:101AC000B408B808BC08BF08C308C708CB08CF08CB
:101AD000D208D608DA08DE08E208E508E908ED08C9
:101AE000F108F508F808FC080009040908090B09C1
:101AF0000F09130917091A091E09220926092A09BB
:101B00002D093109350939093C09400944096E019B
:101B1000730177017B018001840188018D019101AE
:101B2000950199019E01A201A601AB01AF01B3018C
:101B3000B701BC01C001C401C901CD01D101D60169
:101B4000DA01DE01E201E701EB01EF01F401F80146
:101B5000FC010002050209020D02110216021A021E
:101B60001E02230227022B022F02340238023C02FB
:101B70004002450249024D02520256025A025E02DA
:101B8000630267026B026F02740278027C028002B9
:101B9000850289028D02910296029A029E02A20299
:101BA000A702AB02AF02B302B802BC02C002C40279
:101BB000C902CD02D102D502D902DE02E202E6025A
:101BC000EA02EF02F302F702FB0200030403080338
:101BD0000C031003150319031D03210326032A0315
:101BE0002E03320336033B033F03430347034C03F7
:101BF0005003540358035C036103650369036D03D9
:101C0000710376037A037E03820386038B038F03BB
:101C1000930397039B03A003A403A803AC03B0039F
:101C2000B503B903BD03C103C503C903CE03D20382
:101C3000D603DA03DE03E303E703EB03EF03F30367
:101C4000F703FC030004040408040C041004150446
:101C500019041D042104250429042E043204360429
:101C60003A043E04420446044B044F045304570410
:101C70005B045F04630468046C04700474047804F7
:101C80007C048004850489048D04910495049904DE
:101C90009D04A204A604AA04AE04B204B604BA04C5
:101CA000BE04C304C704CB04CF04D304D704DB04AD
:101CB000DF04E404E804EC04F004F404F804FC0495
:101CC0000005040508050D051105150519051D0577
:101CD0002105250529052D05310536053A053E0561
:101CE000420546054A054E05520556055A055E054C
:101CF000620567056B056F05730577057B057F0535
:101D0000830587058B058F05930597059C05A00521
:101D1000A405A805AC05B005B405B805BC05C0050B
:101D2000C405C805CC05D005D405D805DC05E005FB
:101D3000E405E905ED05F105F505F905FD050106E3
:101D4000050609060D061106150619061D062106CB
:101D5000250629062D063106350639063D064106BB
:101D6000450649064D065106550659065D066106AB
:101D7000650669066D067106750679067D0681069B
:101D8000850689068D069106950699069D06A1068B
:101D9000A506A906AD06B106B506B906BD06C1067B
:101DA000C506C906CD06D106D506D906DD06E1066B
:101DB000E506E906ED06F106F506F906FD0601075A
:101DC000050709070D071107150719071D07210743
:101DD000240728072C073007340738073C0740073B
:101DE000440748074C075007540758075C0760072B
:101DF000640767076B076F07730777077B077F0722
:101E0000830787078B078F07930797079B079E0713
:101E1000A207A607AA07AE07B207B607BA07BE070A
:101E2000C207C607C907CD07D107D507D907DD0700
:101E3000E107E507E907ED07F007F407F807FC07F6
:101E40000008040808080C080F08130817081B08E6
:101E50001F08230827082B082F08320836083A08DD
:101E60003E08420846084A084D08510855085908D6
:101E70005D086108650868086C08700874087808CF
:101E80007C088008830887088B088F0893089708C8
:101E90009A089E08A208A608AA08AE08B108B508C4
:101EA000B908BD08C108C508C808CC08D008D408BE
:101EB000D808DB08DF08E308E708EB08EF08F208BA
:101EC000F608FA08FE080209050909090D091109B1
:101ED000150918091C092009240928092B092F09AB
:101EE000330937093A093E09420946094A094D09A9
:101EF0005109550959095C09850189018D01920132
:101F000096019A019F01A301A701AB01B001B401A1
:101F1000B801BD01C101C501CA01CE01D201D6017E
:101F2000DB01DF01E301E801EC01F001F401F9015B
:101F3000FD01010206020A020E02120217021B0232
:101F40001F02230228022C023002350239023D0210
:101F5000410246024A024E02520257025B025F02EF
:101F6000640268026C027002750279027D028102CD
:101F700086028A028E02920297029B029F02A302AD
:101F8000A802AC02B002B402B902BD02C102C5028D
:101F9000CA02CE02D202D602DB02DF02E302E7026D
:101FA000EC02F002F402F802FD020103050309034A
:101FB0000D03120316031A031E03230327032B0327
:101FC0002F03340338033C034003440349034D0308
:101FD000510355035A035E03620366036A036F03EA
:101FE000730377037B037F03840388038C039003CD
:101FF000940399039D03A103A503A903AE03B203B0
:10200000B603BA03BE03C303C703CB03CF03D30393
:10201000D803DC03E003E403E803EC03F103F50376
:10202000F903FD03010406040A040E041204160455
:102030001A041F04230427042B042F043304380438
:102040003C044004440448044C045104550459041D
:102050005D046104650469046E04720476047A0404
:102060007E04820487048B048F04930497049B04EA
:102070009F04A404A804AC04B004B404B804BC04D1
:10208000C004C504C904CD04D104D504D904DD04B9
:10209000E104E604EA04EE04F204F604FA04FE04A1
:1020A000020507050B050F05130517051B051F0581
:1020B000230527052C053005340538053C0540056A
:1020C000440548054C055005550559055D05610554
:1020D000650569056D057105750579057D0582053F
:1020E00086058A058E05920596059A059E05A20528
:1020F000A605AA05AE05B205B705BB05BF05C30514
:10210000C705CB05CF05D305D705DB05DF05E305FF
:10211000E705EB05EF05F305F705FC0500060406EA
:1021200008060C061006140618061C0620062406CF
:1021300028062C063006340638063C0640064406BF
:1021400048064C065006540658065C0660066406AF
:1021500068066D067106750679067D068106850698
:1021600089068D069106950699069D06A106A50687
:10217000A906AD06B106B506B906BD06C106C50677
:10218000C906CD06D106D506D906DD06E106E50667
:10219000E906ED06F106F506F806FC060007040759
:1021A00008070C071007140718071C072007240747
:1021B00028072C073007340738073C074007440737
:1021C00048074C075007540758075C076007640727
:1021D00067076B076F07730777077B077F0783071F
:1021E00087078B078F07930797079B079F07A3070F
:1021F000A607AA07AE07B207B607BA07BE07C20707
:10220000C607CA07CE07D207D607D907DD07E107F9
:10221000E507E907ED07F107F507F907FD070108ED
:10222000040808080C081008140818081C082008DE
:10223000240827082B082F08330837083B083F08D5
:10224000430847084A084E08520856085A085E08CC
:102250006208660869086D087108750879087D08C4
:102260008108840888088C089008940898089C08BD
:102270009F08A308A708AB08AF08B308B708BA08B7
:10228000BE08C208C608CA08CE08D108D508D908B1
:10229000DD08E108E508E808EC08F008F408F808AB
:1022A000FC08FF08030907090B090F0912091609A1
:1022B0001A091E092209250929092D09310935099B
:1022C00038093C094009440948094B094F09530999
:1022D00057095B095E09620966096A096E09710995
:1022E00075099B019F01A401A801AC01B101B501D1
:1022F000B901BE01C201C601CA01CF01D301D70194
:10230000DC01E001E401E801ED01F101F501FA0170
:10231000FE01020207020B020F02130218021C0246
:102320002002250229022D02310236023A023E0223
:10233000420247024B024F02540258025C02600202
:10234000650269026D02710276027A027E028302E0
:1023500087028B028F02940298029C02A002A502BF
:10236000A902AD02B102B602BA02BE02C202C7029F
:10237000CB02CF02D302D802DC02E002E402E9027F
:10238000ED02F102F502FA02FE02020306030B035C
:102390000F03130317031C032003240328032C0338
:1023A0003103350339033D03420346034A034E0319
:1023B000520357035B035F03630368036C037003FB
:1023C000740378037D038103850389038E039203DD
:1023D00096039A039E03A303A703AB03AF03B303C0
:1023E000B803BC03C003C403C803CD03D103D503A2
:1023F000D903DD03E203E603EA03EE03F203F70386
:10240000FB03FF03030407040B0410041404180463
:102410001C042004250429042D0431043504390446
:102420003E04420446044A044E04520457045B042A
:102430005F04630467046B047004740478047C0410
:102440008004840489048D049104950499049D04F6
:10245000A104A604AA04AE04B204B604BA04BE04DD
:10246000C304C704CB04CF04D304D704DB04E004C3
:10247000E404E804EC04F004F404F804FC040105AA
:10248000050509050D051105150519051D0522058B
:1024900026052A052E05320536053A053E05420574
:1024A00047054B054F05530557055B055F0563055C
:1024B00067056C057005740578057C058005840545
:1024C00088058C059005940599059D05A105A50530
:1024D000A905AD05B105B505B905BD05C105C5051C
:1024E000CA05CE05D205D605DA05DE05E205E60504
:1024F000EA05EE05F205F605FA05FE0502060706F1
:102500000B060F06130617061B061F0623062706D3
:102510002B062F06330637063B063F0643064706C3
:102520004B064F06530658065C06600664066806AE
:102530006C067006740678067C068006840688069B
:102540008C069006940698069C06A006A406A8068B
:10255000AC06B006B406B806BC06C006C406C8067B
:10256000CC06D006D406D806DC06E006E406E8066B
:10257000EC06F006F406F806FC0600070407080758
:102580000C071007140718071C0720072407280743
:102590002C073007340738073C0740074407480733
:1025A0004C075007540758075C0760076407680723
:1025B0006B076F07730777077B077F07830787071B
:1025C0008B078F07930797079B079F07A307A7070B
:1025D000AB07AF07B307B707BA07BE07C207C607FF
:1025E000CA07CE07D207D607DA07DE07E207E607F3
:1025F000EA07EE07F107F507F907FD0701080508E7
:1026000009080D081108150819081D0820082408D4
:1026100028082C083008340838083C0840084408CA
:1026200047084B084F08530857085B085F086308C2
:1026300067086A086E08720876087A087E088208B9
:10264000860889088D089108950899089D08A108B1
:10265000A508A808AC08B008B408B808BC08C008A9
:10266000C308C708CB08CF08D308D708DB08DE08A3
:10267000E208E608EA08EE08F208F508F908FD089D
:102680000109050909090D091009140918091C098E
:102690002009230927092B092F09330937093A098A
:1026A0003E09420946094A094D0951095509590986
:1026B0005D096109640968096C0970097409770981
:1026C0007B097F09830987098A098E09B201B6014E
:1026D000BA01BF01C301C701CB01D001D401D801A8
:1026E000DD01E101E501EA01EE01F201F601FB0184
:1026F000FF01030208020C021002140219021D025B
:10270000210226022A022E02320237023B023F0237
:10271000440248024C025002550259025D02620214
:1027200066026A026E02730277027B027F028402F3
:1027300088028C029102950299029D02A202A602D1
:10274000AA02AE02B302B702BB02BF02C402C802B1
:10275000CC02D002D502D902DD02E102E602EA0291
:10276000EE02F202F702FB02FF02030308030C036E
:102770001003140319031D03210325032A032E0349
:10278000320336033B033F03430347034C03500329
:10279000540358035C036103650369036D0372030B
:1027A00076037A037E03820387038B038F039303ED
:1027B00098039C03A003A403A803AD03B103B503CE
:1027C000B903BD03C203C603CA03CE03D203D703B2
:1027D000DB03DF03E303E703EC03F003F403F80395
:1027E000FC030104050409040D04110416041A0471
:1027F0001E04220426042B042F04330437043B0454
:102800003F04440448044C045004540459045D0437
:102810006104650469046D04720476047A047E041C
:10282000820486048B048F04930497049B049F0402
:10283000A404A804AC04B004B404B804BC04C104E7
:10284000C504C904CD04D104D504DA04DE04E204CD
:10285000E604EA04EE04F204F704FB04FF040305B3
:1028600007050B050F05130518051C052005240594
:1028700028052C053005340539053D05410545057C
:1028800049054D05510555055A055E056205660564
:102890006A056E05720576057A057F05830587054D
:1028A0008B058F05930597059B059F05A305A80537
:1028B000AC05B005B405B805BC05C005C405C80520
:1028C000CC05D005D505D905DD05E105E505E9050A
:1028D000ED05F105F505F905FD05010605060A06F4
:1028E0000E06120616061A061E06220626062A06D8
:1028F0002E06320636063A063E06420646064B06C7
:102900004F06530657065B065F06630667066B06AF
:102910006F06730677067B067F06830687068B069F
:102920008F06930697069B069F06A306A806AC068D
:10293000B006B406B806BC06C006C406C806CC0677
:10294000D006D406D806DC06E006E406E806EC0667
:10295000F006F406F806FC060007040708070C0753
:102960001007140718071C072007240728072C073F
:102970003007340738073C074007440748074C072F
:102980005007540758075C076007640768076C071F
:102990007007740778077C077F07830787078B0713
:1029A0008F07930797079B079F07A307A707AB0707
:1029B000AF07B307B707BB07BF07C307C707CB07F7
:1029C000CF07D307D707DA07DE07E207E607EA07EC
:1029D000EE07F207F607FA07FE07020806080A08DC
:1029E0000E081208160819081D08210825082908CC
:1029F0002D083108350839083D08410845084808C0
:102A00004C085008540858085C08600864086808B6
:102A10006C086F08730877087B087F0883088708AD
:102A20008B088F08930896089A089E08A208A608A3
:102A3000AA08AE08B208B508B908BD08C108C5089B
:102A4000C908CD08D108D408D808DC08E008E40893
:102A5000E808EC08EF08F308F708FB08FF0803098B
:102A600007090A090E09120916091A091E0922097D
:102A7000250929092D093109350939093C09400978
:102A8000440948094C095009530957095B095F0972
:102A9000630967096A096E09720976097A097D096D
:102AA0008109850989098D099109940998099C0969
:102AB000A009A409A709C801CD01D101D501D901F7
:102AC000DE01E201E601EB01EF01F301F801FC0197
:102AD0000002040209020D02110216021A021E026D
:102AE000220227022B022F02340238023C0241024A
:102AF000450249024D02520256025A025E02630228
:102B000067026B027002740278027C028102850205
:102B100089028E02920296029A029F02A302A702E3
:102B2000AB02B002B402B802BD02C102C502C902C2
:102B3000CE02D202D602DA02DF02E302E702EB02A1
:102B4000F002F402F802FC020103050309030D037D
:102B5000120316031A031E03230327032B032F0359
:102B6000340338033C034003450349034D03510339
:102B700056035A035E03620366036B036F0373031A
:102B800077037C038003840388038D0391039503FB
:102B900099039D03A203A603AA03AE03B303B703DD
:102BA000BB03BF03C303C803CC03D003D403D803C0
:102BB000DD03E103E503E903EE03F203F603FA03A1
:102BC000FE03030407040B040F04130418041C047D
:102BD0002004240428042D043104350439043D0460
:102BE000410446044A044E04520456045B045F0444
:102BF000630467046B047004740478047C04800428
:102C0000840489048D049104950499049D04A2040C
:102C1000A604AA04AE04B204B604BB04BF04C304F1
:102C2000C704CB04CF04D404D804DC04E004E404D7
:102C3000E804EC04F104F504F904FD0401050505BC
:102C400009050E05120516051A051E05220526059D
:102C50002B052F05330537053B053F054305480583
:102C60004C055005540558055C056005640569056B
:102C70006D057105750579057D05810585058A0553
:102C80008E05920596059A059E05A205A605AA053C
:102C9000AF05B305B705BB05BF05C305C705CB0524
:102CA000CF05D305D805DC05E005E405E805EC050E
:102CB000F005F405F805FC050006040609060D06F6
:102CC0001106150619061D062106250629062D06DC
:102CD000310635063A063E06420646064A064E06C6
:102CE000520656065A065E06620666066A066E06B4
:102CF000720676067B067F06830687068B068F069E
:102D0000930697069B069F06A306A706AB06AF068B
:102D1000B306B706BB06BF06C306C706CB06CF067B
:102D2000D306D706DC06E006E406E806EC06F00665
:102D3000F406F806FC060007040708070C0710074E
:102D4000140718071C072007240728072C0730073B
:102D5000340738073C074007440748074C0750072B
:102D6000540758075C076007640768076C0770071B
:102D7000740778077C078007840788078C0790070B
:102D8000940798079C07A007A407A807AC07B007FB
:102D9000B307B707BB07BF07C307C707CB07CF07F3
:102DA000D307D707DB07DF07E307E707EB07EF07E3
:102DB000F307F707FB07FF07030807080B080E08D0
:102DC000120816081A081E08220826082A082E08C3
:102DD000320836083A083E08420846084A084D08B4
:102DE0005108550859085D086108650869086D08AB
:102DF0007108750879087C088008840888088C08A0
:102E00009008940898089C08A008A408A708AB0894
:102E1000AF08B308B708BB08BF08C308C708CA088B
:102E2000CE08D208D608DA08DE08E208E608EA0882
:102E3000ED08F108F508F908FD0801090509090977
:102E40000C091009140918091C092009240927096B
:102E50002B092F09330937093B093F094209460964
:102E60004A094E095209560959095D09610965095E
:102E700069096D097109740978097C098009840957
:102E800088098B098F09930997099B099E09A20953
:102E9000A609AA09AE09B209B509B909BD09C1094E
:102EA000DF01E301E801EC01F001F401F901FD01AA
:102EB000010206020A020E02130217021B021F027F
:102EC000240228022C023102350239023E0242025B
:102ED00046024A024F02530257025C026002640239
:102EE00068026D02710275027A027E028202860217
:102EF0008B028F02930297029C02A002A402A902F5
:102F0000AD02B102B502BA02BE02C202C602CB02D3
:102F1000CF02D302D802DC02E002E402E902ED02B1
:102F2000F102F502FA02FE02020306030B030F038D
:102F3000130317031C032003240328032D03310369
:102F4000350339033E03420346034A034F03530349
:102F500057035B036003640368036C037103750329
:102F600079037D03820386038A038E039303970309
:102F70009B039F03A303A803AC03B003B403B903EB
:102F8000BD03C103C503C903CE03D203D603DA03CD
:102F9000DF03E303E703EB03EF03F403F803FC03AE
:102FA0000004050409040D04110415041A041E0488
:102FB000220426042A042F04330437043B043F046C
:102FC000440448044C045004540459045D0461044E
:102FD000650469046E04720476047A047E04820433
:102FE00087048B048F04930497049C04A004A40416
:102FF000A804AC04B004B504B904BD04C104C504FC
:10300000C904CE04D204D604DA04DE04E204E704E0
:10301000EB04EF04F304F704FB04000504050805C2
:103020000C051005140518051D05210525052905A4
:103030002D05310536053A053E05420546054A058A
:103040004E05530557055B055F05630567056B0571
:103050006F05740578057C058005840588058C0559
:103060009005950599059D05A105A505A905AD0541
:10307000B105B605BA05BE05C205C605CA05CE0529
:10308000D205D605DB05DF05E305E705EB05EF0512
:10309000F305F705FB050006040608060C061006F6
:1030A000140618061C062006240628062D063106DE
:1030B000350639063D064106450649064D065106C8
:1030C000550659065D06620666066A066E067206B3
:1030D00076067A067E06820686068A068E069206A0
:1030E00096069A069F06A306A706AB06AF06B3068A
:1030F000B706BB06BF06C306C706CB06CF06D30678
:10310000D706DB06DF06E306E706EB06F006F40665
:10311000F806FC060007040708070C071007140749
:1031200018071C072007240728072C073007340737
:1031300038073C074007440748074C075007540727
:1031400058075C076007640768076C077007740717
:1031500078077C078007840788078C079007940707
:1031600098079C07A007A407A807AC07B007B407F7
:10317000B807BC07C007C407C807CC07D007D407E7
:10318000D807DC07E007E407E807EC07F007F407D7
:10319000F807FC070008040808080B080F081308C4
:1031A00017081B081F08230827082B082F083308B7
:1031B00037083B083F08430847084B084F085308A7
:1031C00057085A085E08620866086A086E0872089E
:1031D00076087A087E08820886088A088E08910890
:1031E000950899089D08A108A508A908AD08B10887
:1031F000B508B908BD08C008C408C808CC08D0087C
:10320000D408D808DC08E008E408E708EB08EF0871
:10321000F308F708FB08FF08030907090B090E0963
:10322000120916091A091E09220926092A092D0957
:103230003109350939093D094109450949094C094F
:103240005009540958095C096009640967096B0948
:103250006F09730977097B097F09820986098A0941
:103260008E099209960999099D09A109A509A9093B
:10327000AD09B009B409B809BC09C009C409C70936
:10328000CB09CF09D309D709DB09F601FA01FE0101
:10329000030207020B021002140218021D0221028F
:1032A000250229022E02320236023B023F0243026D
:1032B00047024C025002540259025D02610266024A
:1032C0006A026E02720277027B027F028402880227
:1032D0008C029002950299029D02A202A602AA0205
:1032E000AE02B302B702BB02BF02C402C802CC02E4
:1032F000D102D502D902DD02E202E602EA02EE02C2
:10330000F302F702FB020003040308030C0311039A
:10331000150319031D03220326032A032E03330377
:1033200037033B033F03440348034C035003550357
:1033300059035D03610366036A036E037203770337
:103340007B037F03830388038C0390039403990317
:103350009D03A103A503AA03AE03B203B603BB03F7
:10336000BF03C303C703CB03D003D403D803DC03D9
:10337000E103E503E903ED03F103F603FA03FE03BA
:10338000020407040B040F04130417041C04200494
:10339000240428042D043104350439043D04420476
:1033A00046044A044E04520457045B045F04630459
:1033B00067046C047004740478047C04810485043C
:1033C00089048D04910496049A049E04A204A60420
:1033D000AA04AF04B304B704BB04BF04C404C80404
:1033E000CC04D004D404D804DD04E104E504E904E9
:1033F000ED04F204F604FA04FE04020506050B05CA
:103400000F05130517051B051F05230528052C05AA
:103410003005340538053C054105450549054D0590
:103420005105550559055E05620566056A056E0577
:10343000720577057B057F05830587058B058F055D
:10344000930598059C05A005A405A805AC05B00545
:10345000B505B905BD05C105C505C905CD05D1052C
:10346000D605DA05DE05E205E605EA05EE05F20514
:10347000F605FB05FF05030607060B060F061306F8
:1034800017061B062006240628062C0630063406DE
:1034900038063C064006440649064D0651065506C8
:1034A00059065D066106650669066D0671067506B4
:1034B0007A067E06820686068A068E06920696069C
:1034C0009A069E06A206A606AA06AF06B306B70689
:1034D000BB06BF06C306C706CB06CF06D306D70674
:1034E000DB06DF06E306E706EB06EF06F406F80662
:1034F000FC060007040708070C0710071407180745
:103500001C072007240728072C0730073407380733
:103510003C074007440748074C0750075407580723
:103520005D076107650769076D077107750779070B
:103530007D078107850789078D07910795079907FB
:103540009D07A107A507A907AD07B107B507B907EB
:10355000BD07C107C507C907CD07D107D507D907DB
:10356000DD07E107E507E907ED07F107F507F907CB
:10357000FD070108050809080D08100814081808B7
:103580001C082008240828082C08300834083808AB
:103590003C084008440848084C085008540858089B
:1035A0005C086008640868086C087008740877088C
:1035B0007B087F08830887088B088F089308970883
:1035C0009B089F08A308A708AB08AF08B308B60874
:1035D000BA08BE08C208C608CA08CE08D208D6086B
:1035E000DA08DE08E208E608E908ED08F108F5085F
:1035F000F908FD080109050909090D09110914094E
:1036000018091C092009240928092C093009340942
:1036100037093B093F09430947094B094F0953093A
:1036200057095A095E09620966096A096E09720931
:10363000760979097D098109850989098D09910929
:10364000950998099C09A009A409A809AC09B00921
:10365000B309B709BB09BF09C309C709CA09CE091C
:10366000D209D609DA09DE09E209E509E909ED0915
:10367000F109F5090D02110215021A021E022202B9
:1036800027022B022F02330238023C02400245027D
:1036900049024D02520256025A025E02630267025A
:1036A0006B027002740278027D0281028502890237
:1036B0008E02920296029B029F02A302A702AC0214
:1036C000B002B402B902BD02C102C502CA02CE02F2
:1036D000D202D702DB02DF02E302E802EC02F002D0
:1036E000F402F902FD02010306030A030E031203AA
:1036F00017031B031F03230328032C033003350385
:1037000039033D03410346034A034E035203570363
:103710005B035F03630368036C0370037403790343
:103720007D03810385038A038E03920396039B0323
:103730009F03A303A703AC03B003B403B803BD0303
:10374000C103C503C903CE03D203D603DA03DE03E4
:10375000E303E703EB03EF03F403F803FC030004C4
:10376000050409040D04110415041A041E0422049E
:1037700026042B042F04330437043B044004440480
:1037800048044C045104550459045D046104660462
:103790006A046E04720476047B047F048304870445
:1037A0008B049004940498049C04A004A504A90428
:1037B000AD04B104B504BA04BE04C204C604CA040C
:1037C000CF04D304D704DB04DF04E304E804EC04EF
:1037D000F004F404F804FD040105050509050D05D0
:1037E000110516051A051E05220526052A052F05B1
:1037F000330537053B053F05430548054C05500596
:10380000540558055C056105650569056D0571057B
:1038100075057A057E05820586058A058E05920561
:1038200097059B059F05A305A705AB05AF05B40547
:10383000B805BC05C005C405C805CC05D105D5052E
:10384000D905DD05E105E505E905ED05F205F60516
:10385000FA05FE05020606060A060E0613061706F8
:103860001B061F06230627062B062F0633063806DF
:103870003C064006440648064C06500654065806C8
:103880005D066106650669066D06710675067906B0
:103890007D06810685068A068E06920696069A069B
:1038A0009E06A206A606AA06AE06B206B706BB0686
:1038B000BF06C306C706CB06CF06D306D706DB0670
:1038C000DF06E306E706EB06F006F406F806FC065C
:1038D0000007040708070C071007140718071C0740
:1038E0002007240728072C073007350739073D072D
:1038F0004107450749074D075107550759075D0718
:103900006107650769076D077107750779077D0707
:103910008107850789078D079107950799079D07F7
:10392000A107A607AA07AE07B207B607BA07BE07E0
:10393000C207C607CA07CE07D207D607DA07DE07CF
:10394000E207E607EA07EE07F207F607FA07FE07BF
:10395000020806080A080E08120816081A081E08A7
:10396000220826082A082E08320836083A083E0897
:103970004108450849084D085108550859085D088F
:103980006108650869086D087108750879087D087F
:103990008108850889088D089108950899089D086F
:1039A000A108A508A908AD08B008B408B808BC0863
:1039B000C008C408C808CC08D008D408D808DC0857
:1039C000E008E408E808EC08EF08F308F708FB084B
:1039D000FF08030907090B090F09130917091B0938
:1039E0001F09220926092A092E09320936093A092E
:1039F0003E09420946094A094D0951095509590923
:103A00005D096109650969096D0971097409780918
:103A10007C098009840988098C099009940997090F
:103A20009B099F09A309A709AB09AF09B309B60907
:103A3000BA09BE09C209C609CA09CE09D109D50900
:103A4000D909DD09E109E509E909EC09F009F409F9
:103A5000F809FC09000A040A070A0B0A0F0A2402E3
:103A600028022C023102350239023E02420246028D
:103A70004B024F02530258025C0260026402690268
:103A80006D02710276027A027E02830287028B0245
:103A90008F02940298029C02A102A502A902AD0223
:103AA000B202B602BA02BF02C302C702CB02D00200
:103AB000D402D802DD02E102E502E902EE02F202DE
:103AC000F602FB02FF02030307030C0310031403B7
:103AD00019031D03210325032A032E033203360392
:103AE0003B033F03430348034C0350035403590370
:103AF0005D03610365036A036E03720376037B0350
:103B00007F03830387038C039003940398039D032F
:103B1000A103A503A903AE03B203B603BA03BF030F
:103B2000C303C703CB03D003D403D803DC03E103EF
:103B3000E503E903ED03F203F603FA03FE030304CE
:103B400007040B040F04140418041C0420042404A8
:103B500029042D04310435043A043E044204460489
:103B60004B044F04530457045B046004640468046A
:103B70006C047004750479047D04810486048A044D
:103B80008E04920496049B049F04A304A704AB0430
:103B9000B004B404B804BC04C004C504C904CD0412
:103BA000D104D504DA04DE04E204E604EA04EF04F6
:103BB000F304F704FB04FF04040508050C051005D5
:103BC000140519051D052105250529052D053205B5
:103BD00036053A053E05420546054B054F0553059A
:103BE00057055B056005640568056C05700574057F
:103BF00079057D058105850589058D059105960564
:103C00009A059E05A205A605AA05AF05B305B70549
:103C1000BB05BF05C305C705CC05D005D405D80530
:103C2000DC05E005E405E905ED05F105F505F90517
:103C3000FD05010606060A060E06120616061A06F7
:103C40001E06230627062B062F06330637063B06DD
:103C50003F06440648064C065006540658065C06C5
:103C60006006640669066D067106750679067D06AE
:103C70008106850689068E06920696069A069E0697
:103C8000A206A606AA06AE06B206B706BB06BF0681
:103C9000C306C706CB06CF06D306D706DB06DF066C
:103CA000E306E806EC06F006F406F806FC06000754
:103CB000040708070C071007140718071D0721073A
:103CC000250729072D073107350739073D07410724
:103CD000450749074D07510755075A075E07620711
:103CE00066076A076E07720776077A077E078207FC
:103CF00086078A078E07920796079A079E07A207EC
:103D0000A607AA07AE07B207B707BB07BF07C307D7
:103D1000C707CB07CF07D307D707DB07DF07E307C3
:103D2000E707EB07EF07F307F707FB07FF070308B2
:103D300007080B080F08130817081B081F0823089B
:103D400027082B082F08330837083B083F0843088B
:103D500047084B084F08530857085B085F0863087B
:103D600067086B086F08730877087B087F0883086B
:103D700087088B088F08930897089B089F08A3085B
:103D8000A708AA08AE08B208B608BA08BE08C20852
:103D9000C608CA08CE08D208D608DA08DE08E20843
:103DA000E608EA08EE08F208F608FA08FE08020932
:103DB000050909090D091109150919091D09210923
:103DC000250929092D093109350939093D09400914
:103DD000440948094C095009540958095C0960090B
:103DE000640968096C096F09730977097B097F0900
:103DF000830987098B098F09930997099A099E09F5
:103E0000A209A609AA09AE09B209B609BA09BD09EB
:103E1000C109C509C909CD09D109D509D909DD09E2
:103E2000E009E409E809EC09F009F409F809FC09DA
:103E3000FF09030A070A0B0A0F0A130A170A1A0ACC
:103E40001E0A220A260A2A0A3B023F0244024802AC
:103E50004C025102550259025E02620266026A0277
:103E60006F02730277027C028002840289028D0253
:103E7000910295029A029E02A202A702AB02AF0231
:103E8000B402B802BC02C002C502C902CD02D2020D
:103E9000D602DA02DF02E302E702EB02F002F402EA
:103EA000F802FD020103050309030E0312031603C2
:103EB0001B031F03230327032C033003340338039E
:103EC0003D03410345034A034E03520356035B037C
:103ED0005F03630367036C037003740379037D035B
:103EE000810385038A038E03920396039B039F033A
:103EF000A303A703AC03B003B403B803BD03C1031A
:103F0000C503CA03CE03D203D603DB03DF03E303F7
:103F1000E703EC03F003F403F803FD0301040504D5
:103F200009040D04120416041A041E0423042704B1
:103F30002B042F04340438043C0440044504490491
:103F40004D04510456045A045E04620466046B0472
:103F50006F04730477047C048004840488048C0454
:103F60009104950499049D04A204A604AA04AE0435
:103F7000B204B704BB04BF04C304C704CC04D00418
:103F8000D404D804DD04E104E504E904ED04F204FA
:103F9000F604FA04FE04020507050B050F051305D8
:103FA00017051C052005240528052C0530053505B9
:103FB00039053D05410545054A054E05520556059D
:103FC0005A055F05630567056B056F057305780581
:103FD0007C058005840588058C0591059505990566
:103FE0009D05A105A505AA05AE05B205B605BA054C
:103FF000BE05C305C705CB05CF05D305D705DC0531
:10400000E005E405E805EC05F005F505F905FD0515
:104010000106050609060D06120616061A061E06F4
:10402000220626062A062F06330637063B063F06DB
:10403000430647064B065006540658065C066006C3
:10404000640668066D067106750679067D068106AA
:10405000850689068D06920696069A069E06A20693
:10406000A606AA06AE06B306B706BB06BF06C3067B
:10407000C706CB06CF06D306D706DC06E006E40665
:10408000E806EC06F006F406F806FC06000705074D
:1040900009070D071107150719071D072107250730
:1040A00029072D07310736073A073E07420746071B
:1040B0004A074E07520756075A075E076207660708
:1040C0006A076F07730777077B077F0783078707F1
:1040D0008B078F07930797079B079F07A307A707E0
:1040E000AB07AF07B407B807BC07C007C407C807CA
:1040F000CC07D007D407D807DC07E007E407E807B8
:10410000EC07F007F407F807FC07000804080808A4
:104110000C081008140818081C082008240829088E
:104120002D083108350839083D0841084508490877
:104130004D085108550859085D0861086508690867
:104140006D087108750879087D0881088508890857
:104150008D089108950899089D08A108A508A90847
:10416000AD08B108B508B908BD08C008C408C8083A
:10417000CC08D008D408D808DC08E008E408E8082F
:10418000EC08F008F408F808FC080009040908091C
:104190000C091009140918091C0920092409280907
:1041A0002C092F09330937093B093F0943094709FE
:1041B0004B094F09530957095B095F0963096709EF
:1041C0006B096F09720976097A097E0982098609E5
:1041D0008A098E09920996099A099E09A209A509D8
:1041E000A909AD09B109B509B909BD09C109C509CF
:1041F000C909CD09D009D409D809DC09E009E409C5
:10420000E809EC09F009F409F709FB09FF09030AB9
:10421000070A0B0A0F0A130A170A1A0A1E0A220AA9
:10422000260A2A0A2E0A320A360A390A3D0A410AA1
:10423000450A520257025B025F02640268026C0286
:104240007102750279027E02820286028B028F025F
:10425000930297029C02A002A402A902AD02B1023D
:10426000B602BA02BE02C202C702CB02CF02D40219
:10427000D802DC02E102E502E902ED02F202F602F6
:10428000FA02FF02030307030B03100314031803CE
:104290001D032103250329032E03320336033B03A9
:1042A0003F03430347034C035003540359035D0387
:1042B000610365036A036E03720377037B037F0365
:1042C000830388038C039003940399039D03A10344
:1042D000A603AA03AE03B203B703BB03BF03C30322
:1042E000C803CC03D003D403D903DD03E103E50302
:1042F000EA03EE03F203F703FB03FF0303040804DE
:104300000C041004140419041D04210425042A04B7
:104310002E04320436043B043F04430447044B0498
:104320005004540458045C046104650469046D0479
:10433000720476047A047E04830487048B048F0459
:10434000940498049C04A004A404A904AD04B1043A
:10435000B504BA04BE04C204C604CA04CF04D3041C
:10436000D704DB04E004E404E804EC04F004F504FE
:10437000F904FD04010505050A050E0512051605DB
:104380001A051F05230527052B05300534053805BB
:104390003C054005450549054D055105550559059F
:1043A0005E05620566056A056E05730577057B0582
:1043B0007F05830588058C059005940598059C0567
:1043C000A105A505A905AD05B105B605BA05BE054A
:1043D000C205C605CA05CF05D305D705DB05DF0530
:1043E000E305E805EC05F005F405F805FC05010614
:1043F000050609060D06110615061A061E062206F2
:1044000026062A062E06320637063B063F064306D8
:1044100047064B064F06540658065C0660066406BF
:1044200068066C067106750679067D0681068506A6
:1044300089068E06920696069A069E06A206A6068D
:10444000AA06AF06B306B706BB06BF06C306C70675
:10445000CB06D006D406D806DC06E006E406E8065D
:10446000EC06F006F506F906FD0601070507090743
:104470000D07110715071A071E07220726072A0727
:104480002E07320736073A073E07420747074B0712
:104490004F07530757075B075F07630767076B07FC
:1044A0006F07740778077C078007840788078C07E5
:1044B0009007940798079C07A007A407A807AD07D3
:1044C000B107B507B907BD07C107C507C907CD07BC
:1044D000D107D507D907DD07E107E507E907EE07AB
:1044E000F207F607FA07FE07020806080A080E0890
:1044F000120816081A081E08220826082A082E087C
:10450000320836083A083E08420846084A084E086B
:10451000520857085B085F08630867086B086F0854
:10452000730877087B087F08830887088B088F0843
:10453000930897089B089F08A308A708AB08AF0833
:10454000B308B708BB08BF08C308C708CB08CF0823
:10455000D308D708DB08DF08E308E708EB08EF0813
:10456000F308F708FB08FF08030907090B090F09FF
:10457000130917091B091E09220926092A092E09F0
:10458000320936093A093E09420946094A094E09E3
:10459000520956095A095E09620966096A096E09D3
:1045A000720976097A097E098109850989098D09C7
:1045B0009109950999099D09A109A509A909AD09BB
:1045C000B109B509B909BD09C009C409C809CC09AF
:1045D000D009D409D809DC09E009E409E809EC09A3
:1045E000F009F309F709FB09FF09030A070A0B0A97
:1045F0000F0A130A170A1B0A1E0A220A260A2A0A87
:104600002E0A320A360A3A0A3E0A420A450A490A7C
:104610004D0A510A550A590A5D0A610A6A026E0278
:10462000730277027B028002840288028D0291026B
:10463000950299029E02A202A602AB02AF02B30249
:10464000B802BC02C002C502C902CD02D102D60224
:10465000DA02DE02E302E702EB02F002F402F80201
:10466000FD020103050309030E03120316031B03D6
:104670001F03230327032C033003340339033D03B3
:10468000410346034A034E03520357035B035F0390
:10469000640368036C037003750379037D0382036D
:1046A00086038A038E03930397039B039F03A4034C
:1046B000A803AC03B103B503B903BD03C203C6032A
:1046C000CA03CE03D303D703DB03E003E403E80309
:1046D000EC03F103F503F903FD03020406040A04E5
:1046E0000E04130417041B042004240428042C04BF
:1046F0003104350439043D04420446044A044E049E
:10470000530457045B045F04640468046C0470047D
:10471000750479047D04810486048A048E0492045D
:1047200096049B049F04A304A704AC04B004B4043F
:10473000B804BD04C104C504C904CE04D204D6041F
:10474000DA04DE04E304E704EB04EF04F404F80401
:10475000FC040005040509050D05110515051A05DC
:104760001E05220526052A052F05330537053B05BD
:104770003F05440548054C055005550559055D059F
:10478000610565056A056E05720576057A057F0582
:10479000830587058B058F05940598059C05A00565
:1047A000A405A905AD05B105B505B905BD05C20549
:1047B000C605CA05CE05D205D705DB05DF05E3052D
:1047C000E705EB05F005F405F805FC050006050610
:1047D00009060D061106150619061E0622062606EE
:1047E0002A062E06320637063B063F0643064706D4
:1047F0004B065006540658065C06600664066806BA
:104800006D067106750679067D06810686068A069E
:104810008E06920696069A069E06A306A706AB0685
:10482000AF06B306B706BB06BF06C406C806CC066D
:10483000D006D406D806DC06E106E506E906ED0654
:10484000F106F506F906FD06020706070A070E0738
:10485000120716071A071E07220727072B072F071D
:10486000330737073B073F07430747074C07500706
:10487000540758075C076007640768076C077107EF
:10488000750779077D078107850789078D079107D8
:10489000950799079E07A207A607AA07AE07B207C2
:1048A000B607BA07BE07C207C607CA07CE07D307AF
:1048B000D707DB07DF07E307E707EB07EF07F30798
:1048C000F707FB07FF07030807080C081008140880
:1048D00018081C082008240828082C083008340868
:1048E00038083C084008440848084C085008540858
:1048F00059085D086108650869086D087108750840
:1049000079087D088108850889088D08910895082F
:1049100099089D08A108A508A908AD08B108B5081F
:10492000B908BD08C108C508C908CD08D108D5080F
:10493000D908DD08E108E508E908ED08F108F508FF
:10494000F908FD080109050909090D0911091509E9
:1049500019091D092109250929092D0931093509D7
:1049600039093D094109450949094D0951095509C7
:1049700059095D096109650969096D0971097509B7
:1049800079097D098109850989098D0991099509A7
:1049900099099D09A109A509A909AD09B009B40999
:1049A000B809BC09C009C409C809CC09D009D4098F
:1049B000D809DC09E009E409E809EC09F009F4097F
:1049C000F709FB09FF09030A070A0B0A0F0A130A72
:1049D000170A1B0A1F0A230A270A2B0A2E0A320A61
:1049E000360A3A0A3E0A420A460A4A0A4E0A520A57
:1049F000560A590A5D0A610A650A690A6D0A710A4E
:104A0000750A790A7D0A820286028A028F0293025F
:104A100097029C02A002A402A902AD02B102B60252
:104A2000BA02BE02C302C702CB02CF02D402D8022E
:104A3000DC02E102E502E902EE02F202F602FB020A
:104A4000FF02030307030C031003140319031D03E0
:104A5000210326032A032E03320337033B033F03BC
:104A6000440348034C035103550359035D03620398
:104A700066036A036F03730377037B038003840376
:104A800088038D03910395039A039E03A203A60353
:104A9000AB03AF03B303B703BC03C003C403C90331
:104AA000CD03D103D503DA03DE03E203E703EB030F
:104AB000EF03F303F803FC030004040409040D04EA
:104AC000110416041A041E04220427042B042F04C4
:104AD000330438043C044004440449044D045104A4
:104AE00056045A045E04620467046B046F04730482
:104AF00078047C048004840489048D049104950462
:104B00009A049E04A204A604AB04AF04B304B70441
:104B1000BC04C004C404C804CD04D104D504D90421
:104B2000DD04E204E604EA04EE04F304F704FB0403
:104B3000FF04040508050C051005150519051D05DC
:104B4000210525052A052E05320536053B053F05BD
:104B5000430547054B055005540558055C0561059F
:104B6000650569056D05710576057A057E05820581
:104B700086058B058F05930597059C05A005A40563
:104B8000A805AC05B105B505B905BD05C105C60546
:104B9000CA05CE05D205D605DB05DF05E305E70529
:104BA000EB05EF05F405F805FC050006040609060B
:104BB0000D061106150619061E06220626062A06E9
:104BC0002E06320637063B063F06430647064B06CF
:104BD0005006540658065C066006650669066D06B2
:104BE0007106750679067E06820686068A068E0698
:104BF000920696069B069F06A306A706AB06AF067F
:104C0000B406B806BC06C006C406C806CC06D10663
:104C1000D506D906DD06E106E506E906EE06F2064A
:104C2000F606FA06FE06020706070B070F0713072C
:104C300017071B071F07230728072C073007340710
:104C400038073C074007440749074D0751075507F8
:104C500059075D076107650769076E0772077607E1
:104C60007A077E07820786078A078E0793079707CA
:104C70009B079F07A307A707AB07AF07B307B807B3
:104C8000BC07C007C407C807CC07D007D407D8079C
:104C9000DC07E007E507E907ED07F107F507F90786
:104CA000FD070108050809080D08110816081A086B
:104CB0001E08220826082A082E08320836083A0854
:104CC0003E08420846084A084F08530857085B0840
:104CD0005F08630867086B086F08730877087B082C
:104CE0007F08830887088B088F08930898089C081A
:104CF000A008A408A808AC08B008B408B808BC0804
:104D0000C008C408C808CC08D008D408D808DC08F3
:104D1000E008E408E808EC08F008F408F808FC08E3
:104D20000009040908090C091009150919091D09C8
:104D30002109250929092D093109350939093D09B3
:104D40004109450949094D095109550959095D09A3
:104D50006109650969096D097109750979097D0993
:104D60008109850989098D099109940998099C0986
:104D7000A009A409A809AC09B009B409B809BC097B
:104D8000C009C409C809CC09D009D409D809DC096B
:104D9000E009E409E809EC09F009F409F809FC095B
:104DA000000A040A080A0C0A0F0A130A170A1B0A47
:104DB0001F0A230A270A2B0A2F0A330A370A3B0A3B
:104DC0003F0A430A470A4B0A4F0A520A560A5A0A2E
:104DD0005E0A620A660A6A0A6E0A720A760A7A0A23
:104DE0007E0A820A850A890A8D0A910A950A990A19
:104DF0009A029E02A202A702AB02AF02B402B8025C
:104E0000BC02C102C502C902CE02D202D602DA0237
:104E1000DF02E302E702EC02F002F402F902FD0213
:104E2000010306030A030E03130317031B032003E6
:104E3000240328032C033103350339033E034203C3
:104E400046034B034F03530357035C0360036403A0
:104E500069036D03710376037A037E03820387037C
:104E60008B038F03940398039C03A103A503A90359
:104E7000AD03B203B603BA03BF03C303C703CB0337
:104E8000D003D403D803DD03E103E503E903EE0314
:104E9000F203F603FB03FF03030407040C041004EE
:104EA000140419041D04210425042A042E043204C8
:104EB00036043B043F04430448044C0450045404A7
:104EC00059045D04610465046A046E047204770485
:104ED0007B047F04830488048C0490049404990464
:104EE0009D04A104A504AA04AE04B204B604BB0444
:104EF000BF04C304C704CC04D004D404D804DD0424
:104F0000E104E504E904EE04F204F604FA04FF0403
:104F1000030507050B051005140518051C052105DB
:104F2000250529052D05320536053A053E054205BC
:104F300047054B054F05530558055C05600564059D
:104F400069056D057105750579057E05820586057E
:104F50008A058F05930597059B059F05A405A80560
:104F6000AC05B005B505B905BD05C105C505CA0542
:104F7000CE05D205D605DA05DF05E305E705EB0525
:104F8000EF05F405F805FC050006040609060D0604
:104F90001106150619061E06220626062A062E06E4
:104FA000330637063B063F06430648064C065006C6
:104FB000540658065D066106650669066D067106AB
:104FC00076067A067E06820686068B068F0693068E
:104FD00097069B069F06A406A806AC06B006B40674
:104FE000B806BD06C106C506C906CD06D106D60659
:104FF000DA06DE06E206E606EA06EF06F306F7063E
:10500000FB06FF06030707070C071007140718071E
:105010001C072007240729072D0731073507390703
:105020003D07410746074A074E07520756075A07EA
:105030005E07630767076B076F07730777077B07D1
:105040007F07840788078C079007940798079C07B9
:10505000A007A507A907AD07B107B507B907BD07A1
:10506000C107C607CA07CE07D207D607DA07DE0789
:10507000E207E607EB07EF07F307F707FB07FF0772
:10508000030807080B080F08140818081C08200854
:10509000240828082C083008340838083C0841083F
:1050A000450849084D085108550859085D08610828
:1050B000650869086D08710876087A087E08820814
:1050C00086088A088E08920896089A089E08A20800
:1050D000A608AA08AF08B308B708BB08BF08C308EA
:1050E000C708CB08CF08D308D708DB08DF08E308D8
:1050F000E708EB08EF08F308F708FB0800090409C4
:1051000008090C091009140918091C0920092409A7
:1051100028092C093009340938093C094009440997
:1051200048094C095009540958095C096009640987
:1051300068096C097009740978097C098009840977
:1051400088098C099009940998099C09A009A40967
:10515000A809AC09B009B409B809BC09C009C40957
:10516000C809CC09D009D409D809DC09E009E40947
:10517000E809EC09F009F409F809FC09000A040A35
:10518000080A0C0A100A140A180A1C0A200A240A1F
:10519000280A2C0A300A340A380A3C0A400A440A0F
:1051A000480A4C0A500A530A570A5B0A5F0A630A04
:1051B000670A6B0A6F0A730A770A7B0A7F0A830AF7
:1051C000870A8B0A8F0A930A970A9A0A9E0AA20AEA
:1051D000A60AAA0AAE0AB20AB60AB202B602BA020F
:1051E000BF02C302C702CC02D002D402D902DD0240
:1051F000E102E602EA02EE02F302F702FB0200031A
:10520000040308030D03110315031A031E032203ED
:1052100027032B032F03330338033C0340034503C9
:1052200049034D03520356035A035F0363036703A5
:105230006B037003740378037D03810385038A0382
:105240008E03920397039B039F03A303A803AC035E
:10525000B003B503B903BD03C203C603CA03CE033B
:10526000D303D703DB03E003E403E803ED03F10317
:10527000F503F903FE03020406040B040F041304F0
:1052800017041C042004240429042D0431043504CB
:105290003A043E04420447044B044F0453045804A8
:1052A0005C046004640469046D04710476047A0487
:1052B0007E04820487048B048F04940498049C0465
:1052C000A004A504A904AD04B104B604BA04BE0444
:1052D000C204C704CB04CF04D404D804DC04E00423
:1052E000E504E904ED04F104F604FA04FE04020501
:1052F00007050B050F05130518051C0520052405DA
:1053000029052D05310535053A053E0542054605B9
:105310004B054F05530557055C0560056405680599
:105320006D057105750579057D05820586058A057A
:105330008E05930597059B059F05A405A805AC055B
:10534000B005B405B905BD05C105C505CA05CE053D
:10535000D205D605DB05DF05E305E705EB05F0051E
:10536000F405F805FC050006050609060D061106FC
:1053700016061A061E06220626062B062F063306DA
:1053800037063B064006440648064C0650065506BE
:1053900059065D06610665066A066E0672067606A1
:1053A0007A067F06830687068B068F069406980684
:1053B0009C06A006A406A906AD06B106B506B90668
:1053C000BD06C206C606CA06CE06D206D706DB064C
:1053D000DF06E306E706EB06F006F406F806FC0631
:1053E0000007040709070D071107150719071D070F
:1053F000220726072A072E07320736073B073F07F3
:10540000430747074B074F07530758075C076007D9
:10541000640768076C077107750779077D078107BF
:10542000850789078E07920796079A079E07A207A6
:10543000A607AB07AF07B307B707BB07BF07C3078D
:10544000C707CC07D007D407D807DC07E007E40775
:10545000E807ED07F107F507F907FD07010805085B
:1054600009080E08120816081A081E08220826083D
:105470002A082E08330837083B083F084308470826
:105480004B084F08530857085C0860086408680810
:105490006C087008740878087C08800885088908FA
:1054A0008D089108950899089D08A108A508A908E4
:1054B000AD08B108B608BA08BE08C208C608CA08CE
:1054C000CE08D208D608DA08DE08E208E608EB08BB
:1054D000EF08F308F708FB08FF08030907090B09A1
:1054E0000F09130917091B091F09230927092B098C
:1054F0003009340938093C094009440948094C0974
:105500005009540958095C096009640968096C0963
:105510007009740978097C098009840988098C0953
:105520009009950999099D09A109A509A909AD093C
:10553000B109B509B909BD09C109C509C909CD092B
:10554000D109D509D909DD09E109E509E909ED091B
:10555000F109F509F909FD09010A050A090A0D0A07
:10556000110A150A190A1D0A210A250A290A2D0AF3
:10557000310A350A390A3D0A410A450A490A4D0AE3
:10558000510A550A590A5D0A610A650A690A6D0AD3
:10559000710A740A780A7C0A800A840A880A8C0ACA
:1055A000900A940A980A9C0AA00AA40AA80AAC0ABB
:1055B000B00AB40AB80ABC0AC00AC40AC80ACC0AAB
:1055C000D00AD30ACA02CE02D302D702DB02E0021B
:1055D000E402E802ED02F102F502FA02FE02020321
:1055E00007030B030F03140318031C0321032503F4
:1055F00029032E03320336033B033F0343034803CF
:105600004C035003550359035D03620366036A03A9
:105610006E03730377037B038003840388038D0386
:10562000910395039A039E03A203A703AB03AF0361
:10563000B303B803BC03C003C503C903CD03D2033E
:10564000D603DA03DF03E303E703EB03F003F4031A
:10565000F803FD03010405040A040E0412041604F1
:105660001B041F04230428042C04300434043904CC
:105670003D04410446044A044E04530457045B04A9
:105680005F04640468046C047104750479047D0487
:10569000820486048A048F04930497049B04A00464
:1056A000A404A804AC04B104B504B904BE04C20443
:1056B000C604CA04CF04D304D704DC04E004E40421
:1056C000E804ED04F104F504F904FE0402050605FE
:1056D0000A050F05130517051C05200524052805D7
:1056E0002D053105350539053E05420546054A05B6
:1056F0004F05530557055B056005640568056C0596
:105700007105750579057D05820586058A058E0575
:10571000930597059B059F05A405A805AC05B00555
:10572000B505B905BD05C105C605CA05CE05D20535
:10573000D705DB05DF05E305E705EC05F005F40516
:10574000F805FD050106050609060E0612061606F1
:105750001A061E06230627062B062F0634063806D1
:105760003C064006440649064D06510655065A06B3
:105770005E06620666066A066F06730677067B0695
:105780007F06840688068C069006940699069D0678
:10579000A106A506A906AE06B206B606BA06BE065C
:1057A000C306C706CB06CF06D306D806DC06E0063E
:1057B000E406E806ED06F106F506F906FD06020721
:1057C00006070A070E07120716071B071F072307FE
:1057D00027072B073007340738073C0740074407E3
:1057E00049074D075107550759075D0762076607C7
:1057F0006A076E07720776077B077F0783078707AD
:105800008B078F07940798079C07A007A407A80792
:10581000AD07B107B507B907BD07C107C507CA0777
:10582000CE07D207D607DA07DE07E207E707EB075E
:10583000EF07F307F707FB07FF07040808080C0842
:105840001008140818081C082108250829082D0824
:105850003108350839083D08420846084A084E080C
:10586000520856085A085E08620867086B086F08F5
:10587000730877087B087F08830888088C089008DD
:10588000940898089C08A008A408A808AC08B108C7
:10589000B508B908BD08C108C508C908CD08D108B0
:1058A000D508DA08DE08E208E608EA08EE08F20899
:1058B000F608FA08FE08020907090B090F0913097F
:1058C00017091B091F09230927092B092F09330968
:1058D00037093C094009440948094C095009540951
:1058E00058095C096009640968096C097009740940
:1058F00078097D098109850989098D099109950929
:1059000099099D09A109A509A909AD09B109B50917
:10591000B909BD09C109C509C909CD09D109D60906
:10592000DA09DE09E209E609EA09EE09F209F609EF
:10593000FA09FE09020A060A0A0A0E0A120A160AD9
:105940001A0A1E0A220A260A2A0A2E0A320A360AC7
:105950003A0A3E0A420A460A4A0A4E0A520A560AB7
:105960005A0A5E0A620A660A6A0A6E0A720A760AA7
:105970007A0A7E0A820A860A8A0A8E0A920A960A97
:105980009A0A9E0AA20AA60AAA0AAE0AB20AB60A87
:10599000BA0ABE0AC20AC60ACA0ACE0AD20AD60A77
:1059A000DA0ADE0AE20AE60AEA0AEE0AF10AE30283
:1059B000E702EB02F002F402F802FD020103050324
:1059C0000A030E03120317031B031F0324032803F8
:1059D0002C033103350339033E03420346034B03D3
:1059E0004F03530358035C036003650369036D03AE
:1059F000720376037A037F03830387038C03900388
:105A0000940398039D03A103A503AA03AE03B20365
:105A1000B703BB03BF03C403C803CC03D103D5033F
:105A2000D903DE03E203E603EA03EF03F303F7031C
:105A3000FC030004040409040D04110416041A04F0
:105A40001E04230427042B042F04340438043C04CC
:105A50004104450449044E04520456045A045F04A8
:105A6000630467046C047004740479047D04810485
:105A700085048A048E04920497049B049F04A30463
:105A8000A804AC04B004B504B904BD04C104C60440
:105A9000CA04CE04D304D704DB04DF04E404E8041E
:105AA000EC04F104F504F904FD04020506050A05F9
:105AB0000F05130517051B052005240528052C05D2
:105AC0003105350539053E05420546054A054F05B0
:105AD000530557055B056005640568056D0571058F
:105AE000750579057E05820586058A058F0593056E
:105AF00097059B05A005A405A805AC05B105B5054E
:105B0000B905BD05C205C605CA05CE05D305D7052D
:105B1000DB05DF05E405E805EC05F005F505F9050D
:105B2000FD05010606060A060E06120617061B06E6
:105B30001F06230628062C063006340639063D06C5
:105B40004106450649064E06520656065A065F06A7
:105B5000630667066B067006740678067C06800688
:105B6000850689068D06910696069A069E06A20669
:105B7000A606AB06AF06B306B706BB06C006C4064C
:105B8000C806CC06D106D506D906DD06E106E6062E
:105B9000EA06EE06F206F606FB06FF06030707070F
:105BA0000B071007140718071C07200725072907EC
:105BB0002D07310735073A073E07420746074A07D0
:105BC0004F07530757075B075F07630768076C07B3
:105BD0007007740778077D078107850789078D0798
:105BE000910796079A079E07A207A607AB07AF077C
:105BF000B307B707BB07BF07C407C807CC07D00761
:105C0000D407D807DD07E107E507E907ED07F10746
:105C1000F607FA07FE07020806080A080E08130826
:105C200017081B081F08230827082C083008340809
:105C300038083C084008440849084D0851085508F0
:105C400059085D08610866086A086E0872087608D7
:105C50007A087E08820887088B088F0893089708BF
:105C60009B089F08A408A808AC08B008B408B808A6
:105C7000BC08C008C408C908CD08D108D508D9088F
:105C8000DD08E108E508EA08EE08F208F608FA0877
:105C9000FE08020906090A090E09130917091B095A
:105CA0001F09230927092B092F09330937093C0943
:105CB0004009440948094C095009540958095C092C
:105CC0006009640969096D097109750979097D0916
:105CD0008109850989098D099109950999099E0903
:105CE000A209A609AA09AE09B209B609BA09BE09EC
:105CF000C209C609CA09CE09D209D609DB09DF09DA
:105D0000E309E709EB09EF09F309F709FB09FF09C3
:105D1000030A070A0B0A0F0A130A170A1B0A1F0AAB
:105D2000230A270A2C0A300A340A380A3C0A400A95
:105D3000440A480A4C0A500A540A580A5C0A600A83
:105D4000640A680A6C0A700A740A780A7C0A800A73
:105D5000840A880A8C0A900A940A980A9C0AA00A63
:105D6000A40AA80AAC0AB00AB40AB80ABC0AC00A53
:105D7000C40AC80ACC0AD00AD40AD80ADC0AE00A43
:105D8000E40AE80AEC0AF00AF40AF80AFC0A000B32
:105D9000040B080B0C0B100BFC020003040309039B
:105DA0000D03110316031A031E03230327032B03FA
:105DB0003003340338033D03410345034A034E03D4
:105DC000520357035B035F03640368036C037103AF
:105DD000750379037E03820386038B038F0393038A
:105DE00098039C03A003A503A903AD03B203B60364
:105DF000BA03BF03C303C703CB03D003D403D80341
:105E0000DD03E103E503EA03EE03F203F703FB031B
:105E1000FF03040408040C041104150419041E04EF
:105E2000220426042B042F04330437043C044004CA
:105E3000440449044D04510456045A045E046304A6
:105E400067046B046F04740478047C048104850483
:105E500089048E04920496049B049F04A304A7045F
:105E6000AC04B004B404B904BD04C104C604CA043B
:105E7000CE04D204D704DB04DF04E404E804EC0419
:105E8000F004F504F904FD04020506050A050F05F2
:105E9000130517051B052005240528052D053105CB
:105EA000350539053E05420546054B054F055305A9
:105EB00057055C056005640568056D057105750588
:105EC0007A057E05820586058B058F059305980565
:105ED0009C05A005A405A905AD05B105B505BA0544
:105EE000BE05C205C605CB05CF05D305D805DC0523
:105EF000E005E405E905ED05F105F505FA05FE0502
:105F0000020606060B060F06130617061C062006D9
:105F1000240628062D063106350639063E064206B9
:105F200046064A064F06530657065B066006640699
:105F300068066C067106750679067D068206860679
:105F40008A068E06930697069B069F06A406A80659
:105F5000AC06B006B406B906BD06C106C506CA063B
:105F6000CE06D206D606DB06DF06E306E706EB061C
:105F7000F006F406F806FC060107050709070D07F9
:105F8000110716071A071E07220726072B072F07D8
:105F9000330737073C074007440748074C075107BA
:105FA000550759075D07610766076A076E0772079D
:105FB00076077B077F07830787078B079007940780
:105FC00098079C07A007A507A907AD07B107B50764
:105FD000BA07BE07C207C607CA07CE07D307D70747
:105FE000DB07DF07E307E807EC07F007F407F8072C
:105FF000FC070108050809080D08110816081A0809
:106000001E08220826082A082F08330837083B08EC
:106010003F08430848084C085008540858085C08D2
:106020006108650869086D087108750879087E08B7
:10603000820886088A088E08920897089B089F089D
:10604000A308A708AB08AF08B408B808BC08C00884
:10605000C408C808CC08D108D508D908DD08E1086B
:10606000E508E908ED08F208F608FA08FE08020952
:1060700006090A090F09130917091B091F09230932
:1060800027092B092F09340938093C09400944091B
:1060900048094C095009550959095D096109650903
:1060A00069096D09710975097A097E0982098609EC
:1060B0008A098E09920996099A099E09A309A709D6
:1060C000AB09AF09B309B709BB09BF09C309C709C0
:1060D000CB09CF09D409D809DC09E009E409E809AA
:1060E000EC09F009F409F809FC09000A050A090A93
:1060F0000D0A110A150A190A1D0A210A250A290A78
:106100002D0A310A350A390A3D0A420A460A4A0A64
:106110004E0A520A560A5A0A5E0A620A660A6A0A4F
:106120006E0A720A760A7A0A7E0A820A860A8A0A3F
:106130008F0A930A970A9B0A9F0AA30AA70AAB0A27
:10614000AF0AB30AB70ABB0ABF0AC30AC70ACB0A17
:10615000CF0AD30AD70ADB0ADF0AE30AE70AEB0A07
:10616000EF0AF30AF70AFB0AFF0A030B070B0B0BF4
:106170000F0B130B170B1B0B1F0B230B270B2B0BDF
:106180002F0B150319031D03220326032A032F03D4
:10619000330337033C034003440349034D035103D6
:1061A00056035A035E03630367036B0370037403B0
:1061B00078037D03810385038A038E03920397038B
:1061C0009B039F03A403A803AD03B103B503BA0364
:1061D000BE03C203C703CB03CF03D403D803DC033E
:1061E000E103E503E903ED03F203F603FA03FF031A
:1061F000030407040C041004140419041D042104EE
:1062000026042A042E04330437043B0440044404C7
:1062100048044D04510455045A045E0462046704A2
:106220006B046F04740478047C048104850489047D
:106230008D04920496049A049F04A304A704AC045A
:10624000B004B404B904BD04C104C604CA04CE0435
:10625000D204D704DB04DF04E404E804EC04F10412
:10626000F504F904FD04020506050A050F051305EA
:1062700017051C052005240529052D0531053505C3
:106280003A053E05420547054B054F0553055805A0
:106290005C056005650569056D05720576057A057D
:1062A0007E05830587058B059005940598059C055B
:1062B000A105A505A905AE05B205B605BA05BF0538
:1062C000C305C705CC05D005D405D805DD05E10516
:1062D000E505E905EE05F205F605FB05FF050306F4
:1062E00007060C061006140618061D0621062506CC
:1062F0002A062E06320636063B063F0643064706AA
:106300004C065006540658065D0661066506690689
:106310006E06720676067B067F06830687068C0667
:106320009006940698069D06A106A506A906AE0647
:10633000B206B606BA06BF06C306C706CB06D00627
:10634000D406D806DC06E106E506E906ED06F10608
:10635000F606FA06FE06020707070B070F071307E4
:1063600018071C072007240729072D0731073507C1
:1063700039073E07420746074A074F0753075707A3
:106380005B075F07640768076C0770077507790785
:106390007D07810785078A078E07920796079B0767
:1063A0009F07A307A707AB07B007B407B807BC0749
:1063B000C007C507C907CD07D107D507DA07DE072C
:1063C000E207E607EA07EF07F307F707FB07FF0710
:1063D000040808080C081008140819081D082108EA
:1063E000250829082E08320836083A083E084308CE
:1063F00047084B084F08530857085C0860086408B2
:1064000068086C087108750879087D088108850896
:106410008A088E08920896089A089E08A308A7087A
:10642000AB08AF08B308B708BC08C008C408C80860
:10643000CC08D008D508D908DD08E108E508E90846
:10644000EE08F208F608FA08FE08020906090B0928
:106450000F09130917091B091F09240928092C0909
:106460003009340938093C094109450949094D09F0
:106470005109550959095D09620966096A096E09D8
:10648000720976097A097F09830987098B098F09BF
:10649000930997099B09A009A409A809AC09B009A7
:1064A000B409B809BC09C009C509C909CD09D10990
:1064B000D509D909DD09E109E509EA09EE09F20979
:1064C000F609FA09FE09020A060A0A0A0F0A130A5D
:1064D000170A1B0A1F0A230A270A2B0A2F0A330A44
:1064E000370A3C0A400A440A480A4C0A500A540A2D
:1064F000580A5C0A600A640A680A6D0A710A750A19
:10650000790A7D0A810A850A890A8D0A910A950A03
:10651000990A9D0AA10AA60AAA0AAE0AB20AB60AEE
:10652000BA0ABE0AC20AC60ACA0ACE0AD20AD60ADB
:10653000DA0ADE0AE20AE70AEB0AEF0AF30AF70AC6
:10654000FB0AFF0A030B070B0B0B0F0B130B170BAD
:106550001B0B1F0B230B270B2B0B2F0B330B370B9B
:106560003B0B3F0B430B470B4B0B500B2E033203E4
:1065700037033B033F03440348034C0351035503D4
:1065800059035E03620366036B036F0373037803AF
:106590007C038103850389038E03920396039B0387
:1065A0009F03A303A803AC03B003B503B903BD0362
:1065B000C203C603CA03CF03D303D703DC03E0033C
:1065C000E403E903ED03F103F603FA03FE03030416
:1065D00007040B041004140419041D0421042604E8
:1065E0002A042E04330437043B04400444044804C2
:1065F0004D04510455045A045E04620467046B049C
:106600006F04730478047C048004850489048D0479
:10661000920496049A049F04A304A704AC04B00453
:10662000B404B904BD04C104C604CA04CE04D3042E
:10663000D704DB04E004E404E804ED04F104F50409
:10664000FA04FE04020506050B050F0513051805DF
:106650001C052005250529052D05320536053A05B9
:106660003F05430547054B055005540558055D0595
:10667000610565056A056E05720577057B057F0571
:10668000830588058C059005950599059D05A2054E
:10669000A605AA05AE05B305B705BB05C005C4052B
:1066A000C805CC05D105D505D905DE05E205E60509
:1066B000EB05EF05F305F705FC05000604060906E2
:1066C0000D06110615061A061E06220627062B06BB
:1066D0002F06330638063C064006450649064D0699
:1066E000510656065A065E06620667066B066F0678
:1066F000740678067C068006850689068D06910656
:1067000096069A069E06A306A706AB06AF06B40633
:10671000B806BC06C006C506C906CD06D106D60613
:10672000DA06DE06E306E706EB06EF06F406F806F1
:10673000FC060007050709070D07110716071A07CA
:106740001E07220727072B072F07330738073C07A9
:106750004007440749074D07510755075A075E0789
:10676000620766076B076F07730777077B0780076A
:10677000840788078C079107950799079D07A2074B
:10678000A607AA07AE07B307B707BB07BF07C3072C
:10679000C807CC07D007D407D907DD07E107E5070D
:1067A000E907EE07F207F607FA07FF0703080708ED
:1067B0000B080F08140818081C08200825082908C9
:1067C0002D08310835083A083E08420846084A08AC
:1067D0004F08530857085B085F08640868086C088E
:1067E0007008740879087D088108850889088E0872
:1067F000920896089A089E08A308A708AB08AF0855
:10680000B308B808BC08C008C408C808CC08D10838
:10681000D508D908DD08E108E608EA08EE08F2081C
:10682000F608FA08FF08030907090B090F091409FC
:1068300018091C092009240928092D0931093509DD
:1068400039093D09410946094A094E0952095609C3
:106850005A095F09630967096B096F0973097709A9
:106860007C098009840988098C099009950999098E
:106870009D09A109A509A909AD09B209B609BA0975
:10688000BE09C209C609CA09CF09D309D709DB095C
:10689000DF09E309E709EB09F009F409F809FC0944
:1068A000000A040A080A0D0A110A150A190A1D0A23
:1068B000210A250A290A2E0A320A360A3A0A3E0A0B
:1068C000420A460A4A0A4E0A530A570A5B0A5F0AF4
:1068D000630A670A6B0A6F0A730A780A7C0A800ADD
:1068E000840A880A8C0A900A940A980A9C0AA10AC7
:1068F000A50AA90AAD0AB10AB50AB90ABD0AC10AB0
:10690000C50AC90ACE0AD20AD60ADA0ADE0AE20A99
:10691000E60AEA0AEE0AF20AF60AFA0AFF0A030B84
:10692000070B0B0B0F0B130B170B1B0B1F0B230B67
:10693000270B2B0B2F0B330B380B3C0B400B440B53
:10694000480B4C0B500B540B580B5C0B600B640B3F
:10695000680B6C0B700B47034C0350035503590332
:106960005D03620366036A036F03730377037C03AB
:106970008003840389038D03920396039A039F0384
:10698000A303A703AC03B003B403B903BD03C1035E
:10699000C603CA03CF03D303D703DC03E003E40336
:1069A000E903ED03F103F603FA03FE03030407040E
:1069B0000B041004140418041D04210425042A04E3
:1069C0002E04330437043B044004440448044D04BB
:1069D000510455045A045E04620467046B046F0496
:1069E000740478047C048104850489048E04920470
:1069F00096049B049F04A304A804AC04B004B5044B
:106A0000B904BD04C204C604CA04CF04D304D70425
:106A1000DC04E004E404E904ED04F104F604FA04FF
:106A2000FE04030507050B051005140518051D05D3
:106A3000210525052A052E05320537053B053F05AD
:106A4000440548054C055105550559055E05620587
:106A500066056A056F05730577057C058005840565
:106A600089058D05910596059A059E05A305A7053F
:106A7000AB05B005B405B805BC05C105C505C9051C
:106A8000CE05D205D605DB05DF05E305E805EC05F7
:106A9000F005F405F905FD05010606060A060E06D1
:106AA000130617061B061F06240628062C063106A9
:106AB000350639063E06420646064A064F06530686
:106AC00057065C066006640669066D067106750663
:106AD0007A067E06820687068B068F069306980640
:106AE0009C06A006A506A906AD06B106B606BA061E
:106AF000BE06C306C706CB06CF06D406D806DC06FC
:106B0000E106E506E906ED06F206F606FA06FE06D9
:106B1000030707070B071007140718071C072107AF
:106B2000250729072D07320736073A073F0743078E
:106B300047074B075007540758075C07610765076D
:106B400069076D07720776077A077E07830787074D
:106B50008B078F07940798079C07A007A507A9072D
:106B6000AD07B107B607BA07BE07C207C707CB070D
:106B7000CF07D307D807DC07E007E407E907ED07ED
:106B8000F107F507FA07FE07020806080B080F08C9
:106B9000130817081C082008240828082D083108A5
:106BA000350839083D08420846084A084E08530887
:106BB00057085B085F08630868086C087008740869
:106BC00079087D088108850889088E08920896084A
:106BD0009A089F08A308A708AB08AF08B408B8082C
:106BE000BC08C008C508C908CD08D108D508DA080E
:106BF000DE08E208E608EA08EF08F308F708FB08F1
:106C0000FF08040908090C091009140919091D09CC
:106C10002109250929092E09320936093A093E09AF
:106C2000430947094B094F09530957095C09600992
:106C3000640968096C097109750979097D09810977
:106C400085098A098E09920996099A099F09A3095B
:106C5000A709AB09AF09B309B809BC09C009C40940
:106C6000C809CC09D109D509D909DD09E109E50926
:106C7000EA09EE09F209F609FA09FE09030A070A08
:106C80000B0A0F0A130A170A1B0A200A240A280AE9
:106C90002C0A300A340A390A3D0A410A450A490ACF
:106CA0004D0A510A560A5A0A5E0A620A660A6A0AB6
:106CB0006E0A720A770A7B0A7F0A830A870A8B0A9E
:106CC0008F0A940A980A9C0AA00AA40AA80AAC0A85
:106CD000B00AB50AB90ABD0AC10AC50AC90ACD0A6D
:106CE000D10AD60ADA0ADE0AE20AE60AEA0AEE0A55
:106CF000F20AF60AFB0AFF0A030B070B0B0B0F0B3A
:106D0000130B170B1B0B200B240B280B2C0B300B1E
:106D1000340B380B3C0B400B440B490B4D0B510B08
:106D2000550B590B5D0B610B650B690B6D0B710BF3
:106D3000750B7A0B7E0B820B860B8A0B8E0B920BDC
:106D4000610366036A036E03730377037C038003A6
:106D5000840389038D03910396039A039E03A3037F
:106D6000A703AC03B003B403B903BD03C103C60357
:106D7000CA03CE03D303D703DC03E003E403E90330
:106D8000ED03F103F603FA03FE03030407040C0406
:106D90001004140419041D04210426042A042E04DA
:106DA000330437043B044004440449044D045104B3
:106DB00056045A045E04630467046B04700474048C
:106DC00078047D04810485048A048E049204970467
:106DD0009B04A004A404A804AD04B104B504BA043F
:106DE000BE04C204C704CB04CF04D404D804DC041A
:106DF000E104E504E904EE04F204F604FB04FF04F4
:106E0000030508050C051105150519051E052205C4
:106E100026052B052F05330538053C05400545059E
:106E200049054D05520556055A055F056305670579
:106E30006C057005740579057D05810586058A0553
:106E40008E05930597059B05A005A405A805AD052E
:106E5000B105B505BA05BE05C205C605CB05CF050A
:106E6000D305D805DC05E005E505E905ED05F205E6
:106E7000F605FA05FF05030607060C0610061406BC
:106E800019061D06210626062A062E063206370694
:106E90003B063F06440648064C0651065506590671
:106EA0005E06620666066B066F06730677067C064C
:106EB0008006840689068D06910696069A069E0629
:106EC000A306A706AB06AF06B406B806BC06C10605
:106ED000C506C906CE06D206D606DA06DF06E306E2
:106EE000E706EC06F006F406F906FD0601070507BD
:106EF0000A070E07120717071B071F072307280794
:106F00002C073007350739073D07410746074A0771
:106F10004E07530757075B075F07640768076C074F
:106F20007107750779077D07820786078A078E072D
:106F3000930797079B07A007A407A807AC07B1070B
:106F4000B507B907BE07C207C607CA07CF07D307E9
:106F5000D707DB07E007E407E807EC07F107F507C9
:106F6000F907FE07020806080A080F0813081708A1
:106F70001B082008240828082C083108350839087F
:106F80003D08420846084A084E08530857085B085F
:106F90005F08640868086C087008750879087D083F
:106FA000810886088A088E08920897089B089F081F
:106FB000A308A808AC08B008B408B908BD08C108FF
:106FC000C508C908CE08D208D608DA08DF08E308E1
:106FD000E708EB08F008F408F808FC0800090509C0
:106FE00009090D09110916091A091E09220926099C
:106FF0002B092F09330937093C094009440948097D
:107000004C095109550959095D09620966096A095E
:107010006E09720977097B097F09830987098C0941
:107020009009940998099C09A109A509A909AD0924
:10703000B109B609BA09BE09C209C609CB09CF0907
:10704000D309D709DB09E009E409E809EC09F009EB
:10705000F509F909FD09010A050A090A0E0A120AC9
:10706000160A1A0A1E0A230A270A2B0A2F0A330AAB
:10707000370A3C0A400A440A480A4C0A510A550A8F
:10708000590A5D0A610A650A6A0A6E0A720A760A74
:107090007A0A7E0A830A870A8B0A8F0A930A970A5A
:1070A0009C0AA00AA40AA80AAC0AB00AB40AB90A3F
:1070B000BD0AC10AC50AC90ACD0AD20AD60ADA0A25
:1070C000DE0AE20AE60AEA0AEF0AF30AF70AFB0A0C
:1070D000FF0A030B070B0C0B100B140B180B1C0BEC
:1070E000200B240B290B2D0B310B350B390B3D0BD2
:1070F000410B460B4A0B4E0B520B560B5A0B5E0BB9
:10710000620B670B6B0B6F0B730B770B7B0B7F0BA0
:10711000830B870B8C0B900B940B980B9C0BA00B89
:10712000A40BA80BAC0BB10BB50B7C038003840341
:1071300089038D03910396039A039F03A303A70377
:10714000AC03B003B403B903BD03C203C603CA034F
:10715000CF03D303D703DC03E003E503E903ED0327
:10716000F203F603FA03FF03030407040C041004FC
:10717000150419041D04220426042A042F043304D0
:1071800038043C044004450449044D0452045604A8
:107190005A045F04630468046C0470047504790481
:1071A0007D04820486048A048F04930498049C045A
:1071B000A004A504A904AD04B204B604BA04BF0433
:1071C000C304C804CC04D004D504D904DD04E2040B
:1071D000E604EA04EF04F304F704FC0400050505E3
:1071E00009050D05120516051A051F0523052705B6
:1071F0002C053005340539053D05410546054A0590
:107200004F05530557055C056005640569056D0567
:10721000710576057A057E05830587058B05900542
:10722000940598059D05A105A505AA05AE05B2051D
:10723000B705BB05BF05C405C805CD05D105D505F6
:10724000DA05DE05E205E705EB05EF05F405F805CF
:10725000FC050106050609060E06120616061B06A3
:107260001F06230628062C063006350639063D067D
:10727000420646064A064F06530657065C06600657
:10728000640669066D06710676067A067E06820633
:1072900087068B068F06940698069C06A106A5060F
:1072A000A906AE06B206B606BB06BF06C306C806EA
:1072B000CC06D006D506D906DD06E206E606EA06C5
:1072C000EE06F306F706FB060007040708070D079E
:1072D000110715071A071E07220727072B072F0775
:1072E000330738073C074007450749074D07520752
:1072F00056075A075F07630767076B07700774072E
:1073000078077D07810785078A078E07920796070A
:107310009B079F07A307A807AC07B007B407B907E7
:10732000BD07C107C607CA07CE07D307D707DB07C4
:10733000DF07E407E807EC07F107F507F907FD07A2
:10734000020806080A080F08130817081B08200877
:10735000240828082D083108350839083E08420855
:1073600046084A084F08530857085C086008640834
:1073700068086D087108750879087E088208860813
:107380008B088F08930897089C08A008A408A808F1
:10739000AD08B108B508B908BE08C208C608CB08D0
:1073A000CF08D308D708DC08E008E408E808ED08AF
:1073B000F108F508F908FE08020906090A090F098B
:1073C000130917091B092009240928092C09310967
:1073D000350939093D09420946094A094E09530947
:1073E00057095B095F09640968096C097009740928
:1073F00079097D09810985098A098E099209960909
:107400009B099F09A309A709AC09B009B409B809E8
:10741000BC09C109C509C909CD09D209D609DA09CA
:10742000DE09E209E709EB09EF09F309F809FC09AC
:10743000000A040A080A0D0A110A150A190A1E0A86
:10744000220A260A2A0A2E0A330A370A3B0A3F0A68
:10745000430A480A4C0A500A540A580A5D0A610A4B
:10746000650A690A6D0A720A760A7A0A7E0A820A2F
:10747000870A8B0A8F0A930A970A9C0AA00AA40A11
:10748000A80AAC0AB10AB50AB90ABD0AC10AC60AF5
:10749000CA0ACE0AD20AD60ADA0ADF0AE30AE70AD9
:1074A000EB0AEF0AF40AF80AFC0A000B040B080BBB
:1074B0000D0B110B150B190B1D0B220B260B2A0B99
:1074C0002E0B320B360B3B0B3F0B430B470B4B0B7F
:1074D0004F0B540B580B5C0B600B640B680B6D0B64
:1074E000710B750B790B7D0B810B850B8A0B8E0B4A
:1074F000920B960B9A0B9E0BA30BA70BAB0BAF0B30
:10750000B30BB70BBB0BC00BC40BC80BCC0BD00B16
:10751000D40BD80B96039B039F03A303A803AC03D0
:10752000B003B503B903BE03C203C603CB03CF0345
:10753000D303D803DC03E103E503E903EE03F2031D
:10754000F703FB03FF03040408040C0411041504EF
:107550001A041E04220427042B042F0434043804C4
:107560003D04410445044A044E04520457045B049C
:107570006004640468046D04710476047A047E0473
:10758000830487048B049004940499049D04A1044B
:10759000A604AA04AE04B304B704BB04C004C40424
:1075A000C904CD04D104D604DA04DE04E304E704FC
:1075B000EC04F004F404F904FD04010506050A05D1
:1075C0000F05130517051C052005240529052D05A4
:1075D000310536053A053F05430547054C0550057D
:1075E000540559055D05610566056A056F05730556
:1075F00077057C058005840589058D05910596052F
:107600009A059F05A305A705AC05B005B405B90506
:10761000BD05C105C605CA05CE05D305D705DC05E0
:10762000E005E405E905ED05F105F605FA05FE05B9
:10763000030607060B061006140618061D0621068B
:1076400026062A062E06330637063B064006440663
:1076500048064D06510655065A065E06620667063E
:107660006B066F06740678067C06810685068A0618
:107670008E06920697069B069F06A406A806AC06F1
:10768000B106B506B906BE06C206C606CB06CF06CB
:10769000D306D806DC06E006E506E906ED06F206A6
:1076A000F606FA06FF06030707070C07100714077C
:1076B00019071D07210726072A072E073307370753
:1076C0003B074007440748074D07510755075A072E
:1076D0005E07620767076B076F07730778077C070A
:1076E0008007850789078D07920796079A079F07E6
:1076F000A307A707AC07B007B407B907BD07C107C1
:10770000C607CA07CE07D207D707DB07DF07E4079C
:10771000E807EC07F107F507F907FE070208060876
:107720000B080F08130817081C082008240829084C
:107730002D08310836083A083E08420847084B0829
:107740004F08540858085C086108650869086D0806
:10775000720876087A087F08830887088C089008E2
:10776000940898089D08A108A508AA08AE08B208C0
:10777000B608BB08BF08C308C808CC08D008D4089E
:10778000D908DD08E108E608EA08EE08F208F7087B
:10779000FB08FF08040908090C0910091509190953
:1077A0001D09220926092A092E09330937093B092F
:1077B0004009440948094C095109550959095D090D
:1077C000620966096A096E09730977097B098009EC
:1077D000840988098C099109950999099D09A209CB
:1077E000A609AA09AE09B309B709BB09BF09C409AB
:1077F000C809CC09D109D509D909DD09E209E60989
:10780000EA09EE09F309F709FB09FF09040A080A66
:107810000C0A100A150A190A1D0A210A260A2A0A40
:107820002E0A320A370A3B0A3F0A430A470A4C0A21
:10783000500A540A580A5D0A610A650A690A6E0A02
:10784000720A760A7A0A7F0A830A870A8B0A900AE2
:10785000940A980A9C0AA00AA50AA90AAD0AB10AC4
:10786000B60ABA0ABE0AC20AC60ACB0ACF0AD30AA5
:10787000D70ADC0AE00AE40AE80AEC0AF10AF50A87
:10788000F90AFD0A020B060B0A0B0E0B120B170B63
:107890001B0B1F0B230B270B2C0B300B340B380B44
:1078A0003C0B410B450B490B4D0B520B560B5A0B26
:1078B0005E0B620B670B6B0B6F0B730B770B7C0B09
:1078C000800B840B880B8C0B900B950B990B9D0BED
:1078D000A10BA50BAA0BAE0BB20BB60BBA0BBF0BD1
:1078E000C30BC70BCB0BCF0BD40BD80BDC0BE00BB4
:1078F000E40BE80BED0BF10BF50BF90BFD0BB103F2
:10790000B503BA03BE03C303C703CB03D003D40339
:10791000D903DD03E103E603EA03EF03F303F7030F
:10792000FC030004040409040D04120416041A04E0
:107930001F04230428042C043004350439043E04B5
:10794000420446044B044F04540458045C0461048C
:10795000650469046E04720477047B047F04840464
:1079600088048D04910495049A049E04A304A7043A
:10797000AB04B004B404B804BD04C104C604CA0412
:10798000CE04D304D704DC04E004E404E904ED04E9
:10799000F104F604FA04FF04030507050C051005BD
:1079A000140519051D05220526052A052F05330591
:1079B00038053C054005450549054D055205560568
:1079C0005B055F05630568056C0570057505790540
:1079D0007E05820586058B058F05930598059C0518
:1079E000A105A505A905AE05B205B605BB05BF05F0
:1079F000C405C805CC05D105D505D905DE05E205C8
:107A0000E705EB05EF05F405F805FC05010605069D
:107A10000A060E06120617061B061F06240628066F
:107A20002D06310635063A063E06420647064B0647
:107A30004F06540658065D06610665066A066E0620
:107A4000720677067B067F06840688068D069106F9
:107A500095069A069E06A206A706AB06AF06B406D2
:107A6000B806BC06C106C506CA06CE06D206D706AB
:107A7000DB06DF06E406E806EC06F106F506F90685
:107A8000FE06020707070B070F07140718071C0756
:107A90002107250729072E07320736073B073F072F
:107AA000430748074C075107550759075E07620708
:107AB00066076B076F07730778077C0780078507E2
:107AC00089078D07920796079A079F07A307A707BD
:107AD000AC07B007B407B907BD07C107C607CA0797
:107AE000CE07D307D707DB07E007E407E807ED0772
:107AF000F107F507FA07FE07020807080B080F0849
:107B0000140818081C082108250829082E0832081E
:107B100036083B083F08430848084C0850085508F9
:107B200059085D08620866086A086F0873087708D4
:107B30007C088008840889088D08910896089A08AE
:107B40009E08A308A708AB08AF08B408B808BC088B
:107B5000C108C508C908CE08D208D608DB08DF0866
:107B6000E308E808EC08F008F508F908FD08010941
:107B700006090A090E09130917091B092009240916
:107B800028092D093109350939093E0942094609F3
:107B90004B094F09530958095C09600964096909CF
:107BA0006D09710976097A097E09830987098B09AC
:107BB0008F09940998099C09A109A509A909AE0989
:107BC000B209B609BA09BF09C309C709CC09D00966
:107BD000D409D809DD09E109E509EA09EE09F20944
:107BE000F609FB09FF09030A080A0C0A100A140A1D
:107BF000190A1D0A210A260A2A0A2E0A320A370AF7
:107C00003B0A3F0A440A480A4C0A500A550A590AD4
:107C10005D0A610A660A6A0A6E0A730A770A7B0AB3
:107C20007F0A840A880A8C0A900A950A990A9D0A92
:107C3000A10AA60AAA0AAE0AB30AB70ABB0ABF0A71
:107C4000C40AC80ACC0AD00AD50AD90ADD0AE10A50
:107C5000E60AEA0AEE0AF20AF70AFB0AFF0A030B2F
:107C6000080B0C0B100B140B190B1D0B210B250B08
:107C70002A0B2E0B320B360B3B0B3F0B430B470BE8
:107C80004C0B500B540B580B5D0B610B650B690BC8
:107C90006E0B720B760B7A0B7F0B830B870B8B0BA8
:107CA000900B940B980B9C0BA10BA50BA90BAD0B88
:107CB000B10BB60BBA0BBE0BC20BC70BCB0BCF0B6A
:107CC000D30BD80BDC0BE00BE40BE80BED0BF10B4B
:107CD000F50BF90BFE0B020C060C0A0C0E0C130C28
:107CE000170C1B0C1F0C240CCC03D103D503DA0397
:107CF000DE03E203E703EB03F003F403F803FD0301
:107D0000010406040A040E04130417041C042004CE
:107D1000240429042D04320436043A043F044304A5
:107D200048044C045004550459045E04620466047B
:107D30006B046F04740478047C04810485048A0451
:107D40008E04920497049B04A004A404A804AD0428
:107D5000B104B604BA04BE04C304C704CC04D004FE
:107D6000D404D904DD04E204E604EA04EF04F304D5
:107D7000F804FC040005050509050E0512051605A5
:107D80001B051F05240528052C05310535053A0579
:107D90003E05420547054B055005540558055D0550
:107DA000610566056A056E05730577057B05800527
:107DB000840589058D05910596059A059F05A305FE
:107DC000A705AC05B005B505B905BD05C205C605D5
:107DD000CB05CF05D305D805DC05E005E505E905AC
:107DE000EE05F205F605FB05FF05040608060C0680
:107DF000110615061A061E06220627062B062F0652
:107E0000340638063D06410645064A064E06530628
:107E100057065B066006640668066D067106760600
:107E20007A067E06830687068C06900694069906D7
:107E30009D06A106A606AA06AF06B306B706BC06AF
:107E4000C006C406C906CD06D206D606DA06DF0687
:107E5000E306E706EC06F006F506F906FD0602075E
:107E600006070A070F07130718071C07200725072F
:107E700029072D07320736073B073F074307480707
:107E80004C075007550759075E07620766076B07DF
:107E90006F07730778077C078007850789078E07B8
:107EA000920796079B079F07A307A807AC07B10790
:107EB000B507B907BE07C207C607CB07CF07D30769
:107EC000D807DC07E107E507E907EE07F207F60741
:107ED000FB07FF07030808080C0810081508190815
:107EE0001E08220826082B082F08330838083C08EB
:107EF0004008450849084D08520856085B085F08C5
:107F0000630868086C087008750879087D0882089D
:107F100086088A088F08930897089C08A008A40878
:107F2000A908AD08B208B608BA08BF08C308C70850
:107F3000CC08D008D408D908DD08E108E608EA082A
:107F4000EE08F308F708FB080009040908090D0901
:107F5000110915091A091E09220927092B092F09D8
:107F6000340938093C094109450949094E095209B2
:107F700056095B095F09630968096C09700975098D
:107F800079097D09820986098A098F099309970968
:107F90009C09A009A409A909AD09B109B609BA0942
:107FA000BE09C309C709CB09D009D409D809DD091D
:107FB000E109E509EA09EE09F209F709FB09FF09F8
:107FC000030A080A0C0A100A150A190A1D0A220ACD
:107FD000260A2A0A2F0A330A370A3C0A400A440AA8
:107FE000490A4D0A510A550A5A0A5E0A620A670A84
:107FF0006B0A6F0A740A780A7C0A810A850A890A60
:108000008E0A920A960A9A0A9F0AA30AA70AAC0A3B
:10801000B00AB40AB90ABD0AC10AC50ACA0ACE0A18
:10802000D20AD70ADB0ADF0AE40AE80AEC0AF00AF5
:10803000F50AF90AFD0A020B060B0A0B0F0B130BCC
:10804000170B1B0B200B240B280B2D0B310B350BA7
:10805000390B3E0B420B460B4B0B4F0B530B580B84
:108060005C0B600B640B690B6D0B710B760B7A0B61
:108070007E0B820B870B8B0B8F0B940B980B9C0B3F
:10808000A00BA50BA90BAD0BB10BB60BBA0BBE0B1E
:10809000C30BC70BCB0BCF0BD40BD80BDC0BE10BFB
:1080A000E50BE90BED0BF20BF60BFA0BFE0B030CD9
:1080B000070C0B0C0F0C140C180C1C0C210C250CB1
:1080C000290C2D0C320C360C3A0C3E0C430C470C90
:1080D0004B0CE803EC03F103F503FA03FE0303047E
:1080E00007040B041004140419041D0421042604BD
:1080F0002A042F04330438043C0440044504490492
:108100004E04520456045B045F04640468046C0467
:10811000710475047A047E04830487048B0490043C
:10812000940499049D04A104A604AA04AF04B30412
:10813000B804BC04C004C504C904CE04D204D604E7
:10814000DB04DF04E404E804EC04F104F504FA04BD
:10815000FE04030507050B051005140519051D058B
:10816000210526052A052F05330537053C05400561
:10817000450549054E05520556055B055F05640535
:1081800068056C05710575057A057E05820587050C
:108190008B059005940598059D05A105A605AA05E2
:1081A000AF05B305B705BC05C005C505C905CD05B7
:1081B000D205D605DB05DF05E305E805EC05F1058D
:1081C000F505F905FE05020607060B06100614065E
:1081D00018061D06210626062A062E063306370631
:1081E0003C064006440649064D06520656065A0607
:1081F0005F06630668066C067006750679067E06DD
:10820000820686068B068F06940698069C06A106B3
:10821000A506AA06AE06B206B706BB06C006C40689
:10822000C806CD06D106D606DA06DE06E306E70660
:10823000EC06F006F406F906FD06020706070A0733
:108240000F07130718071C072007250729072E0704
:10825000320736073B073F07440748074C075107DB
:1082600055075A075E07620767076B076F077407B2
:1082700078077D07810785078A078E079307970789
:108280009B07A007A407A907AD07B107B607BA0760
:10829000BF07C307C707CC07D007D407D907DD0737
:1082A000E207E607EA07EF07F307F807FC0700080D
:1082B000050809080D08120816081B081F082308DE
:1082C00028082C083108350839083E0842084608B5
:1082D0004B084F08540858085C08610865086A088C
:1082E0006E08720877087B087F08840888088D0864
:1082F000910895089A089E08A208A708AB08B0083C
:10830000B408B808BD08C108C508CA08CE08D30813
:10831000D708DB08E008E408E808ED08F108F608EB
:10832000FA08FE08030907090B09100914091909BD
:108330001D09210926092A092E09330937093C0993
:108340004009440949094D09510956095A095E096C
:10835000630967096C097009740979097D09810944
:1083600086098A098E09930997099C09A009A4091D
:10837000A909AD09B109B609BA09BE09C309C709F6
:10838000CC09D009D409D909DD09E109E609EA09CE
:10839000EE09F309F709FB09000A040A090A0D0AA4
:1083A000110A160A1A0A1E0A230A270A2B0A300A79
:1083B000340A380A3D0A410A460A4A0A4E0A530A52
:1083C000570A5B0A600A640A680A6D0A710A750A2C
:1083D0007A0A7E0A820A870A8B0A8F0A940A980A06
:1083E0009D0AA10AA50AAA0AAE0AB20AB70ABB0ADE
:1083F000BF0AC40AC80ACC0AD10AD50AD90ADE0AB9
:10840000E20AE60AEB0AEF0AF30AF80AFC0A000B92
:10841000050B090B0D0B120B160B1A0B1F0B230B65
:10842000270B2C0B300B340B390B3D0B410B460B40
:108430004A0B4F0B530B570B5C0B600B640B690B18
:108440006D0B710B760B7A0B7E0B830B870B8B0BF3
:108450008F0B940B980B9C0BA10BA50BA90BAE0BD0
:10846000B20BB60BBB0BBF0BC30BC80BCC0BD00BAB
:10847000D50BD90BDD0BE20BE60BEA0BEF0BF30B85
:10848000F70BFC0B000C040C090C0D0C110C160C5A
:108490001A0C1E0C230C270C2B0C300C340C380C33
:1084A0003C0C410C450C490C4E0C520C560C5B0C10
:1084B0005F0C630C680C6C0C700C750C04040904E4
:1084C0000D04110416041A041F04230428042C04A8
:1084D0003004350439043E04420447044B044F047D
:1084E000540458045D04610466046A046E04730451
:1084F00077047C048004850489048D049204960426
:108500009B049F04A404A804AC04B104B504BA04F9
:10851000BE04C304C704CB04D004D404D904DD04CE
:10852000E204E604EA04EF04F304F804FC040105A1
:10853000050509050E05120517051B05200524056F
:1085400028052D05310536053A053F054305470544
:108550004C055005550559055E05620566056B0518
:108560006F05740578057D05810585058A058E05ED
:10857000930597059C05A005A405A905AD05B205C1
:10858000B605BA05BF05C305C805CC05D105D50597
:10859000D905DE05E205E705EB05F005F405F8056C
:1085A000FD05010606060A060F06130617061C0639
:1085B0002006250629062E06320636063B063F060D
:1085C000440648064D06510655065A065E066306E1
:1085D00067066C067006740679067D0682068606B6
:1085E0008A068F06930698069C06A106A506A9068C
:1085F000AE06B206B706BB06C006C406C806CD0660
:10860000D106D606DA06DE06E306E706EC06F00635
:10861000F506F906FD06020706070B070F07140704
:1086200018071C07210725072A072E0732073707D7
:108630003B074007440749074D07510756075A07AC
:108640005F07630767076C077007750779077E0781
:10865000820786078B078F07940798079D07A10756
:10866000A507AA07AE07B307B707BB07C007C4072C
:10867000C907CD07D107D607DA07DF07E307E80701
:10868000EC07F007F507F907FE07020806080B08D4
:108690000F08140818081D08210825082A082E08A4
:1086A000330837083B084008440849084D0851087A
:1086B00056085A085F08630868086C08700875084F
:1086C00079087E08820886088B088F089408980825
:1086D0009C08A108A508AA08AE08B208B708BB08FC
:1086E000C008C408C908CD08D108D608DA08DF08D0
:1086F000E308E708EC08F008F508F908FD080209A6
:1087000006090B090F09130918091C092109250974
:1087100029092E09320937093B093F09440948094B
:108720004D09510955095A095E09630967096B0921
:108730007009740979097D09810986098A098F09F7
:10874000930997099C09A009A509A909AD09B209CE
:10875000B609BB09BF09C309C809CC09D109D509A4
:10876000D909DE09E209E709EB09EF09F409F8097B
:10877000FD09010A050A0A0A0E0A130A170A1B0A4A
:10878000200A240A290A2D0A310A360A3A0A3F0A1F
:10879000430A470A4C0A500A550A590A5D0A620AF6
:1087A000660A6B0A6F0A730A780A7C0A800A850ACD
:1087B000890A8E0A920A960A9B0A9F0AA40AA80AA4
:1087C000AC0AB10AB50ABA0ABE0AC20AC70ACB0A7B
:1087D000CF0AD40AD80ADD0AE10AE50AEA0AEE0A53
:1087E000F30AF70AFB0A000B040B090B0D0B110B24
:1087F000160B1A0B1E0B230B270B2C0B300B340BF9
:10880000390B3D0B420B460B4A0B4F0B530B570BCF
:108810005C0B600B650B690B6D0B720B760B7B0BA6
:108820007F0B830B880B8C0B900B950B990B9E0B7E
:10883000A20BA60BAB0BAF0BB40BB80BBC0BC10B55
:10884000C50BC90BCE0BD20BD70BDB0BDF0BE40B2D
:10885000E80BED0BF10BF50BFA0BFE0B020C070C02
:108860000B0C100C140C180C1D0C210C250C2A0CD4
:108870002E0C330C370C3B0C400C440C480C4D0CAC
:10888000510C560C5A0C5E0C630C670C6B0C700C84
:10889000740C790C7D0C810C860C8A0C8E0C930C5C
:1088A000970C9C0CA00C210425042A042E043304EC
:1088B00037043B044004440449044D045204560464
:1088C0005B045F04630468046C04710475047A0437
:1088D0007E04830487048B049004940499049D040B
:1088E000A204A604AA04AF04B304B804BC04C104DF
:1088F000C504CA04CE04D204D704DB04E004E404B3
:10890000E904ED04F204F604FA04FF040305080583
:108910000C05110515051A051E05220527052B0551
:108920003005340539053D05420546054A054F0524
:10893000530558055C05610565056A056E057205F8
:1089400077057B058005840589058D0592059605CB
:108950009A059F05A305A805AC05B105B505BA059F
:10896000BE05C205C705CB05D005D405D905DD0573
:10897000E205E605EA05EF05F305F805FC05010645
:1089800005060A060E06120617061B062006240612
:1089900029062D06320636063A063F0643064806E5
:1089A0004C06510655065A065E06620667066B06B9
:1089B0007006740679067D06820686068A068F068C
:1089C000930698069C06A106A506AA06AE06B20660
:1089D000B706BB06C006C406C906CD06D206D60633
:1089E000DA06DF06E306E806EC06F106F506FA0607
:1089F000FE06020707070B071007140719071D07D4
:108A0000220726072A072F07330738073C074107A5
:108A100045074A074E07520757075B076007640779
:108A200069076D07720776077A077F07830788074C
:108A30008C07910795079A079E07A207A707AB0720
:108A4000B007B407B907BD07C207C607CA07CF07F3
:108A5000D307D807DC07E107E507EA07EE07F207C7
:108A6000F707FB070008040809080D081208160894
:108A70001A081F08230828082C08310835083A0866
:108A80003E08420847084B085008540859085D083A
:108A9000620866086A086F08730878087C0881080D
:108AA000850889088E08920897089B08A008A408E2
:108AB000A908AD08B108B608BA08BF08C308C808B5
:108AC000CC08D108D508D908DE08E208E708EB0889
:108AD000F008F408F808FD08010906090A090F0959
:108AE000130918091C092009250929092E09320929
:108AF00037093B094009440948094D0951095609FC
:108B00005A095F09630967096C09700975097909D0
:108B10007E09820987098B098F09940998099D09A3
:108B2000A109A609AA09AF09B309B709BC09C00977
:108B3000C509C909CE09D209D609DB09DF09E4094B
:108B4000E809ED09F109F609FA09FE09030A070A1D
:108B50000C0A100A150A190A1D0A220A260A2B0AEB
:108B60002F0A340A380A3D0A410A450A4A0A4E0ABF
:108B7000530A570A5C0A600A640A690A6D0A720A93
:108B8000760A7B0A7F0A840A880A8C0A910A950A67
:108B90009A0A9E0AA30AA70AAB0AB00AB40AB90A3B
:108BA000BD0AC20AC60ACB0ACF0AD30AD80ADC0A0F
:108BB000E10AE50AEA0AEE0AF20AF70AFB0A000BE2
:108BC000040B090B0D0B120B160B1A0B1F0B230BAF
:108BD000280B2C0B310B350B390B3E0B420B470B83
:108BE0004B0B500B540B590B5D0B610B660B6A0B57
:108BF0006F0B730B780B7C0B810B850B890B8E0B2A
:108C0000920B970B9B0BA00BA40BA80BAD0BB10BFE
:108C1000B60BBA0BBF0BC30BC80BCC0BD00BD50BD1
:108C2000D90BDE0BE20BE70BEB0BF00BF40BF80BA5
:108C3000FD0B010C060C0A0C0F0C130C170C1C0C72
:108C4000200C250C290C2E0C320C370C3B0C3F0C45
:108C5000440C480C4D0C510C560C5A0C5F0C630C18
:108C6000670C6C0C700C750C790C7E0C820C870CEC
:108C70008B0C8F0C940C980C9D0CA10CA60CAA0CC0
:108C8000AF0CB30CB70CBC0CC00CC50CC90CCE0C93
:108C90003E04420447044B045004540459045D0448
:108CA000620466046A046F04730478047C0481041B
:108CB00085048A048E04930497049C04A004A404ED
:108CC000A904AD04B204B604BB04BF04C404C804C0
:108CD000CD04D104D504DA04DE04E304E704EC0493
:108CE000F004F504F904FE04020507050B050F0561
:108CF000140518051D05210526052A052F05330530
:108D000038053C054005450549054E055205570502
:108D10005B056005640569056D05720576057B05D3
:108D20007F05830588058C05910595059A059E05A7
:108D3000A305A705AC05B005B505B905BD05C20578
:108D4000C605CB05CF05D405D805DD05E105E6054B
:108D5000EA05EF05F305F805FC050006050609061A
:108D60000E06120617061B062006240629062D06E7
:108D7000320636063A063F06430648064C065106BA
:108D800055065A065E06630667066C06700675068B
:108D900079067E06820686068B068F06940698065E
:108DA0009D06A106A606AA06AF06B306B806BC062F
:108DB000C106C506C906CE06D206D706DB06E00602
:108DC000E406E906ED06F206F606FB06FF060407D2
:108DD00008070D07110715071A071E07230727079E
:108DE0002C073007350739073E07420747074B076F
:108DF0005007540758075D07610766076A076F0742
:108E0000730778077C07810785078A078E07930712
:108E100097079C07A007A507A907AD07B207B607E4
:108E2000BB07BF07C407C807CD07D107D607DA07B6
:108E3000DF07E307E807EC07F107F507F907FE0787
:108E4000020807080B081008140819081D08220852
:108E500026082B082F08340838083D084108460822
:108E60004A084E08530857085C08600865086908F6
:108E70006E08720877087B088008840889088D08C6
:108E8000920896089B089F08A308A808AC08B10898
:108E9000B508BA08BE08C308C708CC08D008D5086A
:108EA000D908DE08E208E708EB08F008F408F9083A
:108EB000FD08010906090A090F09130918091C0907
:108EC000210925092A092E09330937093C094009D6
:108ED000450949094E09520957095B0960096409A6
:108EE00068096D09710976097A097F09830988097A
:108EF0008C09910995099A099E09A309A709AC094A
:108F0000B009B509B909BE09C209C709CB09D00919
:108F1000D409D809DD09E109E609EA09EF09F309ED
:108F2000F809FC09010A050A0A0A0E0A130A170AB7
:108F30001C0A200A250A290A2E0A320A370A3B0A85
:108F4000400A440A490A4D0A520A560A5B0A5F0A55
:108F5000630A680A6C0A710A750A7A0A7E0A830A29
:108F6000870A8C0A900A950A990A9E0AA20AA70AF9
:108F7000AB0AB00AB40AB90ABD0AC20AC60ACB0AC9
:108F8000CF0AD40AD80ADD0AE10AE60AEA0AEF0A99
:108F9000F30AF80AFC0A010B050B0A0B0E0B130B64
:108FA000170B1C0B200B250B290B2E0B320B370B31
:108FB0003B0B400B440B480B4D0B510B560B5A0B04
:108FC0005F0B630B680B6C0B710B750B7A0B7E0BD5
:108FD000830B870B8C0B900B950B990B9E0BA20BA5
:108FE000A70BAB0BB00BB40BB90BBD0BC20BC60B75
:108FF000CB0BCF0BD40BD90BDD0BE20BE60BEB0B42
:10900000EF0BF40BF80BFD0B010C060C0A0C0F0C0C
:10901000130C180C1C0C210C250C2A0C2E0C330CD8
:10902000370C3C0C400C450C490C4E0C520C570CA8
:109030005B0C600C640C690C6D0C720C760C7B0C78
:109040007F0C840C880C8D0C920C960C9B0C9F0C46
:10905000A40CA80CAD0CB10CB60CBA0CBF0CC30C14
:10906000C80CCC0CD10CD50CDA0CDE0CE30CE70CE4
:10907000EC0CF10CF50CFA0CFE0C5C0460046504BD
:1090800069046E04720476047B047F0484048804FB
:109090008D04910496049A049F04A304A804AC04CC
:1090A000B104B504BA04BE04C204C704CB04D0049E
:1090B000D404D904DD04E204E604EB04EF04F40470
:1090C000F804FD04010506050A050F05130518053A
:1090D0001C052005250529052E05320537053B050C
:1090E0004005440549054D05520556055B055F05DC
:1090F000640568056D05710576057A057F058305AC
:1091000088058C059005950599059E05A205A7057E
:10911000AB05B005B405B905BD05C205C605CB054F
:10912000CF05D405D805DD05E105E605EA05EF051F
:10913000F305F805FC05010605060A060E061306EA
:1091400017061C062006240629062D0632063606BA
:109150003B063F06440648064D06510656065A068B
:109160005F06630668066C06710675067A067E065B
:10917000830687068C069006950699069E06A2062B
:10918000A706AB06B006B406B906BD06C206C606FB
:10919000CB06CF06D406D806DD06E106E606EA06CB
:1091A000EF06F306F806FC06010705070A070E0797
:1091B000130717071C072007250729072E07320763
:1091C00037073B074007440749074D075207560733
:1091D0005B075F07640768076D07710776077A0703
:1091E0007F07830788078C07910795079A079E07D3
:1091F000A307A707AC07B007B507B907BE07C207A3
:10920000C707CB07D007D407D907DD07E207E60772
:10921000EB07EF07F407F807FD07010806080A083F
:109220000F08130818081C08210825082A082E080A
:10923000330837083C084008450849084E085208DA
:1092400057085B086008640869086D0872087608AA
:109250007B087F08840888088D08910896089A087A
:109260009F08A308A808AC08B108B508BA08BE084A
:10927000C308C808CC08D108D508DA08DE08E30816
:10928000E708EC08F008F508F908FE0802090709E4
:109290000B091009140919091D09220926092B09AE
:1092A0002F09340938093D09410946094A094F097E
:1092B000540958095D09610966096A096F0973094A
:1092C00078097C09810985098A098E09930997091A
:1092D0009C09A009A509A909AE09B209B709BC09E9
:1092E000C009C509C909CE09D209D709DB09E009B6
:1092F000E409E909ED09F209F609FB09FF09040A85
:10930000090A0D0A120A160A1B0A1F0A240A280A49
:109310002D0A310A360A3A0A3F0A430A480A4D0A18
:10932000510A560A5A0A5F0A630A680A6C0A710AE5
:10933000750A7A0A7E0A830A880A8C0A910A950AB3
:109340009A0A9E0AA30AA70AAC0AB00AB50AB90A81
:10935000BE0AC30AC70ACC0AD00AD50AD90ADE0A4D
:10936000E20AE70AEB0AF00AF50AF90AFE0A020B1A
:10937000070B0B0B100B140B190B1E0B220B270BDF
:109380002B0B300B340B390B3D0B420B470B4B0BAC
:10939000500B540B590B5D0B620B660B6B0B700B78
:1093A000740B790B7D0B820B860B8B0B900B940B44
:1093B000990B9D0BA20BA60BAB0BB00BB40BB90B0F
:1093C000BD0BC20BC60BCB0BD00BD40BD90BDD0BDB
:1093D000E20BE60BEB0BF00BF40BF90BFD0B020CA5
:1093E000060C0B0C100C140C190C1D0C220C270C69
:1093F0002B0C300C340C390C3D0C420C470C4B0C34
:10940000500C540C590C5E0C620C670C6B0C700CFD
:10941000750C790C7E0C820C870C8C0C900C950CC6
:10942000990C9E0CA30CA70CAC0CB10CB50CBA0C8F
:10943000BE0CC30CC80CCC0CD10CD50CDA0CDF0C58
:10944000E30CE80CED0CF10CF60CFA0CFF0C040D1F
:10945000080D0D0D120D160D1B0D1F0D240D290DE0
:109460002D0D320D7A047E04830487048C0490044D
:10947000950499049E04A204A704AB04B004B404A8
:10948000B904BD04C204C604CB04CF04D404D80478
:10949000DD04E104E604EA04EF04F304F804FC0448
:1094A000010505050A050E05130517051C05200510
:1094B000250529052E05320537053B0540054405E0
:1094C00049054D05520556055B055F0564056805B0
:1094D0006D05710576057A057F05830588058C0580
:1094E000910595059A059E05A305A705AC05B00550
:1094F000B505B905BE05C205C705CB05D005D40520
:10950000D905DD05E205E605EB05EF05F405F805EF
:10951000FD05010606060A060F06130618061C06B8
:10952000210625062A062E06330637063C06400687
:10953000450649064E06520657065B066006640657
:1095400069066D06720676067B0680068406890625
:109550008D06920696069B069F06A406A806AD06F3
:10956000B106B606BA06BF06C306C806CC06D106C3
:10957000D506DA06DE06E306E706EC06F106F50692
:10958000FA06FE06030707070C0710071507190759
:109590001E07220727072B073007340739073D0727
:1095A000420746074B075007540759075D076207F4
:1095B00066076B076F07740778077D0781078607C3
:1095C0008A078F07930798079D07A107A607AA0791
:1095D000AF07B307B807BC07C107C507CA07CE075F
:1095E000D307D707DC07E107E507EA07EE07F3072C
:1095F000F707FC070008050809080E0812081708F5
:109600001C082008250829082E08320837083B08BE
:109610004008440849084E08520857085B0860088B
:10962000640869086D08720876087B088008840859
:1096300089088D08920896089B089F08A408A80826
:10964000AD08B208B608BB08BF08C408C808CD08F2
:10965000D108D608DB08DF08E408E808ED08F108BF
:10966000F608FA08FF08040908090D091109160986
:109670001A091F09230928092D09310936093A0950
:109680003F09430948094C09510956095A095F091C
:10969000630968096C09710976097A097F098309E8
:1096A00088098C09910996099A099F09A309A809B3
:1096B000AC09B109B609BA09BF09C309C809CC097F
:1096C000D109D609DA09DF09E309E809EC09F1094A
:1096D000F609FA09FF09030A080A0D0A110A160A0F
:1096E0001A0A1F0A230A280A2D0A310A360A3A0AD8
:1096F0003F0A440A480A4D0A510A560A5B0A5F0AA1
:10970000640A680A6D0A710A760A7B0A7F0A840A6B
:10971000880A8D0A920A960A9B0A9F0AA40AA90A35
:10972000AD0AB20AB60ABB0AC00AC40AC90ACE0AFE
:10973000D20AD70ADB0AE00AE50AE90AEE0AF20AC7
:10974000F70AFC0A000B050B090B0E0B130B170B8A
:109750001C0B210B250B2A0B2E0B330B380B3C0B50
:10976000410B460B4A0B4F0B530B580B5D0B610B18
:10977000660B6B0B6F0B740B780B7D0B820B860BE0
:109780008B0B900B940B990B9E0BA20BA70BAB0BA7
:10979000B00BB50BB90BBE0BC30BC70BCC0BD10B6E
:1097A000D50BDA0BDF0BE30BE80BED0BF10BF60B34
:1097B000FB0BFF0B040C090C0D0C120C170C1B0CF3
:1097C000200C250C290C2E0C330C370C3C0C410CB6
:1097D000450C4A0C4F0C530C580C5D0C610C660C7C
:1097E0006B0C6F0C740C790C7E0C820C870C8C0C3F
:1097F000900C950C9A0C9E0CA30CA80CAD0CB10C03
:10980000B60CBB0CBF0CC40CC90CCE0CD20CD70CC4
:10981000DC0CE00CE50CEA0CEF0CF30CF80CFD0C86
:10982000010D060D0B0D100D140D190D1E0D230D40
:10983000270D2C0D310D360D3A0D3F0D440D490D00
:109840004D0D520D570D5C0D610D650D6A0D99049E
:109850009D04A204A604AB04AF04B404B804BD0480
:10986000C104C604CA04CF04D304D804DC04E10450
:10987000E504EA04EE04F304F704FC04000505051E
:1098800009050E05130517051C05200525052905E5
:109890002E05320537053B054005440549054D05B4
:1098A000520556055B055F05640568056D05710584
:1098B00076057A057F05830588058D059105960552
:1098C0009A059F05A305A805AC05B105B505BA0520
:1098D000BE05C305C705CC05D005D505D905DE05F0
:1098E000E305E705EC05F005F505F905FE050206BB
:1098F00007060B061006140619061D062206270683
:109900002B063006340639063D06420646064B064F
:109910004F06540658065D06610666066B066F061E
:10992000740678067D06810686068A068F069306EB
:1099300098069D06A106A606AA06AF06B306B806B7
:10994000BC06C106C506CA06CF06D306D806DC0685
:10995000E106E506EA06EE06F306F706FC06010751
:1099600005070A070E07130717071C072007250717
:109970002A072E07330737073C07400745074907E3
:109980004E07530757075C076007650769076E07AF
:10999000730777077C078007850789078E0792077B
:1099A00097079C07A007A507A907AE07B207B70747
:1099B000BC07C007C507C907CE07D207D707DC0712
:1099C000E007E507E907EE07F207F707FC070008DD
:1099D000050809080E08120817081C0820082508A1
:1099E00029082E08320837083C084008450849086D
:1099F0004E08530857085C086008650869086E0837
:109A0000730877087C08800885088A088E08930800
:109A100097089C08A008A508AA08AE08B308B708CC
:109A2000BC08C108C508CA08CE08D308D808DC0895
:109A3000E108E508EA08EF08F308F808FC0801095E
:109A400006090A090F09130918091D092109260920
:109A50002A092F09340938093D09410946094B09EA
:109A60004F09540959095D09620966096B097009B2
:109A7000740979097D09820987098B09900995097B
:109A800099099E09A209A709AC09B009B509B90944
:109A9000BE09C309C709CC09D109D509DA09DF090B
:109AA000E309E809EC09F109F609FA09FF09040AD2
:109AB000080A0D0A120A160A1B0A1F0A240A290A92
:109AC0002D0A320A370A3B0A400A450A490A4E0A59
:109AD000530A570A5C0A600A650A6A0A6E0A730A20
:109AE000780A7C0A810A860A8A0A8F0A940A980AE6
:109AF0009D0AA20AA60AAB0AB00AB40AB90ABE0AAB
:109B0000C20AC70ACC0AD00AD50ADA0ADE0AE30A70
:109B1000E80AEC0AF10AF60AFA0AFF0A040B090B32
:109B20000D0B120B170B1B0B200B250B290B2E0BF0
:109B3000330B370B3C0B410B460B4A0B4F0B540BB3
:109B4000580B5D0B620B660B6B0B700B750B790B77
:109B50007E0B830B870B8C0B910B960B9A0B9F0B39
:109B6000A40BA90BAD0BB20BB70BBB0BC00BC50BFA
:109B7000CA0BCE0BD30BD80BDD0BE10BE60BEB0BBB
:109B8000F00BF40BF90BFE0B030C070C0C0C110C77
:109B9000160C1A0C1F0C240C290C2D0C320C370C33
:109BA0003C0C410C450C4A0C4F0C540C580C5D0CF1
:109BB000620C670C6C0C700C750C7A0C7F0C840CAE
:109BC000880C8D0C920C970C9C0CA00CA50CAA0C6C
:109BD000AF0CB40CB80CBD0CC20CC70CCC0CD10C27
:109BE000D50CDA0CDF0CE40CE90CEE0CF20CF70CE3
:109BF000FC0C010D060D0B0D100D140D190D1E0D95
:109C0000230D280D2D0D320D370D3B0D400D450D4B
:109C10004A0D4F0D540D590D5E0D630D680D6C0D01
:109C2000710D760D7B0D800D850D8A0D8F0D940DB8
:109C3000990D9E0DA30DA80DB804BD04C104C60462
:109C4000CA04CF04D404D804DD04E104E604EA0421
:109C5000EF04F304F804FC04010505050A050E05EC
:109C6000130517051C05210525052A052E053305B5
:109C700037053C054005450549054E055205570584
:109C80005C056005650569056E05720577057B0550
:109C90008005840589058D05920597059B05A0051E
:109CA000A405A905AD05B205B605BB05C005C405EB
:109CB000C905CD05D205D605DB05DF05E405E805B8
:109CC000ED05F205F605FB05FF05040608060D0681
:109CD000110616061B061F06240628062D06310649
:109CE00036063B063F06440648064D065106560614
:109CF0005A065F06640668066D06710676067A06E1
:109D00007F06840688068D06910696069A069F06AB
:109D1000A406A806AD06B106B606BA06BF06C40676
:109D2000C806CD06D106D606DA06DF06E406E80642
:109D3000ED06F106F606FB06FF06040708070D0709
:109D4000110716071B071F07240728072D073207CF
:109D500036073B073F07440748074D07520756079A
:109D60005B075F07640769076D07720776077B0764
:109D70008007840789078D07920797079B07A0072D
:109D8000A407A907AE07B207B707BB07C007C507F7
:109D9000C907CE07D207D707DC07E007E507E907C1
:109DA000EE07F307F707FC07010805080A080E0885
:109DB000130818081C08210825082A082F0833084A
:109DC00038083D08410846084A084F085408580812
:109DD0005D08620866086B086F08740879087D08DA
:109DE000820887088B089008940899089E08A208A2
:109DF000A708AC08B008B508B908BE08C308C7086A
:109E0000CC08D108D508DA08DF08E308E808ED082F
:109E1000F108F608FA08FF08040908090D091209F3
:109E200016091B092009240929092E0932093709B5
:109E30003C09400945094A094E09530958095C097A
:109E4000610966096A096F09740978097D0982093F
:109E500086098B099009940999099E09A209A70905
:109E6000AC09B009B509BA09BE09C309C809CC09CA
:109E7000D109D609DA09DF09E409E909ED09F2098E
:109E8000F709FB09000A050A090A0E0A130A180A4B
:109E90001C0A210A260A2A0A2F0A340A380A3D0A0D
:109EA000420A470A4B0A500A550A590A5E0A630ACF
:109EB000680A6C0A710A760A7A0A7F0A840A890A91
:109EC0008D0A920A970A9C0AA00AA50AAA0AAF0A52
:109ED000B30AB80ABD0AC10AC60ACB0AD00AD40A14
:109EE000D90ADE0AE30AE70AEC0AF10AF60AFA0AD4
:109EF000FF0A040B090B0E0B120B170B1C0B210B8B
:109F0000250B2A0B2F0B340B380B3D0B420B470B49
:109F10004C0B500B550B5A0B5F0B640B680B6D0B06
:109F2000720B770B7C0B800B850B8A0B8F0B940BC2
:109F3000980B9D0BA20BA70BAC0BB00BB50BBA0B80
:109F4000BF0BC40BC90BCD0BD20BD70BDC0BE10B3A
:109F5000E60BEA0BEF0BF40BF90BFE0B030C080CF2
:109F60000C0C110C160C1B0C200C250C2A0C2E0CA6
:109F7000330C380C3D0C420C470C4C0C510C560C5D
:109F80005A0C5F0C640C690C6E0C730C780C7D0C15
:109F9000820C870C8C0C900C950C9A0C9F0CA40CCA
:109FA000A90CAE0CB30CB80CBD0CC20CC70CCC0C7D
:109FB000D10CD60CDB0CE00CE50CEA0CEF0CF40C2D
:109FC000F90CFE0C030D080D0D0D120D170D1C0DD7
:109FD000210D260D2B0D300D350D3A0D3F0D440D85
:109FE000490D4E0D530D580D5D0D620D670D6C0D35
:109FF000720D770D7C0D810D860D8B0D900D950DDD
:10A000009A0D9F0DA50DAA0DAF0DB40DB90DBE0D86
:10A01000C40DC90DCE0DD30DD80DDD0DE30DE80D2A
:10A02000ED0DD904DD04E204E604EB04EF04F404CE
:10A03000F904FD04020506050B050F0514051805B6
:10A040001D05210526052B052F05340538053D0581
:10A05000410546054B054F05540558055D0561054D
:10A0600066056A056F05740578057D058105860519
:10A070008A058F05940598059D05A105A605AA05E5
:10A08000AF05B405B805BD05C105C605CA05CF05B0
:10A09000D405D805DD05E105E605EA05EF05F4057B
:10A0A000F805FD05010606060B060F061406180640
:10A0B0001D06210626062B062F06340638063D0609
:10A0C000420646064B064F06540658065D066206D3
:10A0D00066066B066F06740679067D06820686069E
:10A0E0008B069006940699069D06A206A706AB0667
:10A0F000B006B406B906BE06C206C706CB06D00631
:10A10000D506D906DE06E306E706EC06F006F506F8
:10A11000FA06FE06030707070C07110715071A07BB
:10A120001F07230728072C07310736073A073F0781
:10A13000430748074D07510756075B075F0764074A
:10A1400069076D07720776077B0780078407890711
:10A150008E07920797079B07A007A507A907AE07D9
:10A16000B307B707BC07C107C507CA07CF07D3079F
:10A17000D807DC07E107E607EA07EF07F407F80767
:10A18000FD07020806080B081008140819081E0825
:10A19000220827082C08300835083A083E084308EA
:10A1A00048084C08510856085A085F0864086808AF
:10A1B0006D08720876087B088008840889088E0874
:10A1C000920897089C08A008A508AA08AE08B3083A
:10A1D000B808BC08C108C608CA08CF08D408D908FE
:10A1E000DD08E208E708EB08F008F508F908FE08C2
:10A1F000030907090C09110916091A091F0924097D
:10A2000028092D09320937093B094009450949093F
:10A210004E09530958095C09610966096A096F0901
:10A22000740979097D09820987098B0990099509C3
:10A230009A099E09A309A809AD09B109B609BB0984
:10A24000C009C409C909CE09D309D709DC09E10944
:10A25000E609EA09EF09F409F909FD09020A070A02
:10A260000C0A100A150A1A0A1F0A230A280A2D0ABC
:10A27000320A370A3B0A400A450A4A0A4E0A530A7A
:10A28000580A5D0A620A660A6B0A700A750A7A0A37
:10A290007E0A830A880A8D0A920A960A9B0AA00AF5
:10A2A000A50AAA0AAE0AB30AB80ABD0AC20AC70AB0
:10A2B000CB0AD00AD50ADA0ADF0AE40AE80AED0A6C
:10A2C000F20AF70AFC0A010B050B0A0B0F0B140B21
:10A2D000190B1E0B230B270B2C0B310B360B3B0BD7
:10A2E000400B450B490B4E0B530B580B5D0B620B90
:10A2F000670B6C0B710B750B7A0B7F0B840B890B47
:10A300008E0B930B980B9D0BA20BA70BAB0BB00BFB
:10A31000B50BBA0BBF0BC40BC90BCE0BD30BD80BB1
:10A32000DD0BE20BE70BEC0BF10BF60BFB0B000C60
:10A33000050C090C0E0C130C180C1D0C220C270C10
:10A340002C0C310C360C3B0C400C450C4A0C4F0CC1
:10A35000540C5A0C5F0C640C690C6E0C730C780C6A
:10A360007D0C820C870C8C0C910C960C9B0CA00C19
:10A37000A50CAA0CB00CB50CBA0CBF0CC40CC90CC3
:10A38000CE0CD30CD80CDE0CE30CE80CED0CF20C6C
:10A39000F70CFC0C020D070D0C0D110D160D1C0D0C
:10A3A000210D260D2B0D300D360D3B0D400D450DAD
:10A3B0004A0D500D550D5A0D600D650D6A0D6F0D4E
:10A3C000750D7A0D7F0D850D8A0D8F0D950D9A0DEA
:10A3D0009F0DA50DAA0DAF0DB50DBA0DBF0DC50D85
:10A3E000CA0DD00DD50DDB0DE00DE50DEB0DF00D1B
:10A3F000F60DFB0D010E060E0C0E110E170E1D0EA6
:10A40000220E280E2D0E330E390E3E0EFA04FE04D7
:10A41000030508050C05110515051A051E0523057C
:10A4200028052C05310535053A053E054305480547
:10A430004C05510555055A055F05630568056C0512
:10A44000710575057A057F05830588058C059105DD
:10A4500096059A059F05A305A805AD05B105B605A6
:10A46000BA05BF05C405C805CD05D105D605DB0570
:10A47000DF05E405E805ED05F205F605FB05FF053A
:10A48000040609060D06120616061B0620062406FB
:10A4900029062E06320637063B06400645064906C3
:10A4A0004E06520657065C06600665066A066E068C
:10A4B000730677067C06810685068A068F06930654
:10A4C00098069C06A106A606AA06AF06B406B8061C
:10A4D000BD06C206C606CB06CF06D406D906DD06E3
:10A4E000E206E706EB06F006F506F906FE060307A8
:10A4F00007070C07110715071A071E072307280768
:10A500002C07310736073A073F07440748074D072E
:10A51000520756075B076007640769076E077207F3
:10A5200077077C07800785078A078E0793079807B8
:10A530009C07A107A607AA07AF07B407B907BD077D
:10A54000C207C707CB07D007D507D907DE07E30740
:10A55000E707EC07F107F507FA07FF070408080803
:10A560000D08120816081B082008240829082E08C0
:10A57000330837083C08410845084A084F08530883
:10A5800058085D08620866086B0870087508790845
:10A590007E08830887088C08910896089A089F0807
:10A5A000A408A808AD08B208B708BB08C008C508C9
:10A5B000CA08CE08D308D808DD08E108E608EB0889
:10A5C000F008F408F908FE08030907090C09110945
:10A5D00016091A091F09240929092D093209370901
:10A5E0003C09410945094A094F09540958095D09BF
:10A5F000620967096C09700975097A097F0983097D
:10A6000088098D09920997099B09A009A509AA093A
:10A61000AF09B309B809BD09C209C709CB09D009F7
:10A62000D509DA09DF09E409E809ED09F209F709B2
:10A63000FC09010A050A0A0A0F0A140A190A1E0A65
:10A64000220A270A2C0A310A360A3B0A400A440A1F
:10A65000490A4E0A530A580A5D0A620A660A6B0AD8
:10A66000700A750A7A0A7F0A840A890A8D0A920A90
:10A67000970A9C0AA10AA60AAB0AB00AB50ABA0A46
:10A68000BE0AC30AC80ACD0AD20AD70ADC0AE10AFE
:10A69000E60AEB0AF00AF50AFA0AFE0A030B080BAF
:10A6A0000D0B120B170B1C0B210B260B2B0B300B5E
:10A6B000350B3A0B3F0B440B490B4E0B530B580B0E
:10A6C0005D0B620B670B6C0B710B760B7B0B800BBE
:10A6D000850B8A0B8F0B940B990B9E0BA30BA80B6E
:10A6E000AD0BB20BB70BBC0BC10BC60BCB0BD00B1E
:10A6F000D60BDB0BE00BE50BEA0BEF0BF40BF90BC6
:10A70000FE0B030C080C0E0C130C180C1D0C220C69
:10A71000270C2C0C310C370C3C0C410C460C4B0C10
:10A72000500C560C5B0C600C650C6A0C700C750CB4
:10A730007A0C7F0C840C8A0C8F0C940C990C9F0C57
:10A74000A40CA90CAE0CB40CB90CBE0CC30CC90CF7
:10A75000CE0CD30CD90CDE0CE30CE90CEE0CF30C94
:10A76000F90CFE0C030D090D0E0D140D190D1E0D27
:10A77000240D290D2F0D340D3A0D3F0D450D4A0DB9
:10A78000500D550D5B0D600D660D6B0D710D760D49
:10A790007C0D810D870D8C0D920D980D9D0DA30DD7
:10A7A000A90DAE0DB40DBA0DBF0DC50DCB0DD00D5D
:10A7B000D60DDC0DE20DE80DED0DF30DF90DFF0DDD
:10A7C000050E0B0E110E160E1C0E220E280E2E0E4E
:10A7D000340E3A0E400E460E4D0E530E590E5F0EBD
:10A7E000650E6B0E720E780E7E0E850E8B0E910E20
:10A7F000980E9E0EA50E1C05200525052A052E0582
:10A80000330537053C05410545054A054E05530509
:10A8100058055C05610566056A056F0573057805D1
:10A820007D05810586058A058F05940598059D059A
:10A83000A205A605AB05AF05B405B905BD05C20562
:10A84000C705CB05D005D405D905DE05E205E7052A
:10A85000EC05F005F505F905FE05030607060C06EF
:10A86000110615061A061F06230628062C063106B1
:10A8700036063A063F06440648064D065206560678
:10A880005B066006640669066E06720677067C063D
:10A89000800685068A068E06930698069C06A10603
:10A8A000A606AA06AF06B406B806BD06C206C606C8
:10A8B000CB06D006D406D906DE06E206E706EC068D
:10A8C000F006F506FA06FE06030708070C0711074F
:10A8D00016071A071F07240729072D07320737070E
:10A8E0003B074007450749074E07530758075C07D2
:10A8F000610766076A076F07740778077D07820795
:10A9000087078B079007950799079E07A307A80756
:10A91000AC07B107B607BB07BF07C407C907CD0718
:10A92000D207D707DC07E007E507EA07EF07F307D9
:10A93000F807FD07020806080B0810081408190894
:10A940001E08230827082C08310836083B083F0852
:10A95000440849084E08520857085C086108650811
:10A960006A086F08740878087D08820887088C08D0
:10A97000900895089A089F08A308A808AD08B2088F
:10A98000B708BB08C008C508CA08CF08D308D8084C
:10A99000DD08E208E708EB08F008F508FA08FF0808
:10A9A000030908090D09120917091C0920092509BD
:10A9B0002A092F09340939093D09420947094C0977
:10A9C000510956095A095F09640969096E09730931
:10A9D00077097C09810986098B09900995099A09EB
:10A9E0009E09A309A809AD09B209B709BC09C109A3
:10A9F000C509CA09CF09D409D909DE09E309E8095B
:10AA0000ED09F109F609FB09000A050A0A0A0F0A0D
:10AA1000140A190A1E0A230A280A2C0A310A360ABD
:10AA20003B0A400A450A4A0A4F0A540A590A5E0A72
:10AA3000630A680A6D0A720A770A7C0A810A860A22
:10AA40008B0A900A950A9A0A9F0AA40AA90AAE0AD2
:10AA5000B30AB80ABD0AC20AC70ACC0AD10AD60A82
:10AA6000DB0AE00AE50AEA0AEF0AF40AF90AFE0A32
:10AA7000030B080B0D0B120B170B1C0B210B260BDA
:10AA80002B0B310B360B3B0B400B450B4A0B4F0B83
:10AA9000540B590B5E0B640B690B6E0B730B780B2D
:10AAA0007D0B820B870B8D0B920B970B9C0BA10BD5
:10AAB000A60BAC0BB10BB60BBB0BC00BC60BCB0B79
:10AAC000D00BD50BDA0BE00BE50BEA0BEF0BF50B1C
:10AAD000FA0BFF0B040C0A0C0F0C140C1A0C1F0CB5
:10AAE000240C290C2F0C340C390C3F0C440C490C51
:10AAF0004F0C540C590C5F0C640C6A0C6F0C740CEA
:10AB00007A0C7F0C850C8A0C8F0C950C9A0CA00C7F
:10AB1000A50CAB0CB00CB60CBB0CC10CC60CCC0C11
:10AB2000D10CD70CDC0CE20CE80CED0CF30CF80C9F
:10AB3000FE0C040D090D0F0D140D1A0D200D260D20
:10AB40002B0D310D370D3C0D420D480D4E0D540DA2
:10AB5000590D5F0D650D6B0D710D770D7D0D820D1E
:10AB6000880D8E0D940D9A0DA00DA60DAC0DB20D95
:10AB7000B80DBF0DC50DCB0DD10DD70DDD0DE40DFD
:10AB8000EA0DF00DF60DFD0D030E0A0E100E160E59
:10AB90001D0E230E2A0E310E370E3E0E450E4B0EA5
:10ABA000520E590E600E670E6E0E750E7C0E830EE1
:10ABB0008A0E910E980EA00EA70EAF0EB60EBE0E08
:10ABC000C60ECE0ED60EDE0EE60EEE0EF60EFF0E04
:10ABD000080F110F1A0F230F2D0F370F410F4B0FB7
:10ABE00010271027102710271027102710271027AD
:10ABF000102710271027102710271027102710279D
:10AC0000102710271027102710271027102710278C
:10AC1000102710271027BC05C105C505CA05CF059B
:10AC2000D305D805DD05E105E605EB05EF05F405DF
:10AC3000F905FD05020607060B061006150619069E
:10AC40001E06230627062C06310635063A063F0661
:10AC5000440648064D06520656065B066006640624
:10AC600069066E06720677067C06800685068A06E9
:10AC70008F06930698069D06A106A606AB06AF06AC
:10AC8000B406B906BE06C206C706CC06D006D5066F
:10AC9000DA06DF06E306E806ED06F106F606FB0631
:10ACA0000007040709070E07120717071C072107EB
:10ACB00025072A072F07340738073D0742074707AC
:10ACC0004B07500755075A075E07630768076D076C
:10ACD000710776077B078007840789078E0793072C
:10ACE00097079C07A107A607AA07AF07B407B907EC
:10ACF000BD07C207C707CC07D107D507DA07DF07AB
:10AD0000E407E807ED07F207F707FC070008050866
:10AD10000A080F08140818081D08220827082C081C
:10AD2000300835083A083F08440848084D085208DA
:10AD300057085C08610865086A086F087408790894
:10AD40007D08820887088C08910896089A089F0851
:10AD5000A408A908AE08B308B808BC08C108C6080A
:10AD6000CB08D008D508DA08DE08E308E808ED08C3
:10AD7000F208F708FC08010905090A090F09140976
:10AD800019091E09230928092D09310936093B092A
:10AD9000400945094A094F09540959095E096309DF
:10ADA00067096C09710976097B09800985098A0997
:10ADB0008F09940999099E09A309A809AD09B20947
:10ADC000B609BB09C009C509CA09CF09D409D909FF
:10ADD000DE09E309E809ED09F209F709FC09010AAE
:10ADE000060A0B0A100A150A1A0A1F0A240A290A57
:10ADF0002E0A330A380A3D0A420A470A4C0A520A06
:10AE0000570A5C0A610A660A6B0A700A750A7A0AAE
:10AE10007F0A840A890A8E0A930A990A9E0AA30A5B
:10AE2000A80AAD0AB20AB70ABC0AC10AC70ACC0A04
:10AE3000D10AD60ADB0AE00AE50AEB0AF00AF50AAB
:10AE4000FA0AFF0A040B0A0B0F0B140B190B1E0B4B
:10AE5000230B290B2E0B330B380B3E0B430B480BEC
:10AE60004D0B520B580B5D0B620B680B6D0B720B8D
:10AE7000770B7D0B820B870B8D0B920B970B9C0B2B
:10AE8000A20BA70BAC0BB20BB70BBD0BC20BC70BC6
:10AE9000CD0BD20BD70BDD0BE20BE80BED0BF30B5D
:10AEA000F80BFD0B030C080C0E0C130C190C1E0CEC
:10AEB000240C290C2F0C340C3A0C3F0C450C4A0C7A
:10AEC000500C560C5B0C610C660C6C0C720C770C05
:10AED0007D0C830C880C8E0C940C990C9F0CA50C8B
:10AEE000AB0CB00CB60CBC0CC20CC70CCD0CD30C0C
:10AEF000D90CDF0CE50CEA0CF00CF60CFC0C020D86
:10AF0000080D0E0D140D1A0D200D260D2C0D320DF1
:10AF1000390D3F0D450D4B0D510D570D5E0D640D57
:10AF20006A0D710D770D7D0D840D8A0D910D970DB4
:10AF30009D0DA40DAB0DB10DB80DBF0DC50DCC0D04
:10AF4000D30DDA0DE10DE70DEE0DF50DFC0D040E40
:10AF50000B0E120E190E210E280E300E370E3F0E5C
:10AF6000470E4E0E560E5E0E660E6F0E770E800E5C
:10AF7000880E910E9A0EA30EAD0EB60EC00ECA0E1E
:10AF8000D50EE00EEB0EF70E040F120F210F330F4C
:10AF9000490F750F1027102710271027102710278B
:10AFA00010271027102710271027102710271027E9
:10AFB00010271027102710271027102710271027D9
:10AFC00010271027102710271027102710271027C9
:10AFD00010271027102710271027102710271027B9
:10AFE00010271027102710271027102710271027A9
:10AFF0001027102710271027102710271027102799
:10B000001027102710271027102710271027102788
:10B010001027102710271027102710271027102778
:10B020001027102710271027102710271027102768
:10B030001027102710271027102710271027102758
:10B0400010271027102786068B069006940699066F
:10B050009E06A306A706AC06B106B606BA06BF064C
:10B06000C406C906CD06D206D706DC06E006E5060C
:10B07000EA06EF06F306F806FD06020706070B07C9
:10B080001007150719071E07230728072D07310783
:10B0900036073B074007440749074E075307580741
:10B0A0005C07610766076B077007740779077E07FF
:10B0B000830788078C07910796079B07A007A407BB
:10B0C000A907AE07B307B807BD07C107C607CB0777
:10B0D000D007D507D907DE07E307E807ED07F20732
:10B0E000F707FB07000805080A080F0814081808E6
:10B0F0001D08220827082C08310836083A083F089E
:10B10000440849084E08530858085D086108660855
:10B110006B08700875087A087F08840889088D080C
:10B12000920897089C08A108A608AB08B008B508C3
:10B13000BA08BF08C408C808CD08D208D708DC0878
:10B14000E108E608EB08F008F508FA08FF0804092A
:10B1500009090E09130918091D09210926092B09D6
:10B16000300935093A093F09440949094E0953098B
:10B1700058095D09620967096C09710976097B093B
:10B18000800985098A098F09940999099E09A409EA
:10B19000A909AE09B309B809BD09C209C709CC0993
:10B1A000D109D609DB09E009E509EA09EF09F50942
:10B1B000FA09FF09040A090A0E0A130A180A1D0AE5
:10B1C000220A280A2D0A320A370A3C0A410A460A8C
:10B1D0004C0A510A560A5B0A600A650A6B0A700A31
:10B1E000750A7A0A7F0A850A8A0A8F0A940A990AD6
:10B1F0009F0AA40AA90AAE0AB40AB90ABE0AC30A77
:10B20000C90ACE0AD30AD80ADE0AE30AE80AED0A16
:10B21000F30AF80AFD0A030B080B0D0B130B180BAE
:10B220001D0B230B280B2D0B330B380B3E0B430B45
:10B23000480B4E0B530B590B5E0B630B690B6E0BDC
:10B24000740B790B7F0B840B8A0B8F0B950B9A0B6E
:10B25000A00BA50BAB0BB00BB60BBB0BC10BC70BFD
:10B26000CC0BD20BD70BDD0BE30BE80BEE0BF40B87
:10B27000F90BFF0B050C0A0C100C160C1B0C210C07
:10B28000270C2D0C320C380C3E0C440C4A0C4F0C85
:10B29000550C5B0C610C670C6D0C730C790C7F0CFE
:10B2A000850C8B0C910C970C9D0CA30CA90CAF0C6E
:10B2B000B50CBB0CC10CC80CCE0CD40CDA0CE10CD8
:10B2C000E70CED0CF30CFA0C000D070D0D0D140D31
:10B2D0001A0D210D270D2E0D340D3B0D420D480D7D
:10B2E0004F0D560D5D0D640D6B0D720D790D800DBA
:10B2F000870D8E0D950D9C0DA40DAB0DB30DBA0DE4
:10B30000C20DCA0DD10DD90DE10DE90DF10DFA0DEA
:10B31000020E0B0E130E1C0E250E2E0E380E410EB5
:10B320004B0E550E600E6B0E760E820E8F0E9D0E1E
:10B33000AB0EBC0ED00EEC0E1027102710271027D6
:10B340001027102710271027102710271027102745
:10B350001027102710271027102710271027102735
:10B360001027102710271027102710271027102725
:10B370001027102710271027102710271027102715
:10B380001027102710271027102710271027102705
:10B3900010271027102710271027102710271027F5
:10B3A00010271027102710271027102710271027E5
:10B3B00010271027102710271027102710271027D5
:10B3C00010271027102710271027102710271027C5
:10B3D00010271027102710271027102710271027B5
:10B3E00010271027102710271027102710271027A5
:10B3F0001027102710271027102710271027102795
:10B400001027102710271027102710271027102784
:10B410001027102710271027102710271027102774
:10B420001027102710271027102710271027102764
:10B430001027102710271027102710271027102754
:10B440001027102710271027102710271027102744
:10B450001027102710271027102710271027102734
:10B460001027102710271027102710271027102724
:10B4700010271027520757075B07600765076A0701
:10B480006F07740779077D07820787078C07910785
:10B4900096079B079F07A407A907AE07B307B8073E
:10B4A000BD07C207C607CB07D007D507DA07DF07F6
:10B4B000E407E907EE07F207F707FC0701080608AB
:10B4C0000B08100815081A081F08240828082D085A
:10B4D000320837083C08410846084B085008550810
:10B4E0005A085F08640869086E08730877087C08C2
:10B4F000810886088B08900895089A089F08A40878
:10B50000A908AE08B308B808BD08C208C708CC0827
:10B51000D108D608DB08E008E508EA08EF08F408D7
:10B52000F908FE08030908090D09120917091D0980
:10B53000220927092C09310936093B094009450927
:10B540004A094F09540959095E09640969096E09D4
:10B55000730978097D09820987098C09910997097E
:10B560009C09A109A609AB09B009B509BB09C00925
:10B57000C509CA09CF09D409DA09DF09E409E909CB
:10B58000EE09F409F909FE09030A080A0E0A130A6A
:10B59000180A1D0A230A280A2D0A320A380A3D0A07
:10B5A000420A470A4D0A520A570A5C0A620A670AA7
:10B5B0006C0A720A770A7C0A820A870A8C0A920A43
:10B5C000970A9C0AA20AA70AAD0AB20AB70ABD0ADC
:10B5D000C20AC80ACD0AD20AD80ADD0AE30AE80A72
:10B5E000EE0AF30AF90AFE0A040B090B0F0B140BFF
:10B5F0001A0B1F0B250B2A0B300B350B3B0B400B8B
:10B60000460B4C0B510B570B5D0B620B680B6D0B14
:10B61000730B790B7E0B840B8A0B900B950B9B0B9A
:10B62000A10BA70BAC0BB20BB80BBE0BC40BC90B19
:10B63000CF0BD50BDB0BE10BE70BED0BF30BF90B92
:10B64000FF0B050C0B0C110C170C1D0C230C290CFB
:10B650002F0C350C3B0C410C470C4E0C540C5A0C67
:10B66000600C670C6D0C730C7A0C800C860C8D0CC6
:10B67000930C9A0CA00CA70CAD0CB40CBB0CC10C19
:10B68000C80CCF0CD50CDC0CE30CEA0CF10CF80C5C
:10B69000FF0C060D0D0D140D1B0D230D2A0D310D84
:10B6A000390D400D480D500D570D5F0D670D6F0D95
:10B6B000770D7F0D880D900D990DA10DAA0DB30D7D
:10B6C000BD0DC60DD00DD90DE40DEE0DF90D040E16
:10B6D000100E1D0E2A0E390E490E5C0E740E102728
:10B6E00010271027102710271027102710271027A2
:10B6F0001027102710271027102710271027102792
:10B700001027102710271027102710271027102781
:10B710001027102710271027102710271027102771
:10B720001027102710271027102710271027102761
:10B730001027102710271027102710271027102751
:10B740001027102710271027102710271027102741
:10B750001027102710271027102710271027102731
:10B760001027102710271027102710271027102721
:10B770001027102710271027102710271027102711
:10B780001027102710271027102710271027102701
:10B7900010271027102710271027102710271027F1
:10B7A00010271027102710271027102710271027E1
:10B7B00010271027102710271027102710271027D1
:10B7C00010271027102710271027102710271027C1
:10B7D00010271027102710271027102710271027B1
:10B7E00010271027102710271027102710271027A1
:10B7F0001027102710271027102710271027102791
:10B800001027102710271027102710271027102780
:10B810001027102710271027102710271027102770
:10B820001027102710271027102710271027102760
:10B830001027102710271027102710271027102750
:10B840001027102710271027102710271027102740
:10B850001027102710271027102710271027102730
:10B860001027102710271027102710271027102720
:10B870001027102710271027102710271027102710
:10B880001027102710271027102710271027102700
:10B8900010271027102710271027102710271027F0
:10B8A000210826082B08300835083A083F084408C4
:10B8B00049084E08530858085D08620867086C0874
:10B8C000710876087B08800885088A089008950822
:10B8D0009A089F08A408A908AE08B308B808BD08CC
:10B8E000C208C708CC08D108D708DC08E108E60878
:10B8F000EB08F008F508FA08FF0804090A090F091F
:10B90000140919091E09230928092E0933093809C0
:10B910003D09420947094D09520957095C09610966
:10B9200067096C09710976097B09810986098B0908
:10B93000900996099B09A009A509AA09B009B509AA
:10B94000BA09C009C509CA09CF09D509DA09DF0949
:10B95000E509EA09EF09F509FA09FF09050A0A0AE2
:10B960000F0A150A1A0A1F0A250A2A0A300A350A76
:10B970003A0A400A450A4B0A500A550A5B0A600A0D
:10B98000660A6B0A710A760A7C0A810A870A8C0A9F
:10B99000920A970A9D0AA20AA80AAD0AB30AB90A2E
:10B9A000BE0AC40AC90ACF0AD50ADA0AE00AE60AB8
:10B9B000EB0AF10AF70AFC0A020B080B0D0B130B3A
:10B9C000190B1F0B240B2A0B300B360B3B0B410BB7
:10B9D000470B4D0B530B590B5F0B640B6A0B700B32
:10B9E000760B7C0B820B880B8E0B940B9A0BA00BA7
:10B9F000A60BAC0BB20BB90BBF0BC50BCB0BD10B12
:10BA0000D70BDE0BE40BEA0BF00BF70BFD0B030C73
:10BA10000A0C100C170C1D0C240C2A0C310C370CC2
:10BA20003E0C450C4B0C520C590C5F0C660C6D0C0B
:10BA3000740C7B0C820C890C900C970C9E0CA50C42
:10BA4000AD0CB40CBB0CC30CCA0CD20CDA0CE10C60
:10BA5000E90CF10CF90C010D090D110D1A0D220D57
:10BA60002B0D340D3C0D460D4F0D580D620D6C0D18
:10BA7000760D810D8C0D970DA30DB00DBD0DCC0D68
:10BA8000DC0DEE0D060E10271027102710271027AB
:10BA900010271027102710271027102710271027EE
:10BAA00010271027102710271027102710271027DE
:10BAB00010271027102710271027102710271027CE
:10BAC00010271027102710271027102710271027BE
:10BAD00010271027102710271027102710271027AE
:10BAE000102710271027102710271027102710279E
:10BAF000102710271027102710271027102710278E
:10BB0000102710271027102710271027102710277D
:10BB1000102710271027102710271027102710276D
:10BB2000102710271027102710271027102710275D
:10BB3000102710271027102710271027102710274D
:10BB4000102710271027102710271027102710273D
:10BB5000102710271027102710271027102710272D
:10BB6000102710271027102710271027102710271D
:10BB7000102710271027102710271027102710270D
:10BB80001027102710271027C82E002E802E3DB119
:10BB9000C82E002E802E9103802EBCB0802EA303D1
:10BBA000C82E002E802E00B05030212E59F51030B6
:10BBB000212E6AF5802E3B030000000008190100C9
:10BBC0002200750000100010D100B343802E00C188
:10BBD000802E00C1802E00C1802E00C1802E00C1A9
:10BBE000802E00C1802E00C1802E00C1802E00C199
:10BBF000802E00C1802E00C1802E00C1802E00C189
:10BC0000802E00C1802E00C1802E00C1802E00C178
:10BC1000802E00C1802E00C1802E00C1802E00C168
:10BC2000802E00C1802E00C1802E00C1802E00C158
:10BC3000802E00C1802E00C1802E00C1802E00C148
:10BC4000802E00C1802E00C1802E00C1802E00C138
:10BC5000802E00C1802E00C1802E00C1802E00C128
:10BC6000802E00C1802E00C1802E00C1802E00C118
:10BC7000802E00C1E05F0000000001000000000015
:10BC80000000000000009200000000000000000022
:10BC900000000000000000000819000088000000FB
:10BCA0000000000005E0AA3805E09030FA00960098
:10BCB0004B091100110002002D01D47B3B01DB7AFE
:10BCC00004003F7BCD6CC3048509C304ECE60C463D
:10BCD0000100270019009600A00001000C00F03CB4
:10BCE00000010100030001000E0000003200050009
:10BCF000EE060400C80000000400A805EE060004DB
:10BD0000BC02B30085070000000000000000000036
:10BD100000000000000000000000B4000100B900B5
:10BD200001009800000000000000000001008000F9
:10BD300004000000000000000000000000000000FF
:10BD400000000000000000000000000000000000F3
:10BD500000000000000000000000000000000000E3
:10BD600000000000000000000000000000000000D3
:10BD700000000000000000000000000000000000C3
:10BD80000000802E00C1FD2DDE00EB00DA00000C6B
:10BD9000FF0F0004C0005BF5C9011EF280003FFFE9
:10BDA00019F458F566F564F5C0F1F000E000CD0136
:10BDB000D301DB01FF7FFF01E40074F7F300FA0019
:10BDC000FF3FCA036C3856FE44FDBC02F90600FC76
:10BDD0001202AE0158FA9AFD7705BB029601950151
:10BDE0007F0182018901870188018A018C018F010D
:10BDF0008D0192019101DD009F017E01DB00B60102
:10BE0000706926D39C071F059D000008BC0537FA02
:10BE1000A201AA01A101A801A001A805B401B401D1
:10BE2000CE00D000FC00C501FFFBB100003800309F
:10BE3000FDF5FCF5CD01A0005FFF0040FF00008094
:10BE40006D0FEB007FFFC2F568F7B3F1670F5B0F73
:10BE5000610F800F58F75BF7830F8600720F850F15
:10BE6000C6F17F0F6CF700E000FFD1F5870F8A0F56
:10BE7000FF03F03F8B008E009000B9002DF5CAF54E
:10BE8000CB0120F2000000000000000000000000D4
:10BE900000000000000000000000000000000000A2
:10BEA0000000000000000000000000000000000092
:10BEB0000000000000000000000000000000000082
:10BEC0000000000000000000000000000000000072
:10BED0000000000000000000000000000000000062
:10BEE0000000000000000000000000000000000052
:10BEF0000000000000000000000000000000000042
:10BF00000000000000000000000000000000000031
:10BF10000000000000000000000000000000000021
:10BF20000000000000000000000000000000000011
:10BF30000000000000000000000000000000000001
:10BF400000000000000000000000000000000000F1
:10BF500000000000000000000000000000000000E1
:10BF60003050982ED70E5032982EFA030030F07FC2
:10BF7000002E002ED02E002E018008A2FB2F982E1E
:10BF8000BA03212E1900012EEE0000B2072F012E58
:10BF9000190000B2032F01500352982E07CC012E36
:10BFA000DD0000B2272F052E8A000552982EC7C14A
:10BFB000032EE90040B2F07F082F012E190000B2D5
:10BFC000042F0030212EE900982EB4B1012E180064
:10BFD00000B2102F0550982E4DC30550982E5AC709
:10BFE000982EF9B4982E54B2982E67B6982E17B2A0
:10BFF0001030212E7700012EEF0000B2042F982E72
:10C000007AB70030212EEF00012ED40004AE0B2FA2
:10C01000012EDD0000B2072F0552982E8E0E00B2C1
:10C02000022F1030212E7D00012E7D000090902ED9
:10C03000F102012ED70000B2042F982E2F0E0030EF
:10C04000212E7B00012E7B0000B2122F012ED40086
:10C050000090022F982E1F0E092D982E810D012E73
:10C06000D4000490022F5032982EFA030030212E73
:10C070007B00012E7C0000B2902E0903012E7C0073
:10C080000131010800B2042F982E47CB1030212E29
:10C0900077008130012E7C00010800B2612F032E51
:10C0A0008900012ED40098BC98B805B20F58232FF0
:10C0B000079009540030372F15410441DCBE44BEBF
:10C0C000DCBA2C0161000F564A0F0C2FD14294B8F4
:10C0D000C1421130052E6AF72CBD2FB980B208225B
:10C0E000982EC3B7212D6130232ED400982EC3B7CC
:10C0F0000030212E5AF5182DE17F5030982EFA038A
:10C100000F520750504270300D5442427E82E26F0F
:10C1100080B24242052F212ED4001030982EC3B792
:10C12000032D6030212ED400012ED4000690182F4C
:10C13000012E76000B540752E07F982E7AC1E16FF2
:10C14000081A4030082F212ED4002030982EAFB787
:10C150005032982EFA03052D982E380E0030212EDD
:10C16000D4000030212E7C00182D012ED40003AA0B
:10C17000012F982E450E012ED4003F8003A2012FDF
:10C18000002E022D982E5B0E3030982ECEB7003048
:10C19000212E7D005032982EFA03012E770000B236
:10C1A000242F982EF5CB032ED5001154010ABC8400
:10C1B0008386212EC901E0401352C4408240A8B9B1
:10C1C000524243BE5342040A5042E17FF0314140A3
:10C1D000F26F25BD0808020AD07F982EA8CF06BCB2
:10C1E000D16FE26F080A8042982E58B70030212E96
:10C1F000EE00212E7700212EDD00802EF4011A247E
:10C200002200802EEC011050FB7F982EF303575034
:10C21000FB6F013071541142420EFC2FC02E0142BF
:10C22000F05F802E00C1FD2D010000000000000025
:10C23000000000009A01340300000000000000002C
:10C2400000000000000000000000000000000000EE
:10C2500000000000000000000000000000000000DE
:10C2600000000000000000000000000000000000CE
:10C2700000000000000000000000000000000000BE
:10C2800000000000000000000000000000000000AE
:10C29000000000000000000000000000000000009E
:10C2A000000000000000000000002050E77FF67F43
:10C2B00006320F2E61F5FE09C0B3042F17302F2E62
:10C2C000EF002D2E61F5F66FE76FE05FC82E20506E
:10C2D000E77FF67F46300F2EA4F1BE0980B3062F0C
:10C2E0000D2ED40084AF022F16302D2E7B00863009
:10C2F0002D2E60F5F66FE76FE05FC82E012E77F701
:10C3000009BC0FB800B21050FB7F10300B2F032E6A
:10C310008A0096BC9FB840B2052F032E68F79EBCDA
:10C320009FB840B2072F032E7E004190012F982E18
:10C33000DC03032C0030212E7E00FB6FF05FB82E53
:10C340002050E07FFB7F002E2750982E3BC82950BD
:10C35000982EA7C80150982E55CCE16F2B50982EDF
:10C36000E0C9FB6F0030E05F212E7E00B82E7350D5
:10C37000013057541142420EFC2FB82E212E59F590
:10C380001030C02E212E4AF19050F77FE67FD57FE6
:10C39000C47FB37FA17F907F827F7B7F982E35B74C
:10C3A00000B2902E97B0032E8F00072E9100052E1D
:10C3B000B1003FBA9FB8012EB100A3BD4C0A052EB3
:10C3C000B10004BEBFB9CB0A4FBA22BD012EB300E3
:10C3D000DC0A2FB9032EB8000ABE9A0ACFB99BBC5B
:10C3E000012E97009FB8930A0FBC910A0FB8900ACC
:10C3F000252E1800052EC1F52EBD2EB9012E1900CF
:10C4000031308A040090072F012ED40004A2032F9C
:10C41000012E180000B20C2F19500552982E4DB75E
:10C42000052E780080901030012F212E7800252EC7
:10C43000DD00982E3EB700B202300130042F012EED
:10C44000190000B2002F2130012EEA00081A0E2F29
:10C45000232EEA0033301B500B090140175646BE0D
:10C460004B084C0A01420A8015520142002E012E4F
:10C47000180000B21F2F032EC0F5F030480847AA5D
:10C480007430072E7A0061224B1A052F072E66F5AD
:10C49000BFBDBFB9C0900B2F1D562B30D242DB421F
:10C4A0000104C24204BDFE808184232E7A00024230
:10C4B0000232252E62F5052ED6008184252ED60067
:10C4C0000231252E60F5052E8A000B50900880B2AF
:10C4D0000B2F052ECAF5F03E9008252ECAF5052E25
:10C4E00059F5E03F9008252E59F5906FA16FB36F75
:10C4F000C46FD56FE66FF76F7B6F826F705FC82E6A
:10C50000C050907FE57FD47FC37FB17FA27F877FBC
:10C51000F67F7B7F002E012E60F5607F982E35B769
:10C520000230636F1552507F627F5A2C02321A0913
:10C5300000B3142F00B2032F092E180000910C2F06
:10C54000437F982E97B71F50028A02320430252E5F
:10C5500064F51552506F436F4443252E60F5D9089A
:10C56000C0B2362F982E3EB700B2062F012E19000A
:10C5700000B2022F506F00900A2F012E7900009018
:10C58000192F1030212E79000030982EDC03132D46
:10C59000012EC3F50CBC0FB81230100403B02625D1
:10C5A00021500352982E4DB71030212EEE0002304C
:10C5B000607F252E7900606F0090052F0030212EBE
:10C5C000EA001550212E64F51552232E60F5023233
:10C5D000506F0090022F0330272E7800072E60F551
:10C5E0001A090091A32F19090091A02F906FA26F33
:10C5F000B16FC36FD46FE56F7B6FF66F876F405F6E
:10C60000C82EC050E77FF67F26300F2E61F52F2E03
:10C610007C000F2E7C00BE09A27F807F80B3D57F77
:10C62000C47FB37F917F7B7F0B2F23501A2512404D
:10C63000427F74821240527F002E0040607F982E0D
:10C640006AD68130012E7C00010800B2422F032EF1
:10C650008900012E890097BC06BC9FB80FB80090D6
:10C66000232ED800103001302A2F032ED40044B2DC
:10C67000052F47B200302D2F212E7C002B2D032EAD
:10C68000FDF59EBC9FB84090142F032EFCF599BC7D
:10C690009FB840900E2F032E49F125544A08409030
:10C6A000082F982E35B700B21030032F5030212EAE
:10C6B000D400102D982EAFB70030212E7C000A2D0B
:10C6C000052E69F72DBD2FB980B2012F212E7D00D7
:10C6D000232E7C00E031212E61F5F66FE76F806F2D
:10C6E000A26FB36FC46FD56F7B6F916F405FC82E21
:10C6F00060510A253688F47FEB7F003231523230A8
:10C700001330982E15CB0A253384D27F4330055041
:10C710002D52982E95C1D26F2752982ED7C72A2511
:10C72000B086C07FD37FAF842950F16F982E4DC85B
:10C730002A25AE8AAA88F26E2B50C16FD36FF47F80
:10C74000982EB6C8E06E00B2322F33548386F16F54
:10C75000C37F04303030F47FD07FB27FE330C56FC9
:10C7600056404541280803140EB408BC8240100A04
:10C770002F542605917F4428A37F982ED9C008B94D
:10C7800033305309C16FD36FF46F831747406C1573
:10C79000B26FBE09750B90424542510E32BC028900
:10C7A000A16F7E86F47FD07FB27F0430916FD62F49
:10C7B000EB6FA05EB82E032E97001BBC60509FBC91
:10C7C0000CB8F07F40B2EB7F2B2F032E7F0041404F
:10C7D000012EC800011A112F3758232EC80010410E
:10C7E000A07F38810141D07FB17F982E64CFD06F78
:10C7F0000780A16F1142002EB16F01421130012E4E
:10C80000FC0000A80330CB224A25012E7F003C8982
:10C8100035520554982EC4CEC16FF06F982E95CF27
:10C82000042D0130F06F982E95CFEB6FA05FB82EDE
:10C83000032EB3000232F030033130508A0808086A
:10C84000CB08E07F80B2F37FDB7F252F032ECA0069
:10C850004190042F0130232ECA00982E3F03C0B20E
:10C86000052F032EDA0000304104232EDA00982E23
:10C8700092B21025F06F00B2052F012EDA000230BF
:10C880001004212EDA0040B2012F232EC801DB6FE5
:10C89000E06FD05F802E95CF0130E06F982E95CF5E
:10C8A0001130232ECA00DB6FD05FB82ED0500A257E
:10C8B00033845550D27FE27F038CC07FBB7F003032
:10C8C000055A39545141A57F967F807F982ED9C053
:10C8D0000530F57F2025916F3B583D5C3B56982EE7
:10C8E00067CCC16FD56F52405043C17FD57F1025B3
:10C8F000982EFEC91025982E74C0866F3028926F2E
:10C90000828CA56F6F52690E3954DB2F19A0153038
:10C91000032F0030212E81010A2D012E81010528CF
:10C920004236212E8101020E012F982EF30357501B
:10C9300012300140982EFEC9516F0B5C8E0E3B6F7A
:10C9400057580230212E9501456F2A8DD27FCB7F1B
:10C95000132F02303F50D27FA80E0E2FC06F5354BA
:10C9600002005154420E103059520230012F002E55
:10C97000032D504242421230D27F80B2032F00304A
:10C98000212E8001122D012EC9000280052E80016A
:10C99000113091280040252E8001100E052F012E08
:10C9A0007F010190012F982EF303002EA0410190EA
:10C9B000A67F902EE3B4012E950100A8902EE3B43B
:10C9C0005B549580824080B202402D8C3F52967F0E
:10C9D000902EC2B3290E762F012EC9000040812867
:10C9E0004552B330982E0FCA5D54807F002EA1406F
:10C9F000727F82808240607F982EFEC91025982E1B
:10CA000074C0626F05308740C0910430052F052E39
:10CA1000830180B21430002F0430052EC900736FDB
:10CA20008140E2406904110FE1401630FE29CB40FD
:10CA3000022F836F830F222F4756130F1230772F49
:10CA40004954420E1230732F00910A2F012E8B0190
:10CA500019A802306C2F6350002E17420542682C33
:10CA600012300B25080F5030022F212E8301032D89
:10CA70004030212E83012B2E85015A2C123000913B
:10CA80002B25042F635002301742172C0242982E98
:10CA9000FEC91025982E74C0052EC90081845B3014
:10CAA0008240372E8301020E072F5F5240306240D2
:10CAB0004140910E012F212E830105302B2E85013F
:10CAC0001230362C16301525817F982EFEC9102580
:10CAD000982E74C019A21630152F052E9701806F5D
:10CAE000820E052F012E86010628212E86010B2D90
:10CAF000032E87015F544E289142002E8240900EF3
:10CB0000012F212E88010230132C0530C06F081C24
:10CB1000A80F163005305B50092F02802D2E8201A0
:10CB200005420580002E02423E80002E0642023061
:10CB3000906F3E88014004414C2801420780102537
:10CB40002440004000A8F522232944427A827E88AE
:10CB50004340044100ABF523DF284342D9A0142F02
:10CB60000090022FD26F81B2052F635406289042A5
:10CB70008542092C02305B500380292E7E012B2E2A
:10CB80008201054212302B2E83014582002E404047
:10CB90007A8202A0082F63503B301542054237804D
:10CBA000372E7E0105421230012EC900028C404012
:10CBB00084417A8C040F032F012E8B0119A4042FBA
:10CBC0002B2E8201982EF303123081906152082F90
:10CBD00065426542438039848288054245428542E8
:10CBE0000543002E80410090902EE1B46554C16F42
:10CBF000804000B243586950442F555CB7878C0F72
:10CC00000D2E9601C440362F41568B0E2A2F0B5203
:10CC1000A10E0A2F052E8F011425982EFEC94B5404
:10CC2000020F695005306554152F032E8E014D5C9F
:10CC30008E0F3A2F052E8F01982EFEC94F54820F6A
:10CC4000053069506554302F6D521530428C454285
:10CC500004302B2C84436B52428C002E85431530BC
:10CC6000242C45428E0F202F0D2E8E01B10E1C2F2D
:10CC7000232E8E011A2D0E0E172FA10F152F232EE6
:10CC80008D01132D982E74C04354C20E0A2F655087
:10CC900004800B3006820B42798041401230252EF1
:10CCA0008C01014205306950655484824384BE8CF6
:10CCB0008440864126299442BE8ED57F19A14340E7
:10CCC0000B2E8C018440C7415D29272945428442AF
:10CCD000C27F012FC0B31D2F052E940199A0012FF3
:10CCE00080B3132F80B3182FC0B3162F124001400A
:10CCF000927F982E74C0926F100F2030032F103047
:10CD0000212E7E010A2D212E7E01072D2030212E7D
:10CD10007E01032D1030212E7E01C26F012EC9002D
:10CD2000BC84028082400040900ED56F022F1530E7
:10CD3000982EF30341910530072F67503D802B2E2D
:10CD40008F0105420480002E0542022C0030003085
:10CD5000A26F988A864080A7052F982EF303C030D3
:10CD6000212E950106251A25E26F768296405643BC
:10CD7000510EFB2FBB6F305FB82E012EB800013172
:10CD8000410840B22050F2300208FB7F0130102FE2
:10CD9000052ECC008190E07F032F232ECC00982E0F
:10CDA00055B6982E1DB51025FB6FE06FE05F802E05
:10CDB00095CF982E95CF1030212ECC00FB6FE05FE1
:10CDC000B82E00510558EB7F2A2589526F5A895099
:10CDD00013410640B3011642CB160640F30213423C
:10CDE000650EF52F054014302C29044208A10030AF
:10CDF000902E52B6B388B08AB684A47FC47FB57F24
:10CE0000D57F927F73300430554042408A17F30833
:10CE10006B01900253B84B82ADBE717F450A095435
:10CE2000847F982ED9C0A36F7B54D042A37FF27F1A
:10CE3000607F2025716F755A7758795C7556982EEA
:10CE400067CCB16F626F5042B17FB3301025982E1E
:10CE50000FCA846F2029716F926FA56F76826A0E58
:10CE600073300030D02FD26FD17FB47F982E2BB784
:10CE700015BD0BB8020AC26FC07F982E2BB715BD27
:10CE80000BB8420AC06F081741188916E118D0186C
:10CE9000A17F27251625982E79C08B54907FB3301B
:10CEA000824080900D2F7D52926F982E0FCAB26FE4
:10CEB000900E062F8B501430426F516F1442124265
:10CEC0000142002E316F982E74C0416F807F982EE2
:10CED00074C0826F10044352010F052ECB00003046
:10CEE0000430212F516F43588C0E04301C2F85883D
:10CEF000416F04418C0F0430162F8488002E0441AA
:10CF000004058C0E04300F2F8288316F0441040514
:10CF10008C0E0430082F8388002E04418C0F0430BF
:10CF2000022F212EAD0114300091142F032EA101E8
:10CF300041900E2F032EAD0114304C28232EAD014D
:10CF400046A0062F81848D5248828240212EA10165
:10CF500042425C2C0230052EAA0180B20230552FCD
:10CF6000032EA901926FB330982E0FCAB26F900FA3
:10CF7000003002304A2FA26F875291008552510E25
:10CF8000022F002E432C0230C26F7F52910E0230CE
:10CF90003C2F516F8154982EFEC91025B3302125A6
:10CFA000982E0FCA326FC07FB3301225982E0FCA49
:10CFB000426FB07FB3301225982E0FCAB26F9028FF
:10CFC0008352982EFEC9C26F900F003002301D2F81
:10CFD000052EA10180B212300F2F426F032EAB013C
:10CFE000910E0230122F526F032EAC01910F0230BE
:10CFF0000C2F212EAA010A2C1230032ECB008D58A3
:10D000000889414011430043252EA101D46F8F525E
:10D0100000433A89002E10431043610EFB2F032E6C
:10D02000A001111A022F0225212EA001EB6F005F33
:10D03000B82E915210300230955652424B0EFC2FB2
:10D040008D54888293568042534240424286835494
:10D05000C02EC242002EA3520051524047401A2512
:10D06000012E97008FBE7286FB7F0B307CBFA550D0
:10D070001008DFBA7088F8BFCB42D37F6CBBFCBB13
:10D08000C50A907F1B7F0B43C0B2E57FB77FA67FA9
:10D09000C47F902E1CB7072ED200C0B20B2F975220
:10D0A000012ECD00827F982EBBCC0B30372ED200C4
:10D0B000826F906F1A2500B28B7F142FA6BD25BDFD
:10D0C000B6B92FB980B2D4B00C2F99549B560B30FF
:10D0D0000B2EB100A1589B42DB426C092B2EB100F4
:10D0E0008B42CB42867F7384A756C30839520550C2
:10D0F000727F637F982EC2C0E16F626FD10A012EEA
:10D10000CD00D56FC46F726F97529D5C982E06CD7F
:10D11000236F906F9952C0B204BD5440AFB94540DF
:10D12000E17F0230062FC0B20230032F9B5C123029
:10D130009443854303BF6FBB80B3202F066F260146
:10D14000166F6E034542C090292ECE009B52142FBD
:10D150009B5C002E93418641E304AE0780AB042F15
:10D1600080910A2F866F730F072F836FC0B2042F31
:10D17000544245421230042C1130022C113011302F
:10D1800002BC0FB8D27F00B20A2F012EFC00052E80
:10D19000C701101A022F212EC701032D022C0130C6
:10D1A0000130B06F982E95CFD16FA06F982E95CF8C
:10D1B000E26F9F52012ECE00824050420C2C424220
:10D1C0001130232ED2000130B06F982E95CFA06F72
:10D1D0000130982E95CF002EFB6F005FB82E83860E
:10D1E00001300030944024180600530E4F02F92FEE
:10D1F000B82EA952002E604041400DBC98BCC02EF4
:10D20000010A0FB8AB52533C524040404B008216CB
:10D2100026B901B84140100897B80108C02E113056
:10D220000108438625400440D8BE2C0B22115442ED
:10D2300003804B0EF62FB82E9F501050AD52052E86
:10D24000D300FB7F002E13409342410EFB2F982EFC
:10D25000A5B7982E87CF012ED90000B2FB6F0B2FF8
:10D26000012E69F7B13F01080130F05F232ED9008C
:10D27000212E69F7802E7AB7F05FB82E012EC0F804
:10D28000032EFCF51554AF5682080B2E69F7CB0A16
:10D29000B1588090DDBE4C085FB959228090072FAD
:10D2A0000334C308F23A0A080235C0904A0A4822F9
:10D2B000C02E232EFCF51050FB7F982E56C7982EBB
:10D2C00049C31030FB6FF05F212ECC00212ECA0025
:10D2D000B82E032ED30016B802344A0C212E2DF599
:10D2E000C02E232ED30003BC212ED500032ED50043
:10D2F00040B21030212E77000130052F052ED800C6
:10D300008090012F232E6FF5C02E212ED9001130D1
:10D310008108012E6AF7713F23BD0108020AC02E61
:10D32000212E6AF730250030212E5AF51050212E7B
:10D330007B00212E7C00FB7F982EC3B74030212E2E
:10D34000D400FB6FF05F0325802EAFB7802E00C1A5
:10D35000802E00C1802E00C1802E00C1802E00C111
:10D36000802E00C1802E00C1802E00C1802E00C101
:10D37000802E00C1802E00C1802E00C1802E00C1F1
:10D38000802E00C1802E00C1012E5DF708BC80AC4C
:10D390000EBB022F003041048206C0A40030112FC2
:10D3A00040A9032F40910D2F00A70B2F80B3B35836
:10D3B000022F90A12613202380901030012FCC0E35
:10D3C000002F0030B82EB550180808BC88B60D17CD
:10D3D000C6BD56BCB758DABA04011D0A1050053054
:10D3E00032254503FB7FF6302125982E37CA16B526
:10D3F0009ABC06B880A8410A0E2F8090022F2D50AB
:10D40000480F092FBFA0042FBF90062FB754CA0F93
:10D41000032F002E022CB7522D52F233982ED9C072
:10D42000FB6FF137C02E0108F05FBF56B954D040F2
:10D43000C4400B2EFDF3BF529042944295420530FA
:10D44000C1500F88064004419642C54248BE733021
:10D450000D2ED8004FBA8442034281B3022F2B2EE7
:10D460006FF5062D052E77F7BD569308252E77F715
:10D47000BB54252EC2F5072EFDF34230B433DA0A31
:10D480004C00272EFDF34340D43FDC084342002EDE
:10D49000002E43402430DC0A43420480032EFDF377
:10D4A0004A0A232EFDF36134C02E0142002E605043
:10D4B0001A257A86E07FF37F0325C3524184DB7F00
:10D4C0003330982E16C21A257D82F06FE26F322516
:10D4D00016409440260185408E17C4426E03954243
:10D4E000410EF42FDB6FA05FB82EB051FB7F982E5A
:10D4F000E80D5A25982E0F0ECB583287C47F6589C8
:10D500006B8DC55A657FE17F837FA67F747FD07F57
:10D51000B67F947F1730C752C954517F002E856F54
:10D52000427F002E51414581424113403B8A0040D9
:10D530004B04D006C0AC857F022F02305104D306C5
:10D54000418405305D02C916DF08D3008D02AFBCEF
:10D55000B1B9590A656F1143A1B452415341014316
:10D56000347F657F2631E56FD46F982E37CA326FCE
:10D57000756F83404241237F127FF630402551254D
:10D58000982E37CA146F2005706F256F6907A26F38
:10D59000316F0B3004429B428B425542327F40A98F
:10D5A000C36F717F0230D040C37F032F4091152F8E
:10D5B00000A7132F00A4112F84BD982E79CA556F90
:10D5C000B75454418200F33F4541CB02F630982EC8
:10D5D00037CA356FA46F4143032C0043A46F356FE6
:10D5E0001730426F516F934042820041C3000343A2
:10D5F000517F002E944041414C02C46FD156630EBE
:10D60000746F5143A57F8A2F092ED80001B3212FB3
:10D61000CB58906F1341B66FE47F002E91411440B8
:10D6200092411540172E6FF5B67FD07FCB7F982E95
:10D63000000C0715C26F140B292E6FF5C3A3C18F01
:10D64000E46FD06FE62F1430052E6FF5140B292EE2
:10D650006FF5182DCD560432B56F1C015141524162
:10D66000C340B57FE47F982E1F0CE46F21870043F1
:10D670000432CF545A0EEF2F1554092E77F7220B90
:10D68000292E77F7FB6F505EB82E1050012ED40074
:10D6900000B2FB7F512F01B2482F02B2422F0390FC
:10D6A000562FD75279804240818400404242982EC2
:10D6B000930CD954D750A14098BD82403E82DA0ADB
:10D6C00044408B16E3005342002E43409A025242DC
:10D6D000002E414015544A0E3A2F3A820030414004
:10D6E000212E850F40B20A2F982EB10C982E450E90
:10D6F000982E5B0EFB6FF05F0030802ECEB7DD52B0
:10D70000D35442424F847330DB5283421B306B420E
:10D710002330272ED700372ED400212ED6007A842E
:10D72000172C42423030212ED400122D21300030EF
:10D73000232ED400212E7BF70B2D1730982E510C61
:10D74000D5500C8272302F2ED400252E7BF740420C
:10D75000002EFB6FF05FB82E70500A253986FB7FD4
:10D76000E1326230982EC2C4B556A56FAB08916FF6
:10D770004B08DF56C46F23094DBA93BC8C0BD16F95
:10D780000B09CB52E15E5642AF094DBA23BD940A54
:10D79000E56F68BBEB08BDB963BEFB6F5242E30A9D
:10D7A000C02E4342905FD150032E25F3134000401A
:10D7B0009BBC9BB408BDB8B998BCDA0A08B68916F8
:10D7C000C02E190062021050FB7F982E810D012E91
:10D7D000D40031300804FB6F0130F05F232ED600F7
:10D7E000212ED700B82E012ED700032ED600480ECA
:10D7F000012F802E1F0EB82EE350213401428230BB
:10D80000C132252E62F50100223001404A0A014250
:10D81000B82EE354F03B8340D808E55283420030F1
:10D8200083305042C432272E64F594005042404267
:10D83000D33F84407D82E30840428342B82EDD52CC
:10D84000003040427C86B952092E700FBF54C4424A
:10D85000D3865440554094428542212ED700424001
:10D86000252EFDF3C0427E82052E7D0080B2142F4E
:10D87000052E890027BD2FB98090022F212E6FF52C
:10D880000C2D072E710F14301C09052E77F7BD568D
:10D8900047BE9308940A252E77F7E75450424A0E64
:10D8A000FC2FB82E505002304386E550FB7FE37FBB
:10D8B000D27FC07FB17F002E414000404804982EA7
:10D8C00074C01EAAD36F1430B16FE322C06F5240F0
:10D8D000E46F4C0E1242D37FEB2F032E860F409045
:10D8E0001130032F232E860F022C0030D06FFB6FD8
:10D8F000B05FB82E4050F17F0A253C86EB7F413364
:10D900002230982EC2C4D36FF430DC094758C26F5E
:10D910009409EB586ABBDC08B4B9B1BDE95A950863
:10D9200021BDF6BF770B51BEF16FEB6F52425442EF
:10D93000C02E4342C05F5050F55031301142FB7F42
:10D940007B300B4211300280233301420300072E4B
:10D950008003052ED3002352E27FD37FC07F982E11
:10D96000B60ED16F080A1A257B86D07F013312309C
:10D97000982EC2C4D16F080A00B20D2FE36F012E9A
:10D9800080035130C786232E21F208BCC042982E56
:10D99000A5B7002E002ED02EB06F0BB8032E1B00A3
:10D9A000081AB07F7030042F212E21F2002E002E95
:10D9B000D02E982E6DC0982E5DC0ED50982E44CB81
:10D9C000EF50982E46C3F150982E53C73550982EDD
:10D9D00064CF1030982EDC032026C06F0231124233
:10D9E000AB330B42378001300142F337F752FB5023
:10D9F0004440A20A42428B31092E5EF7F954E308F3
:10DA000083421B4223334B00BC840B4033308342A0
:10DA10000B42E07FD17F982E58B7D16F80304042C3
:10DA20000330E06FF3540430002E002E0189620EA3
:10DA3000FA2F43421130FB6FC02E0142B05FC14A42
:10DA400000006D570000778E0000E0FFFFFFD3FF5E
:10DA5000FFFFE5FFFFFFEEE1FFFF7C13000046E65E
:10DA6000FFFF0000000000000000000000000000B8
:10DA700000000000000000000000000000000000A6
:10DA80000000000000000000000000000000000096
:10DA9000000000000000000000000000802E00C117
:10DAA000802E00C1802E00C1802E00C1802E00C1BA
:10DAB000802E00C1802E00C1802E00C1802E00C1AA
:10DAC000802E00C1802E00C1802E00C1802E00C19A
:10DAD000802E00C1802E00C1802E00C1802E00C18A
:10DAE000802E00C1802E00C1802E00C1802E00C17A
:10DAF000802E00C1802E00C1802E00C1802E00C16A
:10DB0000802E00C1802E00C1802E00C1802E00C159
:10DB1000802E00C1802E00C1802E00C1802E00C149
:10DB2000802E00C1802E00C1802E00C1802E00C139
:10DB3000802E00C1802E00C1802E00C1802E00C129
:10DB4000802E00C1802E00C1802E00C1802E00C119
:10DB5000802E00C1802E00C1802E00C1802E00C109
:10DB6000802E00C1802E00C1802E00C1802E00C1F9
:10DB7000802E00C1802E00C1802E00C1802E00C1E9
:10DB8000802E00C1802E00C140F0200070472DE99A
:10DB9000F14FB0B0924604910DF142013A9A2B91A7
:10DBA00099464A7000200AE01AF8011B0498309A3E
:10DBB00090470028049000F034860D98401C0D908A
:10DBC0009AF8000050B12528EED1002100220791DB
:10DBD000089209910A920B910C9204E00D9800F0C2
:10DBE00022BE41F001011AF8010F2028F9D02328A4
:10DBF0000CD02B2804D02D2805D0302809D00BE0DC
:10DC000041F00201EFE741F00401ECE741F00801C7
:10DC1000E9E741F01001E6E72A280FD1D9F8002002
:10DC200052F8040BC9F8002000280F9003D5404299
:10DC30000F9041F004010AF1010A14E00F92DFF89D
:10DC4000EC3B0AE00F98984205DA00EB800402EB07
:10DC50004402303A0F920AF1010A9AF80020A2F128
:10DC600030000A28EED39AF800002E2803D04FF097
:10DC7000FF320E9229E01AF8010F2A2809D1D9F8AB
:10DC8000000050F8042BC9F800000E920AF1010AB6
:10DC90001BE02D280CBF0AF1010A002000220E9281
:10DCA000DFF8884B0BE040B90E9AA24205DA02EB8E
:10DCB000820503EB4503303B0E930AF1010A9AF803
:10DCC0000030A3F130020A2AEDD3ADF840100FF670
:10DCD00060309AF8001000F0EDFE08B11AF8010B60
:10DCE0008DF842009DF84200682805D19AF800009E
:10DCF00068280CD1622106E06C2804BF9AF8000065
:10DD00006C2804D171218DF842100AF1010A12A881
:10DD100006901AF801BBBBF125012CD01C3900F08C
:10DD20009481091F022940F29081133900F0AB84DD
:10DD3000093900F08A81891E00F04085491E00F0F3
:10DD4000ED84491E022940F28081091F00F0E6841B
:10DD5000491F00F0EF80491E00F09584491E00F035
:10DD6000D780C91E0CD0891E00F08D84C91E00F01A
:10DD70008A8400F02EBD01230793252100F026BDE3
:10DD8000D9F8000050F8044BC9F80000002C0594A5
:10DD900040F0AB802B994878002800F0A1804FF02C
:10DDA000FF340FF6942000F095FE241A40F03985D8
:10DDB00000F01BBD01236A4602A9304600F000FEB8
:10DDC000002840F02E85641EF4D13096079C12AFD7
:10DDD00074B1309E17F8011B0498B04700280490D6
:10DDE00000F01F850D98401C641E0D90F2D13096F6
:10DDF0000A9C3021002C8DF800100CDD309E012390
:10DE00006A4602A9304600F0DBFD002840F0098593
:10DE1000641EF4D13096059F089C74B1309E17F8AB
:10DE2000011B0498B0470028049000F0FA840D9874
:10DE3000401C641E0D90F2D130960B9C3021002CBA
:10DE40008DF800100CDD309E01236A4602A9304691
:10DE500000F0B6FD002840F0E484641EF4D1309652
:10DE600005980899099C471874B1309E17F8011B52
:10DE70000498B0470028049000F0D3840D98401C0B
:10DE8000641E0D90F2D130960C9C3021002C8DF840
:10DE900000100CDD309E01236A4602A9304600F0D6
:10DEA0008FFD002840F0BD84641EF4D130969DF8AB
:10DEB000400041077FF584AE2020002D8DF8000042
:10DEC0007FF77EAE309C01236A4602A9204600F00F
:10DED00077FD002840F0A5846D1EF4D130946FE6E4
:10DEE0000FF63C30059000F080BC0E9D002D04D54F
:10DEF000204600F00FFE044607E02A46204600F0C8
:10DF000025FE002814BF041B2C46089400F06DBCAD
:10DF1000D9F8001051F8040BC9F8001020F00004E3
:10DF2000002121F0FF35CDE9024512AB05937821A0
:10DF300000F040BC2B99487820B14FF0FF340FF629
:10DF4000B02030E79DF84200622860D0682817D0E2
:10DF50006A283FD06C2806D0712847D074282CD06E
:10DF60007A281DD062E0D9F8001051F8040BC9F8E6
:10DF70000010002866D14FF0FF340FF68C2012E716
:10DF8000D9F8001051F8040BC9F8001020B94FF06F
:10DF9000FF340FF6742006E70D99018000F025BCD0
:10DFA000D9F8001051F8040BC9F80010002849D125
:10DFB0004FF0FF340FF65020F5E6D9F8001051F875
:10DFC000040BC9F8001000283CD14FF0FF340FF6C5
:10DFD0003820E8E6D9F8001051F8040BC9F8001011
:10DFE00080B94FF0FF340FF62020DCE6D9F800109E
:10DFF00051F8040BC9F8001020B94FF0FF340FF6A8
:10E000000820D0E60D9AD317C0E90023EDE3D9F834
:10E01000001051F8040BC9F8001020B94FF0FF347C
:10E020000FF6E410BFE60D990170DEE3D9F8001099
:10E0300051F8040BC9F8001020B94FF0FF340FF667
:10E04000C810B0E60D990160CFE39DF842004C285E
:10E0500007BFD9F80010CA1DD9F80000C21D22F070
:10E060000702C9F80020D2E900010832C9F80020EF
:10E07000CDE90201C80F02D007982D210AE0BDF8B2
:10E080004000810702D507982B2103E0C00705D582
:10E090000798202112AA1154401C079012A8079932
:10E0A0004BF0200300EB010CDDE90201CDE92C016E
:10E0B000612BCDF814C021AC0BD00E98002848BFBE
:10E0C000062105D404BF4BF02000672801D10121AF
:10E0D0000E91DDE902014F0047EAD0777E15FF1768
:10E0E0004FF0FF32974208BF964210D1090341EA30
:10E0F00010510003002908BF002808D0ABF16105CA
:10E1000003211A2D089118D30FF61C1110E0DDE938
:10E1100002014A00521512F1010F11D108030FD16B
:10E12000ABF1610503211A2D08911FD30FF60011E1
:10E130000322604600F036FD57E30FF6E801F7E7EB
:10E14000DDE902016A4600F08DFDCDE902014BF0E8
:10E150002000612811D1059830210170821C0592A0
:10E16000BBF1610F0CBF7821582102E00FF6BC0112
:10E17000DEE741700798801C0790DDE9020120F07E
:10E18000000231F0004308BF002A02D1002600251A
:10E1900042E14BF02008B8F1610F40F092800E98F8
:10E1A000002847BF21210191401C0190019FDDE91A
:10E1B0002C017F1C00220023DDE9024500F08AFDCE
:10E1C00038BF85F0004500998DF88420091F002F85
:10E1D00000910DF1850632DD2046294600220023FC
:10E1E00000F092FD2BD21C2200F0A8FD04460D4643
:10E1F00000F026FEFF1F002F804609DD00F027FEFD
:10E2000002460B462046294600F028FE04460D46ED
:10E21000F01D0721B8F1000F0CDD491E5EBF08F0AC
:10E220000F0200F8012D4FEA2818F3D502E0002272
:10E2300000F8012D491EFAD5C61D002FCCDC0DF1CA
:10E240008500361A01980DF185048642D8BF304604
:10E2500000282FD4B04206DA0DF185010A5C082AA5
:10E26000A8BF0F2100DA0021024621AB134400E0D1
:10E27000401E13F80159521E8D42F9D00F2904D1C6
:10E280000DF185018B5C5B1C8B54002A04D5009931
:10E29000091D21AC401C0091411E0BD4621813785B
:10E2A0003033DDB23A2DA4BF5B443A3B491E02F83D
:10E2B0000139F4D50E99002940F1AC80421E0E922E
:10E2C000A8E00099DFF8E82647F29750414391FB18
:10E2D000F2F20092DDE92C45C2F10702002A25F096
:10E2E000004504DD2046294600F03EFB0BE052428B
:10E2F0000020DFF8C01600F037FB02460B46204630
:10E30000294600F0B4FD04460D46B8F1660F06BF7D
:10E31000009F0A3706270E983F18142FC8BF1427EE
:10E3200030208DF884000DF18506002F34DD204665
:10E33000294600F0A5FD01460A4606F1080304201F
:10E340000A26B2FBF6F606EB860EA2EB4E02303240
:10E3500003F8012C0A22B6FBF2F202EB820EA6EBC6
:10E360004E063036401E03F8026DE9D1083F002FFB
:10E3700003F10806D9DD084600F089FD02460B4688
:10E380002046294600F06AFD0022DFF82C3600F016
:10E3900085FD04460D46CAE70DF18500361A0DF1DC
:10E3A000850404E00098401E761E0090641C2078CE
:10E3B0003028F7D0B8F1660F02D10098401C04E075
:10E3C000B8F1650F0CBF012000200E99401886425D
:10E3D000B8BF701E00281DD4B04204DA215C342975
:10E3E000C8BF392100DC30210246631E9D1800E0C1
:10E3F000401E15F80169521E8E42F9D0392902D10A
:10E40000A15C491CA154002A04D50099491C1C4652
:10E41000401C00910646009D0E9F30B2002802DC91
:10E4200001260FF210644BF02000662808BF6D1C17
:10E4300015D067280FFA85F841D118F1040F44DB95
:10E44000B84542DA9DF840006D1C010703D430B294
:10E45000B842D8BF074628B23F1A48BF00270FFA74
:10E4600085F8B8F1000F00F3AF800898411C0891BF
:10E47000302205990A54002F03DC9DF84000010763
:10E4800005D50898411C08912E2205990A5417EBCE
:10E49000080FB8BF7D422DB26842ED1932B20B9021
:10E4A0009542B8BF2E46059B089836B2099632466B
:10E4B0002146184400F076FBAD1B0C95CCE0BBF177
:10E4C000610F15D14FF0700B17E030B2B84204DA8B
:10E4D0009DF840100A0758BF07467F1E48BF002717
:10E4E000BBF1670F14BF4FF0450B4FF0650B04E015
:10E4F000BBF1410F08BF4FF0500B0898411C089129
:10E50000002F059914F8012B0A5403DC9DF84000F4
:10E51000010719D50898411C08912E2205990A5423
:10E52000002F11DD761E30B28742B8BF3E460598F7
:10E53000089B32B22146184400F034FB089836B2EA
:10E540003018BF1B08900B97059808990844B8F13C
:10E55000000F80F800B003D42B224270821C04E02C
:10E560002D2145464170821C6D4200212CAB28466E
:10E570000AE004460A2094FBF0F000EB8005A4EBCF
:10E58000450403F8014B491C00B20028F1DC0129C5
:10E5900006DC4BF02000652804BF302002F8010B98
:10E5A00000292CAB08D1302002F8010B06E0491EEF
:10E5B000585C303002F8010B0029F8DC0599089806
:10E5C0000844121A099247E030B229B288421BDA95
:10E5D0000598089B32B22146184400F0E3FA0899E6
:10E5E00036B271180891A8EB0600002F0B9003DCDF
:10E5F0009DF84000020705D5059A2E205054099930
:10E60000491C09910C9727E00598089B2AB22146DE
:10E61000184400F0C7FA0898761B4044002F089071
:10E6200003DC9DF840100A0704D5411C08912E22F6
:10E6300005990A5430B28742B8BF3E460598089BF8
:10E6400032B204EB0801184400F0ACFA089836B274
:10E650003018BE1B08900B969DF8400000F0140087
:10E66000102840F0C280079A08980B9982180998E0
:10E670008A1882180C980F998018884280F2B58009
:10E68000081A0A90B1E09DF84200622808D0682874
:10E690000ED06A2814D06C281FD0712810D01CE02E
:10E6A000D9F8001051F8040BC9F80010C0B21AE0F4
:10E6B000D9F8001051F8040BC9F8001080B212E02C
:10E6C000D9F80000C21D22F00702C9F80020D2E9E3
:10E6D00000010832C9F8002006E0D9F8001051F80E
:10E6E000040BC9F800100021CDE902019DF840009B
:10E6F00001075AD5DDE90223002B08BF002A54D0B8
:10E700004BF02000782850D1079812A930220A54E3
:10E71000401C431C079301F800B046E09DF84200FE
:10E72000622808D068280ED06A2814D06C281FD020
:10E73000712810D01CE0D9F8001051F8040BC9F86A
:10E74000001040B21AE0D9F8001051F8040BC9F8D3
:10E75000001000B212E0D9F80000C21D22F007023A
:10E76000C9F80020D2E900010832C9F8002006E00B
:10E77000D9F8001051F8040BC9F80010C117CDE901
:10E780000201002902D507982D210AE0BDF84000BA
:10E79000810702D507982B2103E0C00705D507980C
:10E7A000202112AA1154401C079012A80799014475
:10E7B0000591594602A800F04DF816E00120079097
:10E7C000D9F8000050F8041BC9F800008DF8481073
:10E7D0000BE001212522BBF1000F07918DF84820A5
:10E7E00003D0022207928DF849B00F9D07990A982D
:10E7F0006D1A08992D1A0B986D1A09992D1A0C98F3
:10E800006D1A9DF840102D1A48073FF5DFAA202108
:10E81000002D8DF800107FF7D9AA309E2C46FFF707
:10E82000C9BA4FF0FF3031B0BDE8F08FCBCCCC0C83
:10E83000686A6C747A4C00007072696E74665F73FB
:10E840003A2062616420257320617267756D656E80
:10E85000740000002DE9FC4707468A463C69504693
:10E860006F2808BF082505D0FFF78EF9782814BF58
:10E870000A251025D7E900013C2680468946BAF1D1
:10E88000640F18BFBAF1690F05D1002903D5D8F17B
:10E89000000869EB4909B9F1000F08BFB8F1000F92
:10E8A0000CD1386B50B9082D3AD197F838000107D0
:10E8B00036D530223B2684F83B2031E08DF800A08D
:10E8C000404649462A46EB1700F0F2FA3032D0B201
:10E8D000761E3A2801960EDAA255404649462A4647
:10E8E000EB1700F0E5FA80465FEA010908BFB8F1CE
:10E8F000000F05D108E09DF800001218513AEBE72F
:10E90000F868A1198842DBD3082D09D197F838009F
:10E91000010705D5A05D302802D0761E3020A05515
:10E92000C6F13C03BB61A119F960386B834208DA78
:10E93000C31A3B624FF6EF70398F01403987BDE84B
:10E94000F38700280ED597F8380000F0140010283F
:10E9500008D17A6B7969386A521A121AD21A002AC7
:10E96000C8BF3A62BDE8F3872DE9D04306460F469B
:10E9700014464FF00008DFF8449012E0E00707D596
:10E9800042464B463046394600F088FA06460F4666
:10E990004046494642464B4600F080FA64108046A5
:10E9A0008946002CEAD130463946BDE8D0830000C4
:10E9B000A08601000000F03F84D79741000024406A
:10E9C000F8B505460E4617461C4600205CB117F800
:10E9D000011BB068A847B06030B1F06A401CF0621B
:10E9E0000020641EF3D1F2BD4FF0FF30F2BD0000F5
:10E9F0007072696E74665F733A20256E2064697365
:10EA0000616C6C6F776564007072696E74663A2031
:10EA100062616420256E20617267756D656E740099
:10EA2000000000006E616E004E414E00696E66008F
:10EA3000494E46003000F0B402461068956813183D
:10EA4000506803EB5004C00748BF4D44A3422DD08B
:10EA500013F8016B16F0030004BF13F8010BC01C80
:10EA600031090F2907D113F8011B0F3103E013F807
:10EA7000017B05F8017B401EF9D10029E6D013F88F
:10EA8000010BC6F38106032E08BF13F8016B00EBE0
:10EA90000620404228440026B71E8F421EBF10F8B1
:10EAA000017B05F8017B761CF6D1CFE7F0BC02F1C3
:10EAB0000C007047C9B202788A421AB11CBF10F824
:10EAC000012FF9E718BF002070470268531C03604C
:10EAD0001170704780B500B906A005490B681BB1DD
:10EAE00022220021984701E000F0FAFA222002BD1C
:10EAF00068150228636F6E73747261696E742068A2
:10EB0000616E646C65723A20626164206D65737336
:10EB10006167650000F10103810704D010F8011B53
:10EB2000820781B1FAD10268A2F10131914311F05B
:10EB3000803104BF50F8042FF6E709BAB1FA81F129
:10EB400000EBD100401CC01A70470400C9B2830713
:10EB500006D0521E22D310F8013B9942F7D11FE094
:10EB6000083A13D302F1040241EA012141EA0141CA
:10EB700050F8043B121F21BF4B40A3F1013C2CEA8B
:10EB8000030C1CF0803FF3D0C9B2001F083210F80C
:10EB9000013B521E28BF91EA030FF8D818BF01208D
:10EBA000401E704762B38B0708D0521E11F8013B1C
:10EBB00000F8013B00F024808B07F6D1830740F07A
:10EBC000208000BF103A07D330B4B1E83810103AB3
:10EBD000A0E83810F9D230BC530724BFB1E80810C0
:10EBE000A0E8081044BF51F8043B40F8043BD207AA
:10EBF00024BF31F8022B20F8022B44BF0B7803709E
:10EC00007047121F17D35B0009D151F8043B20F85D
:10EC1000023B1B0C121F20F8023BF6D20BE051F80E
:10EC2000043B00F8013B1B0A20F8023B1B0C121F9F
:10EC300000F8013BF3D238BF121D521E24BF11F859
:10EC4000013B00F8013BF8D87047000010B50246C0
:10EC500051EC100B144600F00BF841EC100B226045
:10EC600010BD00BF10B5144600F002F8226010BDC0
:10EC7000C1F30A5343B14A0012F5001F28D2A3F290
:10EC8000FE32A1EB0251704750EA410C20D001F056
:10EC9000004C31EA0C01B1FA81F204BFB0FA80F302
:10ECA000D2180B3AB2F120032CBF00FA03F19140C5
:10ECB00041EA0C013EBFC2F1200C20FA0CF31943CB
:10ECC0009040524240F2FD33D21A01EB035170479B
:10ECD0000022704741EA030C50EA4C0C52EA0C0C3B
:10ECE0004FF4001C09D307D01CEB410F9CBF1CEB59
:10ECF000430F8B4208BF824270471CEB430FFBD887
:10ED0000994208BF9042704741EA030C50EA4C0C0C
:10ED100052EA0C0C4FF4001C09D307D01CEB410F36
:10ED20009CBF1CEB430F994208BF904270471CEBFD
:10ED3000410FFBD88B4208BF8242704700B541ECBF
:10ED4000100B104600F004F851EC100B00BD00BF92
:10ED5000020030EE101B40F2FF7C37D41CEA115346
:10ED600013D063456BD09B18634504D201EB02516D
:10ED700020EE101B704701F0004141EA0C510020C9
:10ED800041EC100BAFF30080704710EE100B50EA0F
:10ED9000410054D0B2F57F7F08D202EB5C01090537
:10EDA000002041EC110B20EE010B70474FF0FE41AB
:10EDB000002341EC113B20EE010BB2F57E7230EEE8
:10EDC000101B4FEA410342EB5353CDE752421CEA7A
:10EDD000115316D0634532D09A4204D2A1EB0251AE
:10EDE00020EE101B70475B1ED21AA1EB035120EEE0
:10EDF000101B372A0CD3002001F0004141EC100B0E
:10EE0000C0E710EE100B50EA410018D0372AF2D2BA
:10EE1000C2EB5C021105002041EC110BF1EE100A6F
:10EE200020F01F0121F4F851E1EE101A20EE010B41
:10EE3000F1EE101AE1EE100A11F0080FA2D170479E
:10EE400041EC100BBDEEC00B10EE100A704700EE47
:10EE5000100AB8EEC00B51EC100B704741EC100BD0
:10EE600043EC112B30EE410B51EC100B704741EC91
:10EE7000100B43EC112B80EE010B51EC100B704783
:10EE800041EC100BBCEEC00B10EE100A704700EE08
:10EE9000100AB8EE400B51EC100B704741EC100B10
:10EEA00043EC112B20EE010B51EC100B70470000CE
:10EEB000BBBBE1B1B2F5803F80F07E80022A1ED953
:10EEC0008C46B1FBF2F102FB11C31B0443EA104371
:10EED000B3FBF2FC02FB1C3380B240EA0343B3FBFA
:10EEE000F2F002FB103240EA0C4000237047022A85
:10EEF00005D98446B0FBF2F002FB10C270474AB15C
:10EF000005D100F0010249085FEA30007047002295
:10EF10000023704700F0E8B80B0002000021002039
:10EF20007047904271EB030CF6D3B3F5803F2FD2BC
:10EF3000F0B5B3FA83F7B1FA81F4A7F10F0E3D1BD8
:10EF40005340CEF1200602FA0EF2F3415340B5F1E0
:10EF50000F0746D80F3C2C444140C4F12006A04086
:10EF6000F1414140B1FBF3F603FB1611A2FB06454C
:10EF7000001BA94102D2761E8018594180EA010285
:10EF800021FA0EF362FA0EF200215A403046F0BD2B
:10EF900030B4B1FBF3FC03FB1C11A2FB0C45001BBE
:10EFA000A94103D2ACF1010C8018594130BC024692
:10EFB0000B46604600217047B2F1807F65D3F0B503
:10EFC000B2FA82F7B1FA81F4C7F10F063D1B22FABB
:10EFD00006F307F1110EF24120355A40B5F10F0743
:10EFE000B8D94140C4F12006A040F1414140B1FBF5
:10EFF000F3FC03FB1C11A2FB0C45001BA94103D22F
:10F00000BCF1010C801859410F2F12D30F3FC903D7
:10F0100041EA5041B1FBF3F603FB1611A2FB064592
:10F02000D4EBC030A94102D2761E8018594146EA7D
:10F03000CC3C07B34140C7F12006B840F141414004
:10F04000B1FBF3F603FB1611A2FB0645001BA94119
:10F0500002D2761E8018594180EA010221FA0EF38D
:10F06000C7F1200462FA0EF20CFA07F05A402CFAAB
:10F0700004F13043F0BD80EA010221FA0EF30021D1
:10F0800062FA0EF260465A40F0BD8C46B1FBF2F1D6
:10F0900002FB11C31B0243EA1063B3FBF2FC02FB49
:10F0A0001C331B024CEA002043EA1063B3FBF2FC62
:10F0B00002FB1C331B024CEA002043EA1063B3FB43
:10F0C000F2FC02FB1C331B024CEA002043EA1063F3
:10F0D000B3FBF2FC02FB1C324CEA00200023704719
:10F0E000012000F003B800007047000080B5AFF3C6
:10F0F0000080024A11001820ABBEFBE72600020088
:10F10000022801D3012010E00B00DBB2042B01DB4D
:10F1100001200AE0DFF8283803EB8000C9B2405C28
:10F12000824201D3012000E000207047F8B50600BC
:10F130000F0015001C00022E01D301201DE02A0043
:10F140003900C9B23000FFF7DBFF012801D10120EF
:10F1500013E03800C0B2002812D1B4F5807F0DD280
:10F16000DFF8E0077603304400EB850010F58050AF
:10F17000016864F30F2101600020F2BD0120FCE76B
:10F18000FFB2012F11D1B4F5803F0CD2DFF8B407E4
:10F190007603304400EB850010F5A050016864F35D
:10F1A00017210160E8E70120E7E70120E5E700B269
:10F1B0000012C0B27047F8B505000E001700280015
:10F1C00000B2FFF7F4FF04002000C0B2022801D310
:10F1D000012024E03A003100C9B22000C0B2FFF79C
:10F1E0008FFF012801D1012019E0DFF85817200016
:10F1F000C0B2400308442A00D2B200EB8200D0F82B
:10F20000000CF6B266F3092067F30700E4B264036A
:10F210002144EDB201EB8501C1F8000C0020F2BDE4
:10F2200070B504000D001600022C01D301201DE072
:10F2300032002900C9B22000FFF762FF012801D186
:10F24000012013E0DFF8FC166003085850F000407E
:10F2500050F0407050F47F00EDB265F3092066F382
:10F2600007006203885064030859002070BD10B580
:10F27000C0B2002800F0EA80022800F0EB80C0F065
:10F28000E780042800F0EA80C0F0E680062800F05D
:10F29000E980C0F0E580082800F0E880C0F0E48054
:10F2A0000A2800F0E780C0F0E3800C2800F0E68038
:10F2B000C0F0E2800E2800F0E580C0F0E180102868
:10F2C00000F0E480C0F0E080122800F0E380C0F09D
:10F2D000DF80142800F0E280C0F0DE80162800F005
:10F2E000E180C0F0DD80182800F0E080C0F0DC8014
:10F2F0001A2800F0DF80C0F0DB801C2800F0DE80E0
:10F30000C0F0DA801E2800F0DD80C0F0D98020280F
:10F3100000F0DC80C0F0D880222800F0DB80C0F054
:10F32000D780242800F0DA80C0F0D680262800F0AC
:10F33000D980C0F0D580282800F0D880C0F0D480D3
:10F340002A2800F0D780C0F0D3802C2800F0D68087
:10F35000C0F0D2802E2800F0D580C0F0D1803028B7
:10F3600000F0D480C0F0D080322800F0D380C0F00C
:10F37000CF80342800F0D280C0F0CE80362800F054
:10F38000D180C0F0CD80382800F0D080C0F0CC8093
:10F390003A2800F0CF80C0F0CB803C2800F0CE802F
:10F3A000C0F0CA803E2800F0CD80C0F0C98040285F
:10F3B00000F0CC80C0F0C880422800F0CB80C0F0C4
:10F3C000C780442800F0CA80C0F0C680462800F0FC
:10F3D000C980C0F0C580482800F0C880C0F0C48053
:10F3E0004A2800F0C780C0F0C3804C2800F0C680D7
:10F3F000C0F0C2804E2800F0C580C0F0C180502807
:10F4000000F0C480C0F0C080522800F0C380C0F07B
:10F41000BF80542800F0C280C0F0BE80562800F0A3
:10F42000C180C0F0BD80582800F0C080C0F0BC8012
:10F430005A2800F0BF80C0F0BB805C2800F0BE807E
:10F44000C0F0BA805D2800F0BB80BBE01924BFE0AB
:10F450003124BDE01824BBE03324B9E03524B7E003
:10F460001424B5E03724B3E01324B1E02024AFE046
:10F470001224ADE02124ABE01124A9E01024A7E080
:10F480002824A5E02924A3E02A24A1E009249FE060
:10F490002B249DE008249BE02C2499E0032497E092
:10F4A000022495E0392493E03B2491E03D248FE051
:10F4B00001248DE03F248BE0002489E0402487E094
:10F4C000412485E0422483E0432481E0BF247FE09F
:10F4D00048247DE049247BE0BC2479E0992477E04E
:10F4E0009A2475E0502473E09B2471E0B6246FE009
:10F4F00051246DE09C246BE0B52469E0522467E060
:10F50000A02465E0B42463E0532461E0B3245FE009
:10F5100054245DE0B2245BE0B12459E0AD2457E00F
:10F52000602455E0AE2453E0612451E0AD244FE067
:10F5300062244DE063244BE0AB2449E0642447E0BF
:10F54000AA2445E0652443E0A92441E0A8243FE043
:10F5500069243DE06B243BE06D2439E06F2437E003
:10F56000A32435E0702433E0A22431E071242FE09D
:10F57000A1242DE097242BE0962429E0742427E091
:10F58000952425E0752423E0942421E093241FE0B2
:10F5900092241DE078241BE0792419E08C2417E0E4
:10F5A0007A2415E08B2413E07B2411E08A240FE0F9
:10F5B0005A240DE059240BE0892409E0582407E07F
:10F5C000882405E09D22DFF84019002000F033FE7A
:10F5D0002000C0B210BD10B5C0B2002800F0EA8013
:10F5E000022800F0EB80C0F0E780042800F0EA80F9
:10F5F000C0F0E680062800F0E980C0F0E580082829
:10F6000000F0E880C0F0E4800A2800F0E780C0F055
:10F61000E3800C2800F0E680C0F0E2800E2800F0C5
:10F62000E580C0F0E180102800F0E480C0F0E080C8
:10F63000122800F0E380C0F0DF80142800F0E280A0
:10F64000C0F0DE80162800F0E180C0F0DD801828D0
:10F6500000F0E080C0F0DC801A2800F0DF80C0F00D
:10F66000DB801C2800F0DE80C0F0DA801E2800F06D
:10F67000DD80C0F0D980202800F0DC80C0F0D88088
:10F68000222800F0DB80C0F0D780242800F0DA8048
:10F69000C0F0D680262800F0D980C0F0D580282878
:10F6A00000F0D880C0F0D4802A2800F0D780C0F0C5
:10F6B000D3802C2800F0D680C0F0D2802E2800F015
:10F6C000D580C0F0D180302800F0D480C0F0D08048
:10F6D000322800F0D380C0F0CF80342800F0D280F0
:10F6E000C0F0CE80362800F0D180C0F0CD80382820
:10F6F00000F0D080C0F0CC803A2800F0CF80C0F07D
:10F70000CB803C2800F0CE80C0F0CA803E2800F0BC
:10F71000CD80C0F0C980402800F0CC80C0F0C88007
:10F72000422800F0CB80C0F0C780442800F0CA8097
:10F73000C0F0C680462800F0C980C0F0C5804828C7
:10F7400000F0C880C0F0C4804A2800F0C780C0F034
:10F75000C3804C2800F0C680C0F0C2804E2800F064
:10F76000C580C0F0C180502800F0C480C0F0C080C7
:10F77000522800F0C380C0F0BF80542800F0C2803F
:10F78000C0F0BE80562800F0C180C0F0BD8058286F
:10F7900000F0C080C0F0BC805A2800F0BF80C0F0EC
:10F7A000BB805C2800F0BE80C0F0BA805D2800F00D
:10F7B000BB80BBE00824C0E00824BEE00824BCE015
:10F7C0000824BAE00824B8E00824B6E00824B4E02D
:10F7D0000824B2E00824B0E00824AEE00824ACE03D
:10F7E0000824AAE00824A8E00824A6E00824A4E04D
:10F7F0000824A2E00824A0E008249EE008249CE05D
:10F8000008249AE0082498E0082496E0082494E06C
:10F81000082492E0082490E008248EE008248CE07C
:10F8200008248AE0082488E0082486E0082484E08C
:10F83000082482E0082480E008247EE008247CE09C
:10F8400008247AE0082478E0082476E0082474E0AC
:10F85000082472E0082470E008246EE008246CE0BC
:10F8600008246AE0082468E0082466E0082464E0CC
:10F87000082462E0082460E008245EE008245CE0DC
:10F8800008245AE0162458E0082456E0082454E0DE
:10F89000082452E0082450E008244EE008244CE0FC
:10F8A00008244AE0082448E0082446E0082444E00C
:10F8B000082442E0082440E008243EE008243CE01C
:10F8C00008243AE0082438E0082436E0082434E02C
:10F8D000082432E0082430E008242EE008242CE03C
:10F8E00008242AE0082428E0082426E0082424E04C
:10F8F000082422E0082420E008241EE008241CE05C
:10F9000008241AE0082418E0082416E0082414E06B
:10F91000082412E0082410E008240EE008240CE07B
:10F9200008240AE0082408E0082406E04FF4867260
:10F93000DFF8D415002000F07EFC2000C0B210BD1E
:10F9400004A80C100000044080B5C0B2002800F0EC
:10F95000EA80022800F0EB80C0F0E780042800F085
:10F96000EA80C0F0E680062800F0E980C0F0E5807B
:10F97000082800F0E880C0F0E4800A2800F0E78062
:10F98000C0F0E3800C2800F0E680C0F0E2800E2892
:10F9900000F0E580C0F0E180102800F0E480C0F0C5
:10F9A000E080122800F0E380C0F0DF80142800F02F
:10F9B000E280C0F0DE80162800F0E180C0F0DD803B
:10F9C000182800F0E080C0F0DC801A2800F0DF800A
:10F9D000C0F0DB801C2800F0DE80C0F0DA801E283A
:10F9E00000F0DD80C0F0D980202800F0DC80C0F07D
:10F9F000D880222800F0DB80C0F0D780242800F0D7
:10FA0000DA80C0F0D680262800F0D980C0F0D580FA
:10FA1000282800F0D880C0F0D4802A2800F0D780B1
:10FA2000C0F0D3802C2800F0D680C0F0D2802E28E1
:10FA300000F0D580C0F0D180302800F0D480C0F034
:10FA4000D080322800F0D380C0F0CF80342800F07E
:10FA5000D280C0F0CE80362800F0D180C0F0CD80BA
:10FA6000382800F0D080C0F0CC803A2800F0CF8059
:10FA7000C0F0CB803C2800F0CE80C0F0CA803E2889
:10FA800000F0CD80C0F0C980402800F0CC80C0F0EC
:10FA9000C880422800F0CB80C0F0C780442800F026
:10FAA000CA80C0F0C680462800F0C980C0F0C5807A
:10FAB000482800F0C880C0F0C4804A2800F0C78001
:10FAC000C0F0C3804C2800F0C680C0F0C2804E2831
:10FAD00000F0C580C0F0C180502800F0C480C0F0A4
:10FAE000C080522800F0C380C0F0BF80542800F0CE
:10FAF000C280C0F0BE80562800F0C180C0F0BD803A
:10FB0000582800F0C080C0F0BC805A2800F0BF80A8
:10FB1000C0F0BB805C2800F0BE80C0F0BA805D28D9
:10FB200000F0BB80BBE00020C0E00020BEE0012070
:10FB3000BCE00120BAE00220B8E00320B6E00320D8
:10FB4000B4E00420B2E00420B0E00520AEE00520DF
:10FB5000ACE00620AAE00720A8E00920A6E00A20E1
:10FB6000A4E00B20A2E00B20A0E00C209EE00C20E3
:10FB70009CE00D209AE00D2098E00E2096E00F20EA
:10FB800094E0102092E0112090E011208EE01220ED
:10FB90008CE012208AE0132088E0142086E01520F3
:10FBA00084E0162082E0162080E018207EE01920F4
:10FBB0007CE019207AE01A2078E01B2076E01C20F7
:10FBC00074E01C2072E01C2070E01D206EE01D20FF
:10FBD0006CE01D206AE01E2068E01E2066E01E200A
:10FBE00064E01F2062E01F2060E020205EE0202013
:10FBF0005CE021205AE0222058E0242056E0242016
:10FC000054E0252052E0252050E026204EE0272019
:10FC10004CE027204AE0282048E0282046E0292020
:10FC200044E0292042E02A2040E02C203EE02D2024
:10FC30003CE02E203AE02F2038E02F2036E0302024
:10FC400034E0302032E0312030E031202EE032202C
:10FC50002CE033202AE0342028E0342026E0352030
:10FC600024E0352022E0362020E037201EE0382036
:10FC70001CE039201AE0392018E03A2016E03A203A
:10FC800014E03B2012E03B2010E03B200EE03C2043
:10FC90000CE03C200AE03D2008E03D2006E040F278
:10FCA0007B129949002000F0C6FA0020C0B202BDC4
:10FCB000002007E09549C2018A5822F00042C301A2
:10FCC000CA50401C3F28F5DB704770B504000E0099
:10FCD000002000202000C0B2FFF736FE8B4DC0B2DE
:10FCE000C0012844006A80B206FB00F642F21070A0
:10FCF000B6FBF0F62000C0B2FFF726FEC001284494
:10FD0000B6B246612000C0B2FFF71EFE0100C9B2C4
:10FD1000C9012944096C51F00101C0B2C001284455
:10FD2000016470BD2DE9F041AAB004000D00160079
:10FD3000342100221DAF380000F010FB0020742198
:10FD400000226F46380000F009FB0E201E902000B4
:10FD5000C0B2FFF740FC8DF87C002000C0B2FFF776
:10FD600086FA07005FF008082000C0B2FFF77FFAAC
:10FD70001DAA97FBF8F108FB11773900644BC0B25C
:10FD8000C010C001184400F0A8FB2000C0B2FFF76B
:10FD9000DBFD00220121C0B210F5937000B2FFF725
:10FDA0000AFA2000C0B2FFF7CFFDC0B210F5937081
:10FDB00000B2FFF7FCF9092300220121C0B2FFF7CE
:10FDC000B5F92000C0B2FFF7BFFDC0B210F59370C7
:10FDD00000B2FFF7ECF900220121C0B2FFF720FAD0
:10FDE0004C48B0FBF5F1090C4A482A04B0FBF2F389
:10FDF00002FB1300002800D0491C022903D2002076
:10FE00008DF801002FE0032903D201208DF80100B5
:10FE100029E0052903D202208DF8010023E00929F9
:10FE200003D203208DF801001DE0112903D2042024
:10FE30008DF8010017E0212903D205208DF801007B
:10FE400011E0412903D206208DF801000BE0812941
:10FE500003D207208DF8010005E040F2C9122A49BB
:10FE6000002000F0E8F904208DF8000001208DF852
:10FE7000100000208DF8110003208DF812000320DF
:10FE80008DF8130000208DF80800224901229DF909
:10FE900001008240B1FBF2F0B0FBF5F0401E05908E
:10FEA0000598401C06FB00F642F21070B6FBF0F01D
:10FEB000089002208DF8400003208DF86800012092
:10FEC0001B9001208DF828002000C0B2FFF73CFDF8
:10FED0000E4D6946C0B2C001284400F03DFB200031
:10FEE000C0B2FFF731FDC0B2C001284400F034FCBD
:10FEF0002000C0B2FFF728FDC0B2C001284400F0C6
:10FF000030FC2AB0BDE8F08110A20C10000058406F
:10FF10000000314000127A0082B0002001900020E1
:10FF200000900020019009E00098401C009000988B
:10FF3000B0F5005FF8D30198401C01900198B0F52E
:10FF4000805F02D200200090F1E702B0704780B5D8
:10FF50000100002000F000FE01BD2DE9F043ADF5E9
:10FF6000137D0700884616001C000020ADF8020033
:10FF70000020ADF80000002002900020ADF8040041
:10FF80000020ADF806004046FEF7C4FD0290DFF801
:10FF900090532888002801D028698047DFF884031F
:10FFA0000078002800F033812888002800F01181B3
:10FFB000BDF90600411CADF806103A00010089B2F7
:10FFC0000020EB68984747464046FEF7A3FD0290A5
:10FFD0006888A97990FBF1F0ADF804003800471C5F
:10FFE00000780028FAD10020ADF800000EE07F1E56
:10FFF00038782F2802D038785C2804D1BDF800006A
:02000004100CDE
:10000000401CADF800000298401E0290BDF80000B0
:10001000022802DA02980028E9D50298002806D4BE
:100020007A1CDFF8041353A800F0B6FF0EE0BDF809
:100030000000002805D13A00BC4953A800F0ACFFED
:1000400004E03A00B84953A800F0A6FF0020ADF83C
:10005000020042E0BDF80010BDF80020BDF80230FB
:1000600053AF9BB2BDF90400434313FA82F0385CEE
:1000700043AA89B25054BDF80000401CADF80000FE
:10008000BDF8000080B2BDF9041088420EDA53A812
:10009000FEF740FDBDF80020BDF802309BB2BDF96F
:1000A00004104B4313FA82F18842D3D2002043A9B3
:1000B000BDF800208854BDF90600411CADF80610BB
:1000C00043AAE97911FB00F189B20020EB68984757
:1000D000BDF80200401CADF80200BDF8027053A844
:1000E000FEF718FDBDF90410B0FBF1F0401CBFB2E3
:1000F000874203D20020ADF80000C1E732008C49EE
:1001000053A800F049FFBDF90600411CADF80610E8
:1001100053AAE97911FB00F189B20020EB689847F6
:10012000002C74D00020ADF8020041E0BDF80010B2
:10013000BDF80020BDF802309BB2BDF90400434376
:1001400013FA82F0205C43AA89B25054BDF8000033
:10015000401CADF80000BDF8000080B2BDF90410ED
:1001600088420EDA2000FEF7D5FCBDF80020BDF86D
:1001700002309BB2BDF904104B4313FA82F188425E
:10018000D4D2002043A9BDF800208854BDF9060050
:10019000411CADF8061043AAE97911FB00F189B2C0
:1001A0000020EB689847BDF80200401CADF8020043
:1001B000BDF802602000FEF7ADFCBDF90410B0FBF5
:1001C000F1F0401CB6B2864221D20020ADF800000A
:1001D000C1E74FF4807100220DF10C09484600F090
:1001E000BDF83800A9688847002C07D00094330078
:1001F0004246504903A800F0CFFE05E033004246D6
:100200004D4903A800F0C8FE03A8A96888470DF56A
:10021000137DBDE8F08310B542480078002809D06E
:10022000474C2100002000F0A5FC0122210043489A
:1002300000F0FDFE10BD38B50C001500C0B200285E
:1002400003D140480078002800D131BD3E490878EC
:10025000002800D0FEE70878401C087001F0F0F894
:1002600000232A0021003948FFF777FEFFF754FEEC
:10027000F6E710B514001A00C0B2002808D12948CA
:100280000078002804D00B0021003148FFF765FEFC
:1002900010BD002101804FF6FF7141808180FF2158
:1002A0008171C171002181600021C1600021016163
:1002B00070471B4902880A8042884A8082888A8067
:1002C00082798A71C279CA7182688A60C268CA609A
:1002D00000690861012013490870704700B585B0B6
:1002E0006846FFF7D6FF1B4802906846FFF7E1FF1C
:1002F00005B000BD80B5FFF7F1FF002300225FF4D9
:10030000E131002000F05CFD4023134A00210B483E
:1003100001F02DF80121002000F0D3FC01BD000008
:10032000C81402288C150228BCA70C1024A70C1096
:10033000C8A70C1024A60C10C4A60C108414022804
:100340008D150228420802288E15022834A70C10A9
:10035000D4A70C104FFF0B108813022862F30F2252
:1003600062F31F42401810F0030308D0C91A1FD3CC
:10037000DB0748BF00F8012D28BF20F8022D13002D
:1003800030B414461546103928BF20E93C00FAD88D
:10039000490728BF20E90C0048BF40F8042D890018
:1003A00028BF20F8022D48BF00F8012D30BC70474F
:1003B000C91818BF00F8012DCB0728BF00F8012D80
:1003C0007047000030B4614B1818C009604C14EB42
:1003D000001404290DD223681F25C8008540AB43B3
:1003E000D2B212F01F02C90012FA01F119432160C2
:1003F0000CE0091F63681F25C8008540AB43D2B2DB
:1004000012F01F02C9008A401A43626030BC704774
:10041000002A04D1012212FA01F1416003E0012215
:1004200012FA01F18160704710B48900436C0F2407
:100430008C40A34312F00F0212FA01F119434164F8
:1004400010BC704710B4836C01248C40A34312F09D
:10045000010212FA01F11943816410BC704710B413
:10046000C36C01248C40A34312F0010212FA01F183
:100470001943C16410BC704710B449001031C36CFB
:1004800003248C40A34312F0030212FA01F1194332
:10049000C16410BC70474269012212FA01F1416146
:1004A0004069704710B4836901248C40A34312F063
:1004B000010212FA01F11943816110BC704710B4B6
:1004C0004900036C03248C40A34312F0030212FA88
:1004D00001F11943016410BC7047F8B505000E0026
:1004E00014000027002D2ED0002C2CD022683100C3
:1004F0002800FFF78DFF227A31002800FFF762FF06
:10050000626931002800FFF79DFFA26931002800D1
:10051000FFF7A5FFE26931002800FFF7ADFF626831
:1005200031002800FFF780FFE26831002800FFF764
:10053000C6FF31002800FFF7AEFF22693100280016
:10054000FFF7B0FF00E0034F3800F2BD0000CFBF5F
:100550000000304001005A000122002800F0EC8029
:10056000002900F0E980754A12680B7A63F3924221
:100570000B7B13F0030363F311420B7813F00703B3
:1005800063F31A628B7863F39E7291F8283063F3F9
:10059000000291F8343063F341020B7F63F382026F
:1005A0004B7F63F3C30291F8403063F38A2291F8E2
:1005B0004030DBB25B08DBB263F3492291F8703064
:1005C00063F3082291F8713013F0030363F30D32E3
:1005D00002600A7A002A02D10022826007E00A7AC9
:1005E000012A02D14A69826001E0012282600A6A1E
:1005F00002614A6A4261CA6A82610A6BC2614A69DF
:1006000002628A6942624E4A126891F8443003F0ED
:10061000FF03120A12021A4391F84C3003F0FF0351
:1006200063F3174291F85C3003F0FF0363F31F623A
:1006300091F86C3003F0FF0363F30F224264414AE8
:10064000126891F8643003F0FF0363F30F2291F80E
:10065000543003F0FF03120A12021A4382643A4A2A
:10066000126891F8413013F00303920892001A4384
:1006700091F8603013F0030363F38B2291F8483054
:1006800013F0030363F3051291F8503013F00303E2
:1006900063F3092291F8583013F0030363F38712D0
:1006A00091F8683013F0030363F38302C264274AAE
:1006B000126891F8723013F00703D208D2001A437F
:1006C00091F8733013F0070363F30612426591F853
:1006D000352082671E4A12680B7C13F003039208D0
:1006E00092001A43CB7C13F0030363F387124B7C15
:1006F00013F0030363F383028B7C13F0030363F3B0
:1007000005120265134A1268CB8863F31F428B8877
:100710009BB21B0A9BB263F30F220B78052B06D109
:10072000097901F0FF01120A12020A4302E0497836
:1007300061F30702026300221000704710A90C1039
:1007400014A90C1018A90C101CA90C1020A90C102D
:1007500024A90C1028A90C10016851F00041016077
:1007600070474030016851F010010160704700008F
:10077000022801D3012010E00B00DBB2042B01DBC7
:1007800001200AE0DFF8CC3703EB8000C9B2405CFF
:10079000824201D3012000E000207047F8B5040038
:1007A0000F0015001E00022C01D301202AE02A00B0
:1007B0003900C9B22000FFF7DBFF012801D1012079
:1007C00020E006983900C9B202291ED1B6F5803F53
:1007D00019D2202817D24FF4C052DFF87C176303D8
:1007E0000B4403EB850313441F6866F317271F6050
:1007F0006403214401EB850111440A6860F3C702D8
:100800000A600020F2BD0120FCE7FFB2032F1FD1D8
:10081000B6F1807F1AD2202818D24FF4E052DFF8C8
:10082000381763030B4403EB850313441F6807F079
:10083000FF0757EA06271F606403214401EB850187
:1008400011440A6860F3C7020A60DAE70120D9E7B9
:100850000120D7E700B20012C0B27047F8B505001A
:100860000E001700280000B2FFF7F4FF040020007C
:10087000C0B2022801D3012024E03A003100C9B2FD
:100880002000C0B2FFF774FF012801D1012019E058
:10089000DFF8C4162000C0B2400308442A00D2B2D8
:1008A00000EB8200D0F8000CF6B266F3092067F383
:1008B0000700E4B264032144EDB201EB8501C1F805
:1008C000000C0020F2BD70B504000D001600022CD3
:1008D00001D301201DE032002900C9B22000FFF73A
:1008E00047FF012801D1012013E0DFF86C166003F7
:1008F000085850F0004050F0407050F47F00EDB2C6
:1009000065F3092066F30700620388506403085901
:10091000002070BDD0F840037047D0F80803C00530
:10092000C00D7047C0F840127047D0F80802C005EB
:10093000C00D7047D0F80802C0F3C030704738B51A
:1009400005002800FFF7F1FF04002800FFF7F2FF81
:100950000419002C01D1012000E00020C0B232BDFA
:10096000C0F8C81F7047D0F8C80F7047C0F8881F7C
:100970007047D0F8880F7047016851F0004101605E
:10098000704738B504001500C9B2002906D0022905
:100990001ED010D3042935D027D340E0DFF8BC05A2
:1009A000A06001202073112060734FF48C70E081EF
:1009B0001220208239E0DFF8A805A0600120207312
:1009C0001120607340F21D10E0816B2020822CE02A
:1009D000DFF89005A06001202073112060734FF4B0
:1009E0008E70E0816A2020821FE0DFF87C05A06025
:1009F000022020731120607340F21B10E0816920F7
:100A0000208212E0DFF86405A0600120207313202B
:100A100060734FF48D70E0816820208205E07C22B5
:100A2000DFF84C150020FFF706FCEDB2002D06D0D4
:100A3000022D1ED010D3042D35D027D340E0DFF88F
:100A40001C05206000202071112060714FF48C7013
:100A5000E0811220208239E0DFF8040520600020C8
:100A600020711120607140F21D10E0816B20208206
:100A70002CE0DFF8F004206000202071112060716C
:100A80004FF48E70E0816A2020821FE0DFF8D804E6
:100A90002060012020711120607140F21B10E08164
:100AA0006920208212E0DFF8C40420600020207159
:100AB000132060714FF48D70E0816820208205E082
:100AC000A822DFF8AC140020FFF7B5FB31BD10B54C
:100AD000C0B2002806D002280AD006D304280DD0C0
:100AE00009D30EE0DFF88C4411E0DFF88C440EE00F
:100AF000DFF888440BE0DFF8884408E0DFF884443E
:100B000005E0BD22DFF868140020FFF794FB200009
:100B100010BD38B50400DFF87054C9B22000C0B26F
:100B200055F82000FFF7FEFE2000C0B255F8200067
:100B3000FFF705FF0028F7D031BD70B505000E00A6
:100B4000140006E031782800C0B2FFF7E2FF641E0F
:100B5000761C002CF6D170BD38B504000D0005E000
:100B600029782000C0B2FFF7D4FF6D1C2878002838
:100B7000F6D131BD70B504000D000020DFF8086427
:100B80002000C0B256F82000FFF7C7FE002807D0AB
:100B9000E4B256F82400FFF7BDFE2870012000E003
:100BA0000020C0B270BD70B505000C00DFF8D8633E
:100BB0002800C0B256F82000FFF7DBFE40084000D6
:100BC00001002800C0B256F82000FFF7CFFE280031
:100BD000C0B256F82000FFF7CCFE30F00200010052
:100BE0002800C0B256F82000FFF7C0FE2800C0B2AF
:100BF00056F82000FFF7BDFE30F02000010028006D
:100C0000C0B256F82000FFF7B1FE2800C0B256F877
:100C10002000FFF7AEFE30F0400001002800C0B217
:100C200056F82000FFF7A2FE2800C0B256F82000B8
:100C3000FFF79FFE30F0100001002800C0B256F808
:100C40002000FFF793FE2800C0B256F82000FFF7FF
:100C500090FE30F4807001002800C0B256F82000E9
:100C6000FFF784FE2800C0B256F82000FFF781FE8F
:100C700030F4806001002800C0B256F82000FFF771
:100C800075FE002C0ED02800C0B256F82000FFF7E9
:100C90006AFE50F400700100EDB256F82500FFF72F
:100CA00065FE0DE02800C0B256F82000FFF75BFE9D
:100CB00030F400700100EDB256F82500FFF756FE43
:100CC00070BD70B505000C00DFF8BC622800C0B232
:100CD00056F82000FFF747FE4008400001002800BA
:100CE000C0B256F82000FFF73BFE2800C0B256F80D
:100CF0002000FFF738FE30F0080001002800C0B2E5
:100D000056F82000FFF72CFE2800C0B256F820004D
:100D1000FFF729FE30F0200001002800C0B256F88D
:100D20002000FFF71DFE2800C0B256F82000FFF794
:100D30001AFE30F4807001002800C0B256F820007E
:100D4000FFF70EFE2800C0B256F82000FFF70BFE9A
:100D500030F4007001002800C0B256F82000FFF700
:100D6000FFFD2800C0B256F82000FFF7FCFD30F46C
:100D7000006001002800C0B256F82000FFF7F0FD27
:100D8000002C0ED02800C0B256F82000FFF7EBFD73
:100D900050F004000100EDB256F82500FFF7E0FD29
:100DA0000DE02800C0B256F82000FFF7DCFD30F05F
:100DB00004000100EDB256F82500FFF7D1FD70BD2B
:100DC0002DE9F841A7B005000F00160028003100FA
:100DD000C0B2C9B2884201D1012000E000201C004D
:100DE000DFF88C814FF4CE724146C0B2FFF723FA90
:100DF00028002100C0B2C9B2884201D1012000E020
:100E0000002040F29D124146C0B2FFF714FA02A83A
:100E1000142100F03DFB342100220DF1680840460A
:100E2000FFF79CFA4C2100220DF11C084046FFF709
:100E300095FAFF003A00002354480021FEF738F8E5
:100E400007002200D2B23100C9B202A8FFF799FD13
:100E500008201B909DF80D008DF870001AAA9DF8CF
:100E60000C100298FFF739FB06201B909DF80D002F
:100E70008DF870001AAA9DF814100498FFF72DFB46
:100E800000200790082008900820099002200B906D
:100E900000200C9000201290002014903A4C280062
:100EA000C0B254F8200000F039FC39492A00D2B20F
:100EB000382042430A4407A92800C0B254F8200051
:100EC00000F0EAFA2800C0B254F82000FFF754FD01
:100ED0002A00D2B20321BDF91600FFF7BFFCBDF90D
:100EE0001600FFF7B7FC17F01F010091C7F3571367
:100EF0002A00D2B20321C0B2FFF750FCBDF91600A0
:100F0000FFF7A8FC2A00D2B20321C0B2FFF7DBFC36
:100F1000BDF91800ADF800000320ADF80200012073
:100F20008DF8040007221B482900C9B250F821108F
:100F3000684600F091FA00212800C0B2FFF7C1FE18
:100F400000212800C0B2FFF72EFE28B0BDE8F081D6
:100F50000000000004A80C10000004400000314014
:100F60000002314000053140800831400007314027
:100F700044A10C1000006040000065400000644087
:100F80000000634000006240240802280080969818
:100F9000C80F0228100802280CB430B583B00A46E6
:100FA00006A90291044600250194009502AB01A90F
:100FB000084878441E30FCF7EAFD019A15700028B5
:100FC0004EBF04460198041B204603B030BC5DF8B8
:100FD0000CFB00BFF7DAFFFF82688918816003E02D
:100FE00082684169521A8260816842699142F7D2EF
:100FF0007047C2688918C16003E0C2684169521A2B
:10100000C260C16842699142F7D2704710B50400CE
:10101000002C01D0012000E000207022DFF88813AE
:10102000C0B2FFF708F960692169401A10BD2DE9C7
:10103000F84305001600002D01D0012000E000203B
:101040000C00AA22DFF86013C0B2FFF7F4F8002703
:101050000020002C01D10327B5E0287810F0050FFF
:1010600001D00427AFE0287850F0040028702869E8
:10107000B042C0F0A380D5F81480A868B8EB00088F
:10108000B04567D26878002803D0022841D01FD32A
:1010900090E0424621006868AB6800EB03094846CF
:1010A000FDF780FD41462800FFF796FFB6EB0802EA
:1010B00004EB08016868AB6800EB03042000FDF74F
:1010C00071FDB6EB080841462800FFF785FF71E087
:1010D0005FEA480221006868AB6800EB43094846B4
:1010E000FDF760FD41462800FFF776FFB6EB0802EA
:1010F000520004EB48016868AB6800EB4304200031
:10110000FDF750FDB6EB080841462800FFF764FFE5
:1011100050E05FEA880221006868AB6800EB830951
:101120004846FDF73FFD41462800FFF755FFB6EB67
:101130000802920004EB88016868AB6800EB830446
:101140002000FDF72FFDB6EB080841462800FFF709
:1011500043FF2FE06878002803D002281DD00ED36B
:1011600028E0320021006868AB6800EB030420002F
:10117000FDF718FD31002800FFF72EFF1AE072007E
:1011800021006868AB6800EB43042000FDF70AFD0E
:1011900031002800FFF720FF0CE0B2002100686852
:1011A000AB6800EB83042000FDF7FCFC3100280055
:1011B000FFF712FF2869861B2E6100E005272878BB
:1011C00010F0FB0028703800C0B2BDE8F2832DE9B2
:1011D000F04705000E001F00002D01D0012000E0A7
:1011E00000201400DFF8C08140F25B124146C0B21B
:1011F000FFF721F8002C01D0012000E000204FF47F
:10120000AE724146C0B2FFF716F85FF0000800204A
:101210000020002E02D15FF003088BE0297811F046
:10122000030F03D020605FF006089CE02800FFF762
:10123000EDFE2168884209D220605FF0070800288F
:1012400004D1287810F0F70028708CE0287850F04E
:1012500008002870D5F81490E868B9EB00092068F8
:10126000814522D36878002803D0022813D008D300
:101270005CE022686868E96801443000FDF792FC90
:1012800054E0226852006868E96800EB41013000D0
:10129000FDF788FC4AE0226892006868E96800EB84
:1012A00081013000FDF77EFC40E06878002803D023
:1012B000022827D011D339E04A466868E96801441A
:1012C000B2465046FDF76EFC2268B2EB090269682F
:1012D0004E443000FDF766FC28E05FEA490268688A
:1012E000E96800EB4101B2465046FDF75BFC22681D
:1012F000B2EB09025200696806EB49063000FDF7BF
:1013000051FC13E05FEA89026868E96800EB81013B
:10131000B2465046FDF746FC2268B2EB0902920045
:10132000696806EB89063000FDF73CFC287810F070
:10133000F7002870FFB2002F15D128780B2802D1B2
:101340005FF002080FE0287850F002002870216852
:101350002800FFF74EFE2969206841182961287886
:1013600010F0FD0028704046C0B2BDE8F087F8B527
:1013700004000E0017001D00002C01D0012000E029
:1013800000204FF407720849C0B2FEF754FF002056
:1013900067600021217066700021A1600021E1607A
:1013A00025616561C0B2F2BD74A00C10010009B2E4
:1013B000002908D4012210F01F018A401B4900B205
:1013C000400941F820207047010009B2002908D4E3
:1013D000012210F01F018A40154900B2400941F86E
:1013E00020207047020012B2002A04D44901114A99
:1013F00000B2115407E049010F4A00B210F00F008B
:10140000104400F8041C7047002800D162B60B4855
:101410000168491C0160704772B6084908680028D5
:1014200002D00868401E08600868704700E100E0CC
:1014300080E200E000E400E018ED00E0541502282E
:1014400080B5FFF7E9FFFEF733FC01BD80B5C9B2F7
:1014500000B2FFF7C7FF01BD70B504000D00160014
:10146000200000F0A3F92900B4F9000000F0DDF934
:101470003100C9B2B4F90200FFF7E8FFB4F9020085
:10148000FFF7A2FFB4F90200FFF790FF70BD000064
:10149000002200F0E1B900002DE9F44FDFF8D82276
:1014A000DFF8D8321B68DFF8D8422468DFF8D4525E
:1014B0002D68DFF8D4623668DFF8D0723F68DFF855
:1014C000D0C2DCF800C0DFF8CCE2DEF800E0DFF8E4
:1014D000C882D8F80080DFF8C492D9F80090DFF80D
:1014E000C0A2DAF800A0002800F01581002900F061
:1014F00012810A68022A06D191F82620002A02D118
:101500005FF0000B03E0D1F804B0BBF1010B91F8E0
:101510002420002A01D0012200E0002262F31043BF
:1015200033F440436BF30303022262F31963036055
:101530000A7812F0030262F31964046491F825201A
:10154000002A01D0012200E0002262F38615CA7E43
:10155000002A01D0012200E0002262F38A254A7E9F
:10156000002A01D0012200E0002262F308258A7ED1
:10157000002A01D0012200E0002262F349258A6B93
:10158000521E12F00F0262F313450A69521E12F046
:101590000702ED08ED0015434A6962F304154A6934
:1015A000520862F3451585640A7B002A01D00122A6
:1015B00000E0002262F308260A7E002A01D0012200
:1015C00000E0002262F349268A68521E12F01F02D0
:1015D000760976011643C0F800630A7F02F0FF0225
:1015E0003F0A3F02174391F8202002F0FF0262F306
:1015F0001747C0F8107391F82720002A01D0012264
:1016000000E0002262F3082C0A69521E12F0070261
:101610005FEADC0C5FEACC0C52EA0C0C4A6962F31C
:10162000041C4A69520862F3451CC0F844C00A7B96
:10163000002A01D0012200E0002262F3082E8A680D
:10164000521E12F01F025FEA5E1E5FEA4E1E52EA51
:101650000E0E0A68012A01D1012200E0002262F385
:10166000104EC0F800E291F83C2002F0FF025FEA61
:1016700018285FEA082852EA0808C0F8048391F89D
:101680002820002A01D0012200E0002262F35969DB
:10169000CA6A012A01D1012200E0002262F318691E
:1016A0004A6B012A01D1012300E00023009A63F371
:1016B000104991F8303003F0FF035FEA19295FEA1F
:1016C000092953EA0909C0F8509091F8443003F011
:1016D000FF035FEA1A2A5FEA0A2A53EA0A0AC0F8F5
:1016E00004A28B6CC0F8883F096CC0F8C81F002AA0
:1016F00010D000205060002010600020906000207A
:10170000D060002010620020D06200201063DFF85B
:101710009400506300221000BDE8F28FDFF88810BB
:1017200001605FF4401101640021816440F20711FF
:10173000C0F800130022C0F804230022C0F81023D0
:1017400000224264C0F800120021C0F804120021F7
:1017500001650021C0F8C81E0021C0F8881E0021C4
:10176000C0F8C81F0021C0F8881F0021C0F8081F5A
:101770000021C0F8481F70470160AA00CCA80C10D7
:10178000D0A80C10D4A80C10D8A80C10DCA80C10F1
:10179000E0A80C10E4A80C10E8A80C10ECA80C10A1
:1017A000F0A80C10EFCDAB000F00000330B4002107
:1017B000234A1368234A1468002832D0224A156845
:1017C000C5F303250E2D0FD01268C2F303220D2A94
:1017D00028D1827812F00F022409240114430279DF
:1017E000002A15D0012214E0827812F00F021B09A2
:1017F0001B0113430279002A01D0012200E00022DC
:1018000062F3DF73114AB0F9000042F8203009E0BA
:10181000002262F3DF740E4AB0F9000042F8204063
:1018200000E00649080030BC70470A4B1A68002ADD
:1018300003D01A6800B242F8201070470100560029
:10184000F4A80C10F8A80C100000204000A02040C4
:1018500000C02040FC06022800B500BF13009646D9
:101860009446103928BFA0E80C50FAD85FEA417CB2
:1018700028BF0CC048BF40F8042BC90728BF20F878
:10188000022B48BF00F8012B00BD0000DFF8E01973
:10189000C0B20860704710B50100DFF8C4090078D5
:1018A00000280CD10820DFF8BC291060C9B2012043
:1018B00001F030F90820DFF8BC19086019E0DFF802
:1018C000A809082202601022DFF898391A60DFF8B0
:1018D0009C4904222260022202600800C0B2FFF785
:1018E000D5FF02202060082020601020DFF8841936
:1018F000086010BD10B50100DFF864090078002809
:1019000004D1C9B2012001F005F911E0DFF858094E
:1019100008220260DFF85449042222600222026099
:101920000800C0B2FFF7B2FF02202060082020604C
:1019300010BD70B50400DFF828090078002805D133
:10194000210089B2012001F03AF91BE0DFF81869A3
:1019500008203060DFF8145904202860022030602D
:10196000200080B2000AC0B2FFF790FF022028607A
:10197000022030602000C0B2FFF788FF02202860FC
:101980000820286070BDF8B504000D00DFF8D0080D
:101990000078002805D12A002100012001F064F917
:1019A00021E0DFF8C46808203060DFF8C078042048
:1019B000386012E002203060208880B2000AC0B295
:1019C000FFF764FF02203860022030602088C0B238
:1019D000FFF75CFF02203860A41C2800451E002889
:1019E000E8D108203860F1BD2DE9F0470600150068
:1019F0001F00DFF884883000B8F8002080B29042E1
:101A000001D2012000E000200C00DFF8709840F2C5
:101A100049124946C0B2FEF70EFCDFF864A8200068
:101A2000BAF8001080B2884201D2012000E0002004
:101A30004FF4A5724946C0B2FEF7FDFB2800B8F886
:101A4000001080B2884201D2012000E0002040F264
:101A50004B124946C0B2FEF7EEFB3800BAF8001050
:101A600080B2884201D2012000E000204FF4A6722B
:101A70004946C0B2FEF7DFFB2A20FFF70CFF30001B
:101A800080B2FFF756FF280080B2FFF752FF2B20ED
:101A9000FFF701FF200080B2FFF74BFF380080B254
:101AA000FFF747FF2C20FFF7F6FEBDE8F08700B5F3
:101AB00085B06846FEF7EDFB0120ADF80000DFF8C9
:101AC000B8070088ADF80200DFF8B4070088ADF869
:101AD0000400DFF8B4070078002803D002280FD0F4
:101AE00007D30DE006208DF8060008208DF80700CA
:101AF00006E008208DF8060010208DF80700FFE7AB
:101B00000FF2D55003900FF2110004906846FEF7D3
:101B1000D0FB05B000BD00002DE9F041DFF85857BB
:101B20002888400001F0AEFB040000200020DFF810
:101B300030673078002803D10820DFF82C170860C0
:101B4000DFF83C773888431E9BB22888421E92B249
:101B500000210020FFF748FF002007E0DFF82417EE
:101B60000988020092B224F81210401C01002A8851
:101B700089B29142F2D35FF0000805E02988200085
:101B8000FFF701FF18F101084046398880B288420A
:101B9000F4D33078002803D10820DFF8D01608608D
:101BA000200001F078FBBDE8F081DFF8E016087056
:101BB00008780028012803D9801E01280AD912E0DC
:101BC000F020DFF8B41608804FF4A070DFF8B016EC
:101BD000088008E04FF4A070DFF89C160880F02021
:101BE000DFF89C1608807047DFF89C160870704775
:101BF000DFF89C261080DFF88C0601807047F8B56E
:101C000006000C0015003000DFF86C16098880B261
:101C1000884201D2012000E00020DFF860764FF416
:101C200000723900C0B2FEF706FB2000DFF8501644
:101C3000098880B2884201D2012000E0002040F2F1
:101C400001223900C0B2FEF7F6FADFF814763878D0
:101C5000002803D10820DFF81016086023009BB28B
:101C6000320092B2210089B2300080B2FFF7BCFE90
:101C7000280080B2FFF75DFE3878002803D10820E5
:101C8000DFF8E8150860F1BD000000002DE9F0471D
:101C90002DED028B060015001F00DFF8DC853000FB
:101CA000B8F8002080B2904201D2012000E000206C
:101CB0000C00DFF8C89540F21E224946C0B2FEF77C
:101CC000BAFADFF8BCA52000BAF8001080B288424A
:101CD00001D2012000E0002040F21F224946C0B29C
:101CE000FEF7A9FA2800B8F8001080B2884201D2A5
:101CF000012000E000204FF408724946C0B2FEF710
:101D00009AFA3800BAF8001080B2884201D2012055
:101D100000E0002040F221224946C0B2FEF78BFAD3
:101D20003000290080B289B2884202D25FF00109F6
:101D300001E05FF0FF392000390080B289B28842AB
:101D400002D25FF0010A01E05FF0FF3A9FED5F0A07
:101D50009FED5E0ADDF828803000290080B289B24C
:101D6000884238D0210089B2380080B2091A00EECA
:101D7000101AB8EEC00A310089B2280080B2091AE0
:101D800000EE901AF8EEE00A80EE208A200080B281
:101D900000EE100AF8EE408A300080B200EE100A21
:101DA000B8EE400A40EE488A310089B2280080B27D
:101DB000091A00291ED4310089B2280080B2091AFC
:101DC0001DE0424692B2210089B2300080B2FFF796
:101DD00016FF1AEB04042000390080B289B2884251
:101DE000EFD1424692B2210089B2300080B2FFF7B3
:101DF00006FF66E0290089B2300080B2091A22008D
:101E000092B2380080B2121A002A05D4220092B28F
:101E1000380080B2121A04E03A0092B2200080B278
:101E2000121A91423FDA17E0424692B2210089B27B
:101E3000300080B2FFF7E3FE1AEB0404200080B20A
:101E400000EE100AB8EE400A30EE680A80EE080A8A
:101E5000BDEEC00A10EE106A2000390080B289B2CF
:101E60008842E1D1424692B2210089B2300080B26C
:101E7000FFF7C5FE25E0424692B2210089B230004C
:101E800080B2FFF7BCFE19EB0606300080B200EE10
:101E9000100AB8EE400AF0EE680A40EE080ABDEEFD
:101EA000E00A10EE104A3000290080B289B2884260
:101EB000E1D1424692B2210089B2300080B2FFF7F0
:101EC0009EFEBDEC028BBDE8F08700000000000024
:101ED000F8B5D8B005000E0014002800DFF89813FC
:101EE000098880B2884201D2012000E00020DFF89A
:101EF0008C7340F25D223900C0B2FEF79CF93000CD
:101F0000DFF87C13098880B2884201D2012000E00A
:101F1000002040F25E223900C0B2FEF78CF90020AA
:101F20000020DFF83C733878002803D10820DFF860
:101F300038130860DFF850030078002804D0022826
:101F400000F0C18047D3BEE0F31D9BB26A1D92B280
:101F5000310089B2280080B2FFF746FD002000E082
:101F6000401C0100C9B2062930DA0621DFF824231B
:101F70002300DBB24B431A440300DBB21A4412F8CD
:101F8000C02C00230CE040AD1E00F6B24E4356FAC2
:101F900080F6DFF8F0C2BCF800C025F816C011E0EA
:101FA0001D00EDB2082DDBDAD507ECD540AD1E00E3
:101FB000F6B24E4356FA80F6DFF8D4C2BCF800C041
:101FC00025F816C0D2B252085B1CE9E7302140A8C0
:101FD000FFF7D9FC77E016F10F039BB2EA1D92B22E
:101FE000310089B2280080B2FFF7FEFC002000E03B
:101FF000401C0100C9B2082960DADFF89C222100E8
:10200000C9B2090111440300DBB21944B1F50071F2
:1020100009782300DBB21B011A440300DBB21A4427
:10202000B2F5FC72127800231DE06D461E00F6B278
:10203000F60056FA80F6DFF84CC2BCF800C025F86E
:1020400016C00DE0CD07F0D56D461E00F6B2F600C5
:1020500056FA80F6DFF838C2BCF800C025F816C082
:10206000C9B249085B1C1D00EDB2082DEADB002156
:102070000DE06B460D00EDB2ED0055FA80F503EB77
:102080004503DFF800522D88A3F8805012E00B00C2
:10209000DBB2082BACDAD307EBD56B460D00EDB203
:1020A000ED0055FA80F503EB4503DFF8E4512D8888
:1020B000A3F88050D2B25208491CE8E78021684654
:1020C000FFF761FCFFE73878002802D10820674954
:1020D000086059B0F0BD0000F8B504000E0015000E
:1020E0002000DFF89411098880B2884201D20120D3
:1020F00000E00020DFF8847140F2BA223900C0B25B
:10210000FEF799F83000DFF87811098880B288422C
:1021100001D2012000E0002040F2BB223900C0B211
:10212000FEF789F800270EE00CE0380080B22A5C48
:10213000310089B2380080B2C00010FA84F080B259
:10214000FFF7C6FE7F1C380080B2285C002817D03D
:10215000DFF848010078002803D00228E4D0E4D357
:10216000F0E7380080B22A5C310089B23B009BB2B4
:102170000620434313FA84F080B2FFF7A9FEE1E79B
:10218000F1BD2DE9FE43070016001D0038003A4A54
:10219000128880B2904201D2012000E000200C00A1
:1021A000DFF8D8804FF436724146C0B2FEF743F8EC
:1021B0002000DFF83814098880B2884201D201205B
:1021C00000E0002040F2D9224146C0B2FEF733F8C9
:1021D0002800C0B2002801D0012000E0002040F219
:1021E000DA224146C0B2FEF726F82800C0B20B281A
:1021F00001DA012000E0002040F2DB224146C0B2BB
:10220000FEF719F85FF001080C210022E946484664
:10221000FEF7A4F82900C9B2491C2022E946484625
:10222000FEF79CF82800C0B20A280CDA03E00A2066
:1022300000FB08F86D1E2800C0B20028F7D196FBFD
:10224000F8F008FB10663100684601F027F86A468E
:10225000210089B2380080B2FFF73EFFBDE8F78366
:102260008F150228040B3140040631400806314026
:1022700080063140080B314038080228DCA00C10E1
:102280003A0802283E08022843080228901502282E
:102290003C080228F4930C106C780C1043080228B8
:1022A000FEB5C0B2002830D10020D1490870D54C0D
:1022B000B4202070D44D58202870D44E6320307044
:1022C0000820029004200190012000900123D04AB0
:1022D0000021012000F084FE032300220121B3200D
:1022E00001F064F8032300220121207801F05EF858
:1022F000032301220121307801F058F80323012241
:102300000121287801F052F85FE00120B8490870F7
:10231000BC48B3210170BC4C58212170BB4D6321D6
:102320002970032300220121007801F03FF80323E4
:1023300000220121207801F039F803230122012134
:10234000287801F033F8032300220121622001F0F4
:102350002DF8032300220121612001F027F8032337
:1023600001220121B42001F021F8032301220121DF
:10237000682001F01BF8032301220121692001F0EC
:1023800015F80323012201216A2001F00FF803232D
:10239000012201216B2001F009F803230122012110
:1023A0006C2001F003F80323012201216D2000F0CD
:1023B000FDFF0323012201216E2000F0F7FF03231C
:1023C000012201216F2000F0F1FF924C2078FFF7ED
:1023D000ECFB8A4801888A480088FFF709FC8E4D8B
:1023E00001268948017811F0070116FA01F10078F9
:1023F000C01015EBC0100160824F387810F0070054
:1024000016FA00F03978C910844A12EBC112106034
:10241000052001F0C3F8387810F0070086403878BE
:10242000C01015EBC0152E60782001F0B7F8704D84
:102430002878002802D108206E4908601120FFF793
:102440002AFA782001F0AAF83620FFF724FA20783B
:10245000002805D002280BD006D303280CD00EE0AC
:102460000020FFF747FA0AE0C020FFF743FA06E032
:102470007020FFF73FFA02E0A020FFF73BFA3A2076
:10248000FFF709FA0520FFF735FAB220FFF703FA44
:102490000C20FFF72FFA0C20FFF72CFA0020FFF793
:1024A00029FA3320FFF726FA3320FFF723FAB72063
:1024B000FFF7F1F93520FFF71DFABB20FFF7EBF925
:1024C0002920FFF717FAC220FFF7E5F90120FFF7EF
:1024D00011FAC320FFF7DFF91920FFF70BFAC42028
:1024E000FFF7D9F92020FFF705FAC520FFF7D3F948
:1024F0001A20FFF7FFF9C620FFF7CDF91F20FFF7DD
:10250000F9F9D020FFF7C7F9A420FFF7F3F9A120CC
:10251000FFF7F0F9E020FFF7BEF9D020FFF7EAF966
:102520000820FFF7E7F90E20FFF7E4F90920FFF78D
:10253000E1F90920FFF7DEF90520FFF7DBF931208B
:10254000FFF7D8F93320FFF7D5F94820FFF7D2F984
:102550001720FFF7CFF91420FFF7CCF91520FFF76C
:10256000C9F93120FFF7C6F93420FFF7C3F9E1209C
:10257000FFF791F9D020FFF7BDF90820FFF7BAF96E
:102580000E20FFF7B7F90920FFF7B4F90920FFF78C
:10259000B1F91520FFF7AEF93120FFF7ABF9332081
:1025A000FFF7A8F94820FFF7A5F91720FFF7A2F9D0
:1025B0001420FFF79FF91520FFF79CF93120FFF752
:1025C00099F93420FFF796F92120FFF764F92920C3
:1025D000FFF761F92878002802D108200649086031
:1025E000FFF79AFAFFF763FAF7BD00003A080228EE
:1025F0008F15022804063140080631403E080228A3
:102600003C080228440802284508022846080228F7
:1026100080C3C901901502280800314004003140F0
:10262000D0F80803C005C00D704710F541710A6865
:1026300052F480320A6010F541710A6832F4803237
:102640000A60D0F804037047C0F840127047D0F811
:102650000802C005C00D7047D0F80802C0F3C030B2
:10266000704738B505002800FFF7F1FF0400280087
:10267000FFF7F2FF0419002C01D1012000E0002037
:10268000C0B232BD0068C0F38130002801D1802083
:1026900000E040207047016851F000410160704740
:1026A0002030026861F39B620260704780B5FFF7DB
:1026B000B7FF02BD80B5FFF7B8FF01BD022801D307
:1026C000012010E00B00DBB2042B01DB01200AE04B
:1026D000DFF8103803EB8000C9B2405C824201D3BE
:1026E000012000E000207047F8B504000F0015003D
:1026F0001E00022C01D301202AE02A003900C9B2B1
:102700002000FFF7DBFF012801D1012020E006981F
:102710003900C9B202291ED1B6F5803F19D220284E
:1027200017D24FF4C052DFF8C01763030B4403EB1A
:10273000850313441F6866F317271F606403214451
:1027400001EB850111440A6860F3C7020A600020AA
:10275000F2BD0120FCE7FFB2032F1FD1B6F1807F4D
:102760001AD2202818D24FF4E052DFF87C17630306
:102770000B4403EB850313441F6807F0FF0757EA78
:1027800006271F606403214401EB850111440A6898
:1027900060F3C7020A60DAE70120D9E70120D7E732
:1027A00000B20012C0B27047F8B505000E00170065
:1027B000280000B2FFF7F4FF04002000C0B2022896
:1027C00001D3012024E03A003100C9B22000C0B298
:1027D000FFF774FF012801D1012019E0DFF8081785
:1027E0002000C0B2400308442A00D2B200EB8200AD
:1027F000D0F8000CF6B266F3092067F30700E4B2E4
:1028000064032144EDB201EB8501C1F8000C002006
:10281000F2BD70B504000D001600022C01D301209A
:102820001DE032002900C9B22000FFF747FF012850
:1028300001D1012013E0DFF8B0166003085850F012
:10284000004050F0407050F47F00EDB265F3092075
:1028500066F307006203885064030859002070BDC6
:102860000100C020C9B2002905D0022907D004D335
:10287000032906D006E0122004E0622002E07A205C
:1028800000E01A20C0B270470100C020C9B2002980
:1028900005D0022907D004D3032906D006E0112071
:1028A00004E0612002E0792000E01920C0B2704706
:1028B0000100C020C9B2002905D0022907D004D3E5
:1028C000032906D006E0102004E0602002E0782012
:1028D00000E01820C0B270470100C020C9B2002932
:1028E0000BD002290DD00AD304290ED00BD3062910
:1028F0000FD00CD307290ED00EE013200CE01420CB
:102900000AE0632008E0642006E07B2004E0292040
:1029100002E01B2000E01C20C0B270470100002034
:10292000C9B2002905D0022907D004D3032906D053
:1029300006E0132004E0132002E0132000E013203F
:10294000C0B2704701000020C9B2002905D0022999
:1029500007D004D3032906D006E0132004E0132097
:1029600002E0132000E01320C0B2704701000020F5
:10297000C9B2002905D0022907D004D3032906D003
:1029800006E0132004E0132002E0132000E01320EF
:10299000C0B2704701000020C9B200290BD0022943
:1029A0000DD00AD304290ED00BD306290FD00CD397
:1029B00007290ED00EE013200CE013200AE01320AC
:1029C00008E0132006E0132004E0132002E01320A7
:1029D00000E01320C0B27047C9B2082902D0102904
:1029E00046D096E0DFF8E8150200D2B251F8222076
:1029F000126832F440420300DBB251F823301A600F
:102A00000200D2B251F82220D2F80022520952011B
:102A10000300DBB251F82330C3F800220200D2B227
:102A200051F82220D2F8002252F007020300DBB254
:102A300051F82330C3F800220200D2B251F822200C
:102A4000D2F80023520952010300DBB251F82330BF
:102A5000C3F800230200D2B251F82220D2F800239A
:102A600052F00702C0B251F82000C0F8002350E035
:102A7000DFF85C150200D2B251F82220126832F45D
:102A800040420300DBB251F823301A600200D2B298
:102A900051F82220126852F480420300DBB251F850
:102AA00023301A600200D2B251F82220D2F800225C
:102AB000520952010300DBB251F82330C3F800225F
:102AC0000200D2B251F82220D2F8002252F00F02B6
:102AD0000300DBB251F82330C3F800220200D2B267
:102AE00051F82220D2F80023520952010300DBB230
:102AF00051F82330C3F800230200D2B251F822204B
:102B0000D2F8002352F00F02C0B251F82000C0F8F2
:102B100000237047F8B504000E0008212000C0B261
:102B2000FFF75AFFDFF8AC542000C0B2285C082839
:102B30000FD02000C0B2285CC010DFF89C1411EB4D
:102B4000C01101202200D2B2AA5C12F0070290400C
:102B50000860DFF87C74F6B231002000C0B257F88C
:102B60002000FFF771FD2000C0B257F82000FFF7EA
:102B700089FD06002000C0B257F82000FFF767FD6E
:102B80008642F0D02000C0B257F82000FFF769FD60
:102B90000028F7D02000C0B2285C08280ED0200002
:102BA000C0B2285CC010DFF8341411EBC011012052
:102BB000E4B22A5D12F0070290400860F1BDF8B55A
:102BC00004000E0010212000C0B2FFF705FFDFF85F
:102BD00004542000C0B2285C08280FD02000C0B2E6
:102BE000285CC010DFF8F01311EBC01101202200A7
:102BF000D2B2AA5C12F0070290400860DFF8D073EE
:102C0000B6B231002000C0B257F82000FFF71CFD1B
:102C10002000C0B257F82000FFF734FD0600200066
:102C2000C0B257F82000FFF712FD8642F0D0200016
:102C3000C0B257F82000FFF714FD0028F7D020009D
:102C4000C0B2285C08280ED02000C0B2285CC0109A
:102C5000DFF8881311EBC0110120E4B22A5D12F0F5
:102C6000070290400860F1BD2DE9F84307000D0010
:102C7000140010213800C0B2FFF7AEFEDFF8546335
:102C80003800C0B2305C08280FD03800C0B2305CC9
:102C9000C010DFF8441311EBC01101203A00D2B28A
:102CA000B25C12F0070290400860DFF824832988A4
:102CB0003800C0B258F82000FFF7C6FCAD1C380041
:102CC000C0B258F82000FFF7DDFC81463800C0B2E2
:102CD00058F82000FFF7BBFC8145F0D0641E002CA3
:102CE000E3D13800C0B258F82000FFF7BAFC002842
:102CF000F7D03800C0B2305C08280ED03800C0B21F
:102D0000305CC010DFF8D41211EBC0110120FFB20B
:102D1000F25D12F0070290400860BDE8F1832DE9F2
:102D2000F04104000F00160008212000C0B2FFF798
:102D300053FEDFF8A0522000C0B2285C08280FD054
:102D40002000C0B2285CC010DFF88C1211EBC0115B
:102D500001202200D2B2AA5C12F007029040086063
:102D6000DFF86C82FFB239002000C0B258F82000B2
:102D7000FFF76AFC2000C0B258F82000FFF782FC81
:102D800007002000C0B258F82000FFF760FC87421F
:102D9000F0D0F6B231002000C0B258F82000FFF7A2
:102DA00053FC2000C0B258F82000FFF76BFC06006F
:102DB0002000C0B258F82000FFF749FC8642F0D04E
:102DC0002000C0B258F82000FFF74BFC0028F7D0D5
:102DD0002000C0B2285C08280ED02000C0B2285CB9
:102DE000C010DFF8F81111EBC0110120E4B22A5D28
:102DF00012F0070290400860BDE8F0812DE9F84329
:102E00000600894615001C0008213000C0B2FFF7FB
:102E1000E3FDDFF8C0713000C0B2385C08280FD085
:102E20003000C0B2385CC010DFF8AC1111EBC0113B
:102E300001203200D2B2BA5C12F007029040086062
:102E4000DFF88C815FFA89F949463000C0B258F842
:102E50002000FFF7F9FB3000C0B258F82000FFF760
:102E600011FC81463000C0B258F82000FFF7EFFB9C
:102E70008145F0D029783000C0B258F82000FFF723
:102E8000E3FB6D1C3000C0B258F82000FFF7FAFBDE
:102E900081463000C0B258F82000FFF7D8FB8145CA
:102EA000F0D0641E002CE5D13000C0B258F82000EC
:102EB000FFF7D7FB0028F7D03000C0B2385C0828F5
:102EC0000ED03000C0B2385CC010DFF8101111EB2A
:102ED000C0110120F6B2BA5D12F0070290400860FE
:102EE000BDE8F18304A80C10000004402DE9F8436C
:102EF00080460D0016001C0008214046C0B2FFF7B6
:102F00006BFD344F4046C0B2385C08280ED04046B6
:102F1000C0B2385CC010304911EBC01101204246EC
:102F2000D2B2BA5C12F0070290400860DFF8A090BD
:102F3000EDB229004046C0B259F82000FFF784FBEB
:102F40004046C0B259F82000FFF7B0FB0028F7D088
:102F50004046C0B259F82000FFF7ACFB00214046C4
:102F6000C0B259F82000FFF76FFB4046C0B259F8D5
:102F70002000FFF776FB0028F7D04046C0B259F892
:102F80002000FFF793FB0028F7D04046C0B259F865
:102F90002000D0F840033070761C641E002CDDD178
:102FA0004046C0B2385C08280FD04046C0B2385CFA
:102FB000C0100A4911EBC01101205FFA88F817F818
:102FC000082012F0070290400860BDE8F18300007D
:102FD0000008022860150228040031400800314032
:102FE0002DE9F04F9DB004000D001E00920000235B
:102FF000A1480021FBF75CFF0700342100220DF1FE
:1030000004084046FDF7AAF93C2100220DF13808DA
:103010004046FDF7A3F920003100C0B2C9B2884292
:1030200001D1012000E00020DDF89890DFF84CA2EB
:103030004FF464725146C0B2FDF7FDF830004946C6
:10304000C0B2C9B2884201D1012000E00020DDF801
:103050009C8040F291325146C0B2FDF7ECF8062058
:1030600002904846C0B2FFF76DFC8DF80C00484650
:10307000C0B2FFF709FC82465FF0080B4846C0B2B9
:10308000FFF702FCDFF8F89101AA9AFBFBF10BFBBA
:1030900011AA5146C0B2C010C0014844FDF71DFA44
:1030A000062002903000C0B2FFF738FC8DF80C000B
:1030B0003000C0B2FFF7D4FB82465FF0080B30004F
:1030C000C0B2FFF7CDFB01AA9AFBFBF10BFB11AAE3
:1030D0005146C0B2C010C0014844FDF7FEF9404659
:1030E000C0B204281ED0082002904046C0B2FFF7AC
:1030F0003DFC8DF80C004046C0B2FFF7D9FB06003E
:103100005FF0080A4046C0B2FFF7D2FB01AA96FB67
:10311000FAF10AFB11663100C0B2C010C001484488
:10312000FDF7DBF9289E3000C0B208281ED006202B
:1031300002903000C0B2FFF72DFC8DF80C0030007B
:10314000C0B2FFF7C9FB80465FF0080A3000C0B28A
:10315000FFF7C2FB01AA98FBFAF10AFB118841466E
:10316000C0B2C010C0014844FDF7B7F92000C0B29A
:10317000032803D22000C0B2401C00E0002022003F
:10318000D2B2521D032110F58F7000B2FFF70CFB75
:103190002000C0B2032803D22000C0B2401C00E0CF
:1031A000002010F58F7000B2FFF7FAFA17F01F0138
:1031B0000091C7F357132200D2B2521D0321C0B2AF
:1031C000FFF792FA2000C0B2032803D22000C0B259
:1031D000401C00E0002010F58F7000B2FFF7E0FA0D
:1031E0002200D2B2521D0321C0B2FFF712FBEDB292
:1031F000002D05D0022D09D005D3032D09D00AE0FA
:103200000020109007E00120109004E002201090B0
:1032100001E00320109001200E9000200F90042068
:103220001190082012900820139001208DF8500072
:1032300001208DF853000F4D00220EA92000C0B2CE
:1032400055F8200000F03AFA00212000C0B255F8ED
:103250002000FFF725FA2000C0B255F82000FFF744
:103260001AFA0348E4B206551DB0BDE8F08F00001D
:1032700060150228000802280080969874A20C109D
:103280000000314010B500F011FB040008BFFBF74F
:1032900027FF204610BD00F0A7BB000038B584B062
:1032A00005000C00002D01D0012000E000209F222D
:1032B000DFF87010C0B2FCF7BEFF00200021002D27
:1032C0002DD0002C04D52D2129706D1C644206E000
:1032D000002C04D13020287021E049420AE0002C63
:1032E00019D00A2194FBF1F201FB12410200501C9B
:1032F0000029F2D46B46D2B299540A2194FBF1F41E
:10330000EDE769460200D2B2114411F8011C3031D8
:1033100029706D1C401E0100C9B20029F1D105B011
:1033200030BD00009C9F0C100069C84010F00100E7
:103330007047012212FA01F181607047012212FAEE
:1033400001F14160704780B5C9B200290ED001007B
:10335000C9B2082291FBF2F302FB1311354AC0B245
:10336000C010C0011044FFF7E4FF0DE00100C9B236
:10337000082291FBF2F302FB13112E4AC0B2C010D7
:10338000C0011044FFF7DAFF01BD80B50100C9B2EA
:10339000082291FBF2F302FB1311264AC0B2C010BF
:1033A000C0011044FFF7C0FFC0B202BD2DE9F841D3
:1033B0008DB004000E0015001F0034210022E846E5
:1033C0004046FCF7CBFFF6B2002E0ED1FFB2002F25
:1033D00002D0022F03D005E00F2001900DE008205D
:1033E00001900AE00820019007E0FFB2042F02D10B
:1033F0000F20019001E00E2001902000C0B2C028F3
:103400000FD02100C9B208206A4691FBF0F300FBFF
:10341000131108482300DBB2DB10DB011844FDF771
:103420005CF82900C9B22000C0B2FFF78CFF0EB0D3
:10343000BDE8F08100003140022801D301200FE0F7
:103440000B00DBB2042B01DB012009E0954B03EB01
:103450008000C9B2405C824201D3012000E000201C
:103460007047F8B506000F0015001C00022E01D3AE
:1034700001201CE02A003900C9B23000FFF7DCFF50
:10348000012801D1012012E03800C0B2002811D17A
:10349000B4F5807F0CD284487603304400EB85007D
:1034A00010F58050016864F30F2101600020F2BD27
:1034B0000120FCE7FFB2012F10D1B4F5803F0BD201
:1034C00079487603304400EB850010F5A050016880
:1034D00064F317210160E9E70120E8E70120E6E74E
:1034E00000B20012C0B27047F8B505000E00170018
:1034F000280000B2FFF7F4FF04002000C0B2022849
:1035000001D3012023E03A003100C9B22000C0B24B
:10351000FFF792FF012801D1012018E06249200045
:10352000C0B2400308442A00D2B200EB8200D0F8B7
:10353000000CF6B266F3092067F30700E4B26403F7
:103540002144EDB201EB8501C1F8000C0020F2BD71
:1035500070B504000D001600022C01D301201CE000
:1035600032002900C9B22000FFF766FF012801D10F
:10357000012012E04C496003085850F0004050F020
:10358000407050F47F00EDB265F3092066F3070048
:103590006203885064030859002070BDF8B5040028
:1035A0004FF4FA504443414D414E00212878C00168
:1035B000304400F0E0FA14E02878C001304400F014
:1035C000DCFAB842F8D33B4F3C192878C0013044AC
:1035D00000F0D3FA3F1839002878C001304400F0D9
:1035E000CAFA4CF25137BC42E6D22878C0013044C6
:1035F00000F0C3FA8442F8D2F1BD38B594B050213E
:1036000000226C462000FCF7A9FE2B4C0022012171
:10361000B4F90000FFF768FFB4F90000FFF760FF9E
:10362000092300220121C0B2FFF71BFFB4F90000FB
:10363000FFF756FF00220121C0B2FFF789FF5FF0BC
:10364000FF30009000208DF8040000208DF8050068
:1036500000208DF8060000208DF8080003208DF86A
:1036600044000120129001208DF807000F4C104DEE
:1036700069462078C001284400F0B8F92078C001DC
:10368000284400F073FA00212078C001284400F09B
:1036900072FA2078C0012844FDF763F815B030BDF8
:1036A0000000000004A80C10000004404708022895
:1036B00000005940B03CFFFF400802282DE9F041CE
:1036C000DFF8D0311C00DFF8D051D5F800C0DFF8AA
:1036D000CC512D68DFF8C8613668DFF8C8713F68E3
:1036E0005FF0000E5FF0000E002800F0D08000298F
:1036F00000F0CD804C68002C01D18C6805E04C684E
:10370000022C01D1002400E00224D1F810E0D1F80D
:103710001480C64502D3D1F810E001E0D1F814E0DE
:10372000BEF1090F08D23CF4404C91F82130002B37
:1037300012D05CF4807C11E0BEF1110F03D20123A2
:1037400063F38F3CF1E7BEF1210F03D2022363F351
:103750008F3CEAE718009BE03CF4807CCB685B1E62
:1037600013F00F035FEA1C1C5FEA0C1C53EA0C0CFD
:10377000012363F3196CC0F800C00B7F002B01D04C
:10378000002300E0012363F300054B681B0963F38A
:103790004105CB7E63F304154B7E63F345150B683F
:1037A000012B01D1012300E0002363F3DF75230027
:1037B0005B0863F3820564F3C3054B7F63F308255D
:1037C0008B7F63F34925CB7F63F38A2591F8203003
:1037D00063F3CB250B7913F0030363F319650562DB
:1037E0000B7E63F308278B7E63F349270B695B1E0F
:1037F00013F01F037F097F011F43C0F8007391F886
:10380000243003F0FF0310F5417425682D0A2D02C2
:103810002B4323600B7E63F308264B695B1E13F07A
:103820001F03760976011E43C0F8006291F82C3020
:1038300003F0FF0310F5017425682D0A2D022B43B8
:1038400023600B6BC0F8883F8B6AC0F8C83F91F8C3
:10385000383010F57064256863F34925256091F8C8
:10386000391010F574631C6861F3CB241C600021CF
:10387000C0F8C81E002A09D0002010600020906106
:103880000020D0600020D061074810620024200092
:10389000BDE8F0810140AA00BCA80C10C0A80C1023
:1038A000C4A80C10C8A80C10EFCDAB0010B504468E
:1038B000AFF30080204600F005F80446AFF3008027
:1038C000204610BDF8B500F10F04E408E400A04262
:1038D0002BD2082C04D2082402E0083000F047F86C
:1038E000DFF800211368190005D1002007E0056802
:1038F000A5420DD2011D08680028F8D11868111DD5
:1039000000E0191D0B6883420BD01D68A542F8D357
:1039100059B10B6818680838A04208D25868086086
:103920000FE000F03BF90028D7D10020F2BD1819B4
:1039300008601D1D586828511E680F68361B3E60C0
:103940001C60096800291DBF48680028081D002068
:10395000106003F10800F2BD10B5040006D0AFF30B
:103960000080204600F003F8AFF3008010BD00286F
:1039700000D1704770B4A0F108021368072B2ED94C
:1039800013F0070F2BD1DFF85C40616809B18A4260
:1039900003D25160626015E00146486808B1904268
:1039A000FAD308680E18B24219D3964203D11B18F5
:1039B0000B600A4606E0486810B1134498420ED3E3
:1039C00050604A60506850B11368D518854206D1DE
:1039D000002626600168CB1813604068506070BCF8
:1039E0007047000000150228FFF7B6BF10B401228F
:1039F00091F84C30052B03D291F84D30052B01D3B3
:103A00001000A7E0002800F0A480002900F0A180A9
:103A1000514A12684B7963F392428B7913F0030396
:103A200063F311420B7A13F0070363F31A62CB7945
:103A300063F39E720B7D63F3000291F8243063F30D
:103A4000410202600A7910F130031C6862F3070436
:103A50001C604A79012A0BD18A79002A02D10022FE
:103A6000826007E08A79012A04D10A68826001E055
:103A700001228260CA6802610A694261CA69826180
:103A80000A6AC2610A680262344A12680B7E03F055
:103A9000FF03120A12021A4391F8303003F0FF03B9
:103AA00063F3174291F8403003F0FF0363F31F62A2
:103AB00091F8483003F0FF0363F30F224264284A71
:103AC000126891F8383003F0FF03120A12021A4309
:103AD00091F8283003F0FF0363F30F228264214A38
:103AE00012688B7D13F00303920892001A4391F839
:103AF000253013F0030363F38B2291F82C3013F07D
:103B0000030363F3051291F8343013F0030363F3F6
:103B1000092291F83C3013F0030363F3871291F804
:103B2000443013F0030363F38302C2640E4A126845
:103B300091F84C3013F00703D208D2001A4391F8E1
:103B40004D3013F0070363F306124265497D816728
:103B50000022100010BC7047FCA80C1000A90C102B
:103B600004A90C1008A90C100CA90C10016851F044
:103B7000004101607047816070478068704778300D
:103B8000016851F001010160704710F170010A688D
:103B900052F001020A60006F704700000749086890
:103BA00008B1002070470648C008C00008600549F9
:103BB000C908C900091A0160704700BF64150228CE
:103BC00007DC072800E0072810B52DED068BDFF88D
:103BD0004C4A01230422DFF8481A200000F0AEFD11
:103BE00004230422DFF83C1ADFF83C0A00F0A6FDAB
:103BF00003230322DFF8341ADFF8340A00F09EFDB5
:103C000004230422DFF82C1ADFF82C0A00F096FDBA
:103C100001F0A1F8DFF8240AB0F9000000EE100A64
:103C2000B8EEC08ADFF8180AB0F9000000EE100AFA
:103C3000F8EEC08ADFF8280AB0F9000000EE100A9A
:103C4000B8EEC09A28EE080A08EEA80A09EE090A9A
:103C500001F006FAF0EE400A28EE200A68EEA08A8B
:103C600029EE208A01F042FAB0EE409AF0EE480ABE
:103C7000B0EE680A01F068FAB0EE408AF6EE009AFB
:103C800028EE290A01F07CFBF0EE408A28EE290A92
:103C900001F078FBB0EE408A29EE290A01F070FBB2
:103CA000B0EE40AA29EE290A01F06CFB68EE8A0A00
:103CB000C4ED020A68EE800AC4ED060A68EE0A0A3C
:103CC000C4ED0A0A28EE000A84ED0E0A200000F076
:103CD0006FFFBDEC068B10BD10B52DED088BDFED31
:103CE000A30AB0EE600ADFF8340990ED028AD0ED45
:103CF000068A90ED0A9AD0ED0E9ADFF84809DFF8AF
:103D0000501991ED031AD0ED001A81EE211A21EE1F
:103D1000201AD1ED041A90ED002AC1EE821A61EE4C
:103D2000A01A91ED052AD0ED002A82EE222A62EE39
:103D3000200ADFF81409B0EE00AA20EE0A2A22EECB
:103D4000082A22EE092A60EE0A2A62EEA82A02EE6A
:103D5000E92A32EE011A80ED001A20EE0A1A21EE4D
:103D6000081A21EE281A20EE0A2A22EE092A02EE6B
:103D7000291A31EEC11A80ED011A20EE081A21EE3F
:103D8000081A60EE281A01EEE81A60EE091A01EE30
:103D9000C91A20EE290A00EE291A30EEC10A80ED78
:103DA000020ADFF8A848DFED72AAB8EE00BA28EEE2
:103DB0008B0A20EE290A68EE0A0A00EE890A01F051
:103DC00095F920EE2A0A84ED010A28EE8B0A20EEEE
:103DD000280A69EE0A0A00EEC90AF7EE000A70EE38
:103DE000200A29EE0A0A20EE290A28EE0A1A01EE14
:103DF000280A01F0A9F920EE2A0A84ED000A29EE2A
:103E00000B0A20EE090A69EE8A0A00EEE90AF7EECB
:103E1000000A70EE200A28EE8A0A20EE090A28EE2F
:103E20000A1A01EE290A01F08FF920EE2A0A84ED20
:103E3000020ABDEC088B10BD10B500F0ABFF00F01E
:103E40008AFFDFF80C089FED4B0ADFF80818DFF84F
:103E5000EC27B2F9002000EE902AF8EEE00AB1F962
:103E6000002001EE102AB8EEC11A41EE000AC0EDA2
:103E7000030ADFF8E427DFF8C837B3F9003000EEB3
:103E8000903AF8EEE00AB2F9003001EE103AB8EEDE
:103E9000C11A41EE000AC0ED040ADFF8C037DFF8AE
:103EA000C047B4F9004000EE904AF8EEE00AB3F9DA
:103EB000004001EE104AB8EEC11A41EE000AC0ED12
:103EC000050A90ED030ABDEEC00A10EE104A0C8000
:103ED00090ED040ABDEEC00A10EE101A118090EDAC
:103EE000050ABDEEC00A10EE101A19809FED220AD5
:103EF000DFF87017B1F9001000EE901AF8EEE00A42
:103F000060EE800A9FED1D1AC0EE810A9FED1C1A1B
:103F1000C0EE810AC0ED000ADFF84C17B1F90010BD
:103F200000EE901AF8EEE00A60EE800A9FED131A98
:103F3000C0EE810A9FED121AC0EE810AC0ED010A9F
:103F4000DFF82817B1F9001000EE901AF8EEE00A39
:103F500020EE800ADFED090A80EE200ADFED080A74
:103F600080EE200A80ED020A10BD0000CDCC1C417D
:103F7000E12E654200000000DB0F494000003443A1
:103F80006F12834170B52DED048BADF58C6DFFF78D
:103F900053FFDFF8BC4694ED008AD4ED018A94ED1E
:103FA000029A012203210DF5836000F089FBE0688D
:103FB000CDF820042069CDF830046069CDF84004C4
:103FC0000DF5836000F0F4FDF6A8DFF8A41640229A
:103FD000FAF7F8FDDFF89C06BEEE000AF6A968EED7
:103FE000000A90ED001A60EE810AC1ED010A68EE48
:103FF000800A90ED001A60EE810AC1ED020A69EEB6
:10400000000A90ED001A60EE810AC1ED030AF6EE97
:10401000000A28EE201AD0ED001A21EE211A81EDB7
:10402000041A29EE201AD0ED001A21EE211A81ED92
:10403000061A28EE801AD0ED001A21EE211A81ED21
:10404000071A28EEA01AD0ED001A21EE211A81EDF0
:10405000081A29EE001AD0ED001A21EE211A81ED7E
:10406000091A28EE201AD0ED001A21EE211A81ED4E
:104070000B1A29EE201AD0ED001A21EE211A4DF864
:1040800004CD0DF5806C8CED031A5DF804CB68EE61
:10409000A00A90ED001A60EE810A4DF804CD0DF5EE
:1040A000806CCCED040A5DF804CB28EE000AD0ED5C
:1040B000000A20EE200A81ED0E0A04230422F6A94C
:1040C000E4A800F03BFBE4A9684600F060FBD2A83E
:1040D00069464822FAF776FDDFF840452200E4A958
:1040E000684600F07BFB200069464822FAF76AFD2B
:1040F000200000F05DFD94ED020AD4ED060A94ED77
:104100000A1AD4ED0E1AB8EE002A61EE022ACDED9D
:10411000C62AF0EE002AC6A821EEA23A80ED013AA6
:1041200020EE023A80ED023A20EEA23A80ED033A08
:1041300020EEA23A80ED043A20EE223A80ED053AD4
:1041400021EEA23A80ED063A21EE223A80ED073ABE
:1041500020EE220A80ED080A20EE820A80ED090A8C
:1041600021EE020A80ED0A0A21EEA20A80ED0B0A76
:1041700004230322C6A9B4A800F0E0FAB4A9684653
:1041800000F005FBA2A869464822FAF71BFDDFF8FC
:10419000A8542A00E4A9684600F020FB90A86946CC
:1041A0004822FAF70FFDD2AA90A9684600F016FB44
:1041B00090A869464822FAF705FDDFF86C2490A91B
:1041C000684600F058FB280069464822FAF7FAFCD6
:1041D0002A00B4A9684600F001FB7EA8694648227F
:1041E000FAF7F0FCA2AA7EA9684600F0F7FA7EA8CA
:1041F00069464822FAF7E6FCDFF834247EA96846CF
:1042000000F039FB7EA869464822FAF7DBFC6CA96E
:104210007EA800F0B7FB002802D0FFF75DFD90E01C
:104220002200B4A9684600F0D9FA5AA86946482283
:10423000FAF7C8FC5AAA0DF58361684600F05EFBE8
:104240005AA869464822FAF7BDFC5AA9684600F008
:104250009EFA48A869464822FAF7B4FC6CAA48A915
:10426000684600F0BBFADFF8106430006946482267
:10427000FAF7A8FC5AAA3100684600F0AFFA3000FD
:1042800069464822FAF79EFCDFF8280490ED000A00
:10429000D6ED020AB4EE600AF1EE10FA02D5FFF78D
:1042A0001BFD4EE0A2AA2900684600F097FA36A846
:1042B00069464822FAF786FC6CAA36A9684600F0DF
:1042C0008DFA36A869464822FAF77CFC5AAA36A924
:1042D000684600F083FA24A869464822FAF772FC7F
:1042E00024AA2100684600F0C6FA20006946482248
:1042F000FAF768FC200000F05BFC042112A800F033
:10430000F9F9B4AA36A9684600F068FA24A8694603
:104310004822FAF757FC24AA12A9684600F0EEFAE0
:1043200024A869464822FAF74DFC2A0024A96846C9
:1043300000F054FA280069464822FAF743FCFFF7D8
:10434000CBFC0DF58C6DBDEC048B70BD2DE9F041FF
:104350008CB005000E00140006A81821FDF798F88F
:1043600068461821FDF794F8002064E0C34A0C2346
:10437000C34FEC460DF1180E03FB01F8B844D8ED1D
:10438000000A60EE800A03FB01F8B84498ED011AB8
:104390000EEBC108D8ED001A41EE210A03FB01F82B
:1043A000474497ED021A06AF07EBC107D7ED011A94
:1043B00041EE210A03FB01F7174497ED011A0CEBBC
:1043C000C107D7ED001A03FB01F7174497ED002A48
:1043D00001EE212A03FB01F31A4492ED021A6A4608
:1043E00002EBC102D2ED011A01EE212AC0EE820ACF
:1043F00006AA02EBC1025EF8313053600EEBC10237
:1044000082ED000A6A4602EBC1025CF8313053606B
:104410000CEBC102C2ED000AA74A02EB810292ED49
:10442000000A20EE800A491C03299FDB06EB80016D
:1044300081ED000A401CA04205DA05EB800191EDF8
:10444000000A0021F0E70CB0BDE8F08138B57F48E4
:1044500090ED010ADFED8B0A80EE200A00F090FF5C
:104460007948D0ED000A20EE200AB7EEC00A9FED91
:10447000862B30EE020BB1EE400BB7EEC00B8DED8C
:10448000000A834C012221006846FFF75FFF206885
:10449000009080498048814A92ED000AD0ED000AE0
:1044A00091ED001A00EE201A81ED001A9DED000A30
:1044B000D0ED000A92ED001A00EE201A82ED001AEB
:1044C000774B784C90ED000AD4ED020A94ED001A77
:1044D00000EE201A90ED000AD4ED030AD4ED011A83
:1044E00040EE201A90ED000A01EE801A93ED000ACA
:1044F00031EE000A84ED000A90ED000AD4ED030AC3
:1045000094ED011A00EE201A93ED010A31EE000A33
:1045100084ED010A90ED000AD4ED030A94ED021A2D
:1045200000EE201A93ED020A31EE000A84ED020A31
:1045300094ED030AD3ED030A30EE200A84ED030A5A
:10454000594B5A4894ED030AD0ED000A30EE200A88
:10455000D4ED010A80EE800A83ED000A94ED030A8F
:10456000D0ED000A30EE200AD4ED030A80EE800A76
:1045700083ED010A4E48B0F91050B0F912002D1A1F
:1045800000EE105AB8EEC00ADFED4C0A20EE200A09
:10459000D2ED000A70EE600A93ED001AD1ED001A18
:1045A00040EE811AC1ED001AD2ED000A30EE600A29
:1045B000D3ED010A92ED001A00EE201A82ED001AE6
:1045C00093ED000AD4ED020A94ED001A00EE601A91
:1045D00084ED001A93ED000AD4ED030A94ED011A5C
:1045E00000EE601A84ED011A93ED010AFFEE000A55
:1045F00030EE200AD4ED020A20EE600A84ED020AB1
:1046000093ED010AFFEE000A30EE200AD4ED030A12
:1046100020EE600A84ED030A31BD000098110228E3
:10462000F4A60C10D0A30C102812022820A50C1000
:104630007012022810A40C10B8120228801502284B
:1046400082150228A807022804070228EC14022871
:1046500054140228701502287215022874150228B5
:10466000841502287A1502287C1502287E15022856
:1046700050A40C108C070228E011022858070228C9
:1046800034070228E12E65422B8716D9CEF793BF57
:104690002815022824150228900702282015022830
:1046A0002007022810070228F814022830070228E1
:1046B000B4140228000702287C0702288B7B0D3BDC
:1046C00070B504000D001600012D03DB012E01DB87
:1046D000012000E000200F22DFF8A415C0B2FBF794
:1046E000AAFD256066604021002208342000FBF707
:1046F00035FE70BD70B505000C00012C01DB0120FA
:1047000000E000202122DFF87815C0B2FBF793FD0E
:104710002C606C604021002215F108063000FBF788
:104720001DFE002007E00101294401EB80015FF03C
:104730007E528A60401CA042F5DB70BDF8B50500D2
:104740000C0016001F00002C01D0012000E000200A
:104750003922DFF82C15C0B2FBF76DFD3A003100AD
:104760002800FFF7ADFF00200CE002012A4402EB15
:10477000810207FB001354F823309360491CB942AF
:10478000F3DB401CB04201DA0021F8E7F1BD38B597
:1047900092B004000D002A6869686846FFF790FF30
:1047A00000200FE06A460B011A4402EB800203016D
:1047B0002B4403EB81039B689360491C6A68914218
:1047C000F0DB401C2968884201DA0021F6E720006E
:1047D00069464822FAF7F6F913B030BDF8B592B041
:1047E00004000D00160068683168884201D101207C
:1047F00000E000206922DFF88814C0B2FBF71BFD3F
:10480000726829686846FFF75BFF002000E0401CE3
:104810002968884228DA002121E06B4607013B44E1
:1048200003EB810307012F4407EB820797ED020A90
:104830001701374407EB8107D7ED020A6F465FEA9D
:10484000001C674407EB810797ED021A00EE201A5F
:1048500083ED021A521C6B689A42DEDB491C7268B7
:104860009142D4DA0022F6E7200069464822FAF79E
:10487000A9F913B0F0BD70B592B004000D00160098
:1048800028683168884205D168687168884201D11A
:10489000012000E000208B22DFF8E413C0B2FBF718
:1048A000CAFC6A6829686846FFF70AFF002019E019
:1048B0006A4603011A4402EB810203012B4403EB15
:1048C000810393ED020A0301334403EB8103D3ED2B
:1048D000020A30EE200A82ED020A491C6A689142FF
:1048E000E6DB401C2968884201DA0021F6E7200057
:1048F00069464822FAF766F912B070BD70B592B0F9
:1049000004000D00160028683168884205D16868E7
:104910007168884201D1012000E00020A922DFF85F
:104920006013C0B2FBF787FC6A6829686846FFF726
:10493000C7FE002019E06A4603011A4402EB810217
:1049400003012B4403EB810393ED020A030133447B
:1049500003EB8103D3ED020A30EE600A82ED020A16
:10496000491C6A689142E6DB401C2968884201DAEA
:104970000021F6E7200069464822FAF723F912B031
:1049800070BD0000F8B52DED028BA0B005002868C1
:104990006A68904201D1012000E000200C00C7228B
:1049A000B749C0B2FBF747FC9FEDB28A6A68296835
:1049B0002000FFF785FE2868002100E0491C8142A5
:1049C00020DA002202E09FEDAC0A0FE08242F5DA25
:1049D0006B464E0133440E012E4406EB8206B66848
:1049E00043F822609142EED19FEDA40A6B464E013E
:1049F0003344861803EB8603B8EEC00A83ED000A41
:104A0000521CE3E7002100E0491C814280F29F80B4
:104A10000A004B1C1CE06D465601354405EB810530
:104A200095ED000AB7EEC00AB0EEC00B6D465E0110
:104A3000354405EB810595ED001AB7EEC11AB0EECD
:104A4000C11BB4EE410BF1EE10FA00D51A005B1C4D
:104A50008342E0DBB7EEC80A6B4655012B4403EBFB
:104A6000810393ED001AB7EEC11AB0EEC11BB4EE8C
:104A7000401BF1EE10FA03D48A421FD000231AE043
:104A800001207AE06D464E01354405EB830595ED36
:104A9000000A6D464E0135446E4657013E4456F8B5
:104AA000236045F823606D465601354405EB8305C8
:104AB00085ED000A5B1CB3EB400FE3DB6A464B015C
:104AC0001A4402EB810292ED000A002210E06B46CC
:104AD0004D012B4403EB82036D464E01354405EB3B
:104AE0008205D5ED000AC0EE800AC3ED000A521C13
:104AF000B2EB400FEBDB00221BE06D465601354464
:104B000005EB83056E464F013E4406EB8306D6ED6A
:104B1000000A6E4657013E4406EB830696ED001AE6
:104B200000EE601A85ED001A5B1CB3EB400FE4DB6E
:104B3000521C8242BFF668AF8A42F9D06B465501DB
:104B40002B4403EB810393ED000A0023EDE70021E2
:104B50000EE00B01234403EB82036D464E01354406
:104B6000861855F826509D60521C8242F1DB491C84
:104B7000814201DA0022F8E7002020B0BDEC028B70
:104B8000F2BD81B0F6EE000A60EE200A10EE100AC7
:104B90003C49B1EB600100919DED000A60EE800A96
:104BA000B7EE081A00EEC01A21EE000A01B07047F5
:104BB00010B504006068012802D02068012801D1E6
:104BC000012000E0002040F23D122D49C0B2FBF769
:104BD00032FB9FED290A206801280FD100200AE04E
:104BE00004EB8001D1ED020A04EB800191ED021A81
:104BF00000EE810A401C61688842F1DB6068012890
:104C00000FD100200AE001012144D1ED020A010187
:104C1000214491ED021A00EE810A401C216888426D
:104C2000F1DBFFF7AEFF206801280FD100200AE07A
:104C300004EB8001D1ED020A60EE800A04EB8001F2
:104C4000C1ED020A401C61688842F1DB60680128FE
:104C50000FD100200AE001012144D1ED020A60EEEB
:104C6000800A01012144C1ED020A401C21688842EA
:104C7000F1DB10BDBD3786350000000001000000EB
:104C800030A30C10865A375F80B50A000821854B87
:104C90001960D2B20100C9B20220FEF740F8082024
:104CA0008149086001BD10B5130008227D4C2260C7
:104CB0000A000100C9B20220FEF7A0F808207A49D4
:104CC000086010BD80B501000820764A10600223FC
:104CD0006A4651F08001C9B20220FEF707F90820A8
:104CE000714908609DF8010002BD3EB50C00150039
:104CF00008216C4A11606B1C6A4650F0800001006C
:104D0000C9B20220FEF7F2F80820674908600020C7
:104D100005E06946014449782170641C401CA842A2
:104D2000F7D337BD70B50020002500263000461CA3
:104D300080B2B0F5807F0ADA0020FFF7C3FF0400DD
:104D40000120FEF72BFCE4B2242CEFD100E001257A
:104D50002800C0B270BDE0B5062269460C20FFF7FE
:104D6000C4FF9DF801009DF8001051EA00214F4852
:104D700001809DF803009DF8021051EA00214C4883
:104D800001809DF805009DF8041051EA0021494872
:104D9000018007BDE0B5062269461220FFF7A5FF96
:104DA0009DF801009DF8001051EA00214248018061
:104DB0009DF803009DF8021051EA00213F48018050
:104DC0009DF805009DF8041051EA00213C4801803F
:104DD00007BD3EB500241420FEF7E0FB082002903A
:104DE00002200190022000900223364A0021022076
:104DF000FEF7F6F80323012201217B20FEF7D6FA05
:104E00000020FFF75FFFFFF78DFF002807D0E523A5
:104E10002D4A2E490020FBF72CFA01243EE0002108
:104E20007C20FFF731FF0120FEF7B8FB002159205D
:104E3000FFF72AFF4FF4005225495E20FFF733FFAA
:104E400001215920FFF720FF1420FEF7A7FB2120A6
:104E5000FFF738FF012807D0F4231B4A1D49002023
:104E6000FBF707FA012419E00E217D20FFF70CFF64
:104E7000A7214020FFF708FFA9214220FFF704FFE8
:104E800002214120FFF700FF134D5FF08B402860A7
:104E900000214320FFF7F8FE104868602000C0B2F0
:104EA0003EBD00008407314088073140801502284C
:104EB00082150228841502287A1502287C150228FA
:104EC0007E1502288096980008A00C1040A60C10B1
:104ED00088BB0B10DCA60C10A80702286F128341B8
:104EE0002DE9F0472DED028BB0EE608A04000D0035
:104EF000DFF8D401DFF8D411D1ED000A90ED001AEB
:104F000070EEC10ADFF8C82192ED001AC0EE810AE6
:104F1000B7EE001A70EE810AFDEEE00A10EE906A1C
:104F2000DFF8B081DFF8B091D9ED000A98ED001AF2
:104F300070EEC10ADFF8A42192ED001AC0EE810ADA
:104F4000B7EE001A70EE810AFDEEE00A10EE907ADC
:104F5000D1ED000AF4EE400AF1EE10FA14D4D0EDCF
:104F6000000AB4EE600AF1EE10FA0DD4D9ED000A91
:104F7000F4EE480AF1EE10FA06D4D8ED000AB4EEC9
:104F8000608AF1EE10FA04D542F210702080288079
:104F900062E0D0ED000A30EE600AD1ED000A90ED3B
:104FA000001A70EEC10A80EE200A300080B2401E66
:104FB00000EE900AF8EEE00A20EE200AB7EEC00AF2
:104FC00000F0E2F9BDEEC00B10EE10AA98ED000A59
:104FD00038EE400AD9ED000A98ED001A70EEC10AC9
:104FE00080EE200A380080B2401E00EE900AF8EEF3
:104FF000E00A20EE200AB7EEC00A00F0C5F9BDEEC7
:10500000C00B10EE100ABAF1000F01D55FF0000AD4
:10501000310089B28A4502DBB6B2761EB24600285C
:1050200000D50020390089B2884202DBBFB27F1E62
:10503000380040F2EA31DFF8A82001FB0AF31A44F5
:1050400032F810202280DFF89C2001FB0AFA02EBE4
:105050000A0131F810002880BDEC028BBDE8F08712
:1050600081B08DED000ADFF880000099B0EB61009F
:105070000090F6EE000A20EE201ADDED001A21EE77
:10508000211ADDED001AB7EE082A01EE612A9DED26
:10509000001A22EE011A8DED001A20EE200ADDED35
:1050A000000A20EE200ADDED000AB7EE081A00EE35
:1050B000601A9DED000A21EE000A8DED000A9DEDBB
:1050C000000A01B07047000030A90C102CA90C1088
:1050D0003CA90C1038A90C1034A90C1040A90C10D4
:1050E0008000081004DE0910DF59375F10EE101A37
:1050F0004FF07E5201EE902AC80F31F0004120D0CF
:1051000000EE101A914212D871EEC00A0D4A31EE2B
:10511000801A61EE200AF1EEE00A914286BF80F02B
:10512000040080EE800A80EE200A00F05FB949009A
:1051300011F1807F9CBF6FF0004100EE101AAFF3B9
:1051400000807047F404353F52EC101AB0EEC00AEC
:10515000C80F49005200F0EEE00A28BF0C3011F1F0
:10516000807F38BF12F1807F0CD28A4238BF80F036
:105170000400124214D034BF80EE800A80EE200A70
:1051800000F034B911F1807F08BF80F0040098BFAF
:1051900012F1807F08D88A4214BF00224FF07E525D
:1051A00000EE102A00F022B96FF0004100EE101A54
:1051B00070470000DFED620A60EE200A10EE902AD0
:1051C00022F0004101EE101ADFED5E1AB4EE611A12
:1051D000F1EE10FA25D54FF07C5102F000420A435F
:1051E00001EE102A71EE200AFDEEE00A10EE901A90
:1051F00000296AD0FAEEC90A9FED531A00EE810A1F
:10520000DFED521A00EEA10A9FED512A00EE820A4C
:10521000DFED502A00EEA20A9FED4F1A00EE810A40
:1052200053E010EE101A4B001B1613F1010F0AD1B8
:105230004900081610F1010F02D1090240F07F80E9
:105240009FED460A7047490004D1002877D0B7EE99
:10525000000A70474FF07C5102F000420A4301EE11
:10526000102A71EE200A10EE902A51000DD0090E7E
:10527000C1F196011829A8BF02F0004203DA002903
:10528000C4BFCA408A4000EE902A10EE901A49002E
:1052900017D09FED331A20EE811ADFED2B1A01EEA5
:1052A000210A9FED2A2A01EE020ADFED292A01EEEA
:1052B000220A9FED283A01EE030ADFED271A01EEDC
:1052C000210AFDEEE00A10EE901A01F00301081821
:1052D00010EE101A21F0004100EE901A9FED211AF5
:1052E000F4EE410AF1EE10FA04D5C10723D5B7EE6A
:1052F000000A20E0C10760EE000A0ED59FED1A0AF1
:105300009FED1A1A00EE801ADFED191A41EE201AED
:10531000B7EE000A01EEA00A0DE09FED162ADFEDC0
:10532000161A40EE821ADFED152A20EE201A41EE01
:10533000A02A01EE220A800748BFB1EE400A70475A
:1053400083F9223F0000004F0000C9C600A0FDC045
:105350000020A2BA000034B30030C2AEFFFFFF7FCE
:1053600000008038000080399349B2BA36A02A3D47
:10537000DFFFFFBE6E8C4CB94283083CA1AA2ABE57
:10538000012017E7002015E700B551EC100B00F0E5
:1053900003F841EC100B00BD40F2FF7C0CEA115207
:1053A00040F2FE33D21A17DD352A1DDAB2F11503A9
:1053B00008DA6FEA4C53D34031EA5301C9189943D4
:1053C000002070476FF00002DA4030EA5200801887
:1053D00041F100019043704701F0004104BF41F0EA
:1053E0007C5141F470010020704700001AA210EEB9
:1053F000101A43F2A40CC3F6896CF2EC060A61455C
:1054000009DB00EE803A70EE800A83EE200A40F05D
:10541000020010EE101A4900D1F1E6410BD860EEFF
:10542000000A20EE203A03EE010A01EEA02A42EE25
:10543000202A80EE220A400810F0020F18BFB1EEB9
:10544000400A02EB8002D2ED000A30EE200A28BFAB
:10545000B1EE400A70470000D7B3DD3F6AD5033F85
:105460002B94A93DB82A593F0000803F000080BF1F
:1054700000000000920A063FDB0FC93F920A863FF8
:10548000DB0FC93F920A0640DB0F4940368D2740AB
:10549000DFF8C4110868C0F34000002801D00220E2
:1054A00002E0086810F001007047DFF8B001006802
:1054B00010F0010070470000C21E022A01D3012033
:1054C00002E0C01E0860002070471CB5FF2469463A
:1054D000FFF7F2FFC0B2002802D02000C0B207E000
:1054E000DFF8FC01009950F8210010F00100C0B273
:1054F00016BD0000002801D0032801D3012002E0DE
:10550000401E0860002070471CB5FF246946FFF765
:10551000F1FFC0B2002802D02000C0B208E0DFF8DE
:10552000C401009909010844C06810F00100C0B22C
:1055300016BD0000DFF8BC010068800810F0010013
:10554000704738B504002000C0B2082811D3DFF836
:1055500098511822DFF89411280000F00DFC00206B
:10556000E87540F65B00DFF888110860002000F065
:105570003BFCDFF8CC112000C0B251F82000C0F392
:105580000020002805D0E4B251F8240010F00F00EC
:1055900000E0FF2032BD38B504002000C0B208286A
:1055A00011D3DFF844511822DFF84011280000F031
:1055B000E3FB0020E8754FF40960DFF83411086060
:1055C000002000F011FCDFF87801E4B250F824006C
:1055D000C0F30110C0B232BDDFF868211368C3F315
:1055E000072303601068C0F3C40008607047DFF849
:1055F00058211368C3F3072303601068C0F3C40085
:105600000860704738B50400072C11D3DFF8D85074
:105610001822DFF8C411280000F0AEFB0020E87566
:105620004FF4CE70DFF8C8100860002000F0DCFBFB
:10563000DFF8A00150F8240010F00700010009B2C3
:10564000042907D1DFF8880150F8240010F01F006A
:1056500050F4807000B232BD24152640401526401B
:10566000DFF8B01209688A03920B0260090E11F08C
:105670000101C171DFF8A01209680A00D204D20C3E
:1056800082800A00120C02F0FF020281090C01F074
:10569000FF014181DFF84411096811F00F02027324
:1056A0000A00C2F3031242730A00120AD204D20C97
:1056B000C281090F11F003010174DFF86413096856
:1056C0000A00120A12F0070282710A00120CD205B7
:1056D000D20D4282890F11F001010175704700005F
:1056E00040162640001926403C140228C49D0C1088
:1056F0001C150228100027401CB50C006946FFF756
:10570000DBFE0100C9B2002901D0C0B217E0DFF80A
:10571000B404009950F8210010F07F012160C0F31B
:1057200004216160C0F30441A1600100090F11F080
:1057300003016173C00E10F001002073002016BD3C
:105740004012264008002040080420401CB50C00F0
:105750006946FFF7CFFE0100C9B2002901D0C0B2EF
:1057600035E0DFF8101500980001085800F0FF023E
:105770002260C0F304226260C0F30442A260000F02
:1057800010F00300207300980001084442681000E4
:10579000C00F6073C2F30270002801D0012000E046
:1057A0000020A07322F07F4222610098000108448B
:1057B00080680100C90F21750100090E11F0010177
:1057C0006175A075000C10F00700E075002016BD93
:1057D00000012640001226403C9E0C103815264041
:1057E00080B50100DFF868051822F9F7EBF9012010
:1057F000DFF860150870002002BDDFF85C1509684D
:10580000C90F002908D0DFF84C150978002907D105
:105810000021016003207047002101600320FAE7A6
:10582000DFF82C15096801600020F4E710B50400CA
:10583000FFF72EFE002803D10020206003200DE09A
:10584000DFF810050078002805D0DFF8040580682F
:105850002060002002E000202060032010BD000036
:10586000DFF8F0140978002905D0DFF8E41449685E
:105870000160002002E00021016003207047DFF892
:10588000DC140968C90F002908D0DFF8C8140978AA
:10589000002907D100210160032070470021016029
:1058A0000320FAE7DFF8A814C96801600020F4E7D4
:1058B000DFF8AC140968C90F002908D0DFF8941488
:1058C0000978002907D100210160032070470021D9
:1058D00001600320FAE7DFF878140969016000200D
:1058E000F4E710B50400FFF725FE002803D10020DF
:1058F000206003200DE0DFF85C040078002805D06C
:10590000DFF84C0440692060002002E000202060A5
:10591000032010BD301526403415264010B50C006C
:10592000C0B2FFF76FFE00280ED0012810D0022869
:1059300012D0B0F5887F13D040F21111884213D0F5
:10594000B0F58A7F14D017E02000FFF756FF16E06D
:105950002000FFF785FF12E02000FFF767FF0EE051
:105960002000FFF78CFF0AE02000FFF7BAFF06E0F7
:105970002000FFF79DFF02E000202060032010BD03
:1059800080B501000020FFF7C9FF02BD80B50322EA
:10599000D2B2824203D200200860012003E0401C02
:1059A000C0B2FFF7BBFF02BD18B587B00400684660
:1059B000FFF7E6FF0100C9B2002903D000212160F2
:1059C000C0B22BE001A8FFF74BFE9DF8140002289F
:1059D00003D100982060002020E0DFF888030068F1
:1059E000C00F002808D0FFF760FDC0B2002807D123
:1059F00000202060032011E00098206000200DE0CE
:105A0000009901984143BDF80800B1FBF0F09DF802
:105A10000B10491CB0FBF1F02060002008B010BD55
:105A20003C152640F0B58BB005000C0069462800F7
:105A3000C0B2FFF7ABFF0100C9B2002903D00021BB
:105A40002160C0B2BCE02800C0B202284CD307A934
:105A50002800C0B2401CFFF74FFEC0B2002811D092
:105A6000DFF804631822DFF80413300000F084F933
:105A70000020F07540F66310DFF8F4120860002093
:105A800000F0B2F94F482900C9B200EB810050F88C
:105A9000080CC00F002807D09DF82900022807D164
:105AA0000098206000208BE000982060002087E0B4
:105AB000EDB26D1C2800FFF708FD0100C9B20029F6
:105AC00002D0C0B2FF2803D100202060032077E07D
:105AD0000099079841430898B1FBF0F00999B0FB91
:105AE000F1F0206000206BE001A92800C0B2401C4A
:105AF000FFF72CFEC0B2002811D0DFF86C6218222C
:105B0000DFF86812300000F037F90020F07540F639
:105B10007F10DFF85C120860002000F065F955483E
:105B20002900C9B209014058C00F002807D09DF8CC
:105B30001000022807D100982060002040E0009863
:105B4000206000203CE0EDB26D1C2800FFF7DCFC7B
:105B50000100C9B2002902D0C0B2FF2803D1002041
:105B6000206003202CE09DF8110001281DD1009A2F
:105B70000023019E00273F0647EA162736060598B0
:105B8000002136184F41A6FB020106FB031107FB5B
:105B90000211029A039BA3FB0223F9F789F9000E75
:105BA00040EA0120090E206009E000990198414374
:105BB0000298B1FBF0F00399B0FBF1F020600020F7
:105BC0000BB0F0BD0016264010B50323421E0400A2
:105BD000E4B2002C03D10800FFF7E6FE0CE014004D
:105BE000DBB2E4B2A34204D31000C0B2FFF71AFF45
:105BF00002E0C0B2FFF792FE10BD38B505000C0000
:105C00002800C0B2FFF79DFC0100C9B2FF2904D1F2
:105C10002000FFF7F2FDC0B21BE06946C0B2FFF7FB
:105C2000D3FF0100C9B2002903D000212160C0B216
:105C30000FE02800C0B2FFF7AEFCC0B2002805D0CC
:105C400002280BD006D303280CD00FE00098206068
:105C5000002032BD009840082060F9E700988008D5
:105C60002060F5E70098C0082060F1E70020206080
:105C70000320EEE7001926401FB5040002A9012009
:105C8000FFF7BBFF0100C9B2002903D0002121604A
:105C9000C0B21AE0694601A8FFF79EFC01980021F6
:105CA000421C71F1FF335B0143EAD2635201009859
:105CB000002112184B4102980021490141EAD061AC
:105CC0004001F9F7F5F82060002004B010BD1FB5C1
:105CD000040002A90120FFF790FF0100C9B20029CA
:105CE00003D000212160C0B21AE0694601A8FFF785
:105CF0007EFC01980021421C71F1FF335B0143EAF5
:105D0000D26352010098002112184B4102980021E1
:105D1000490141EAD0614001F9F7CAF8206000204A
:105D200004B010BD80B5DFF84C100A68C2F303223E
:105D30000E2A07D00968C1F303210D2905D1FFF709
:105D4000C6FF02BDFFF798FFFBE70120F9E700005F
:105D50002414022887150228181526400815264005
:105D60000C152640301526403C1402283C9E0C1091
:105D70001C1502280000204001B58B071AD18307AB
:105D800024D1121F21D351F8043BA3F1013C2CEA8A
:105D9000030C1CF0803C04BF40F8043BF1E79CFA84
:105DA0008CFCBCFA8CF1C1F118018B40CB4040F85F
:105DB000043B13E0042A09D311F8013B521E00F8FA
:105DC000013B5BB18B07F7D1D9E7121D5AB111F82E
:105DD000013B521E00F8013B03B1F8D111001CBF7A
:105DE0000022FAF7BFFA01BD01BEFEE780B5234AE3
:105DF00023490B6893423ED00A60224A12684A62E5
:105E0000214A8A6202684A6042688A608268CA607F
:105E1000C2680A6102694A6142698A618269CA612B
:105E2000C2690A62F1EE102A12F0900F23D0174ACD
:105E30008A62026ACA62426A0A63826A4A63C26A00
:105E40008A63026BCA63426B0A64826B4A64C26BE8
:105E50008A64026CCA64426C0A65826C4A65C26CD0
:105E60008A65026DCA65426D0A66826D4A66C26DB8
:105E70008A66006EC86600F00BF801BDFAF9F8F703
:105E8000E010022828ED00E0A4A3A2A1ABAAA9A8D3
:105E9000FEE7000080B5DFF8B8270021B820FCF746
:105EA0001BF90323DFF8AC0790ED000ABDEEC00A32
:105EB00010EE102A92B20021D020FCF762F901BD49
:105EC00080B54FF4784000901423EF221421002075
:105ED000FBF7DCFEDFF8802700210020FCF7FCF850
:105EE000FFF7D8FF01BD80B5FFF7EAFFDFF86C27A9
:105EF00060215020FCF7F0F8DFF864279021502053
:105F0000FCF7EAF8DFF85C27C0215020FCF7E4F842
:105F10008EA260213020FCF7DFF8D0A2602188201B
:105F2000FCF7DAF801BDDFF84007312101700021EC
:105F30004170002181700021C17000210171704702
:105F400080B5FFF7BDFFDFF8142760215020FCF774
:105F5000C3F8DFF80C2790215020FCF7BDF8DFF8DC
:105F60000427C0215020FCF7B7F878A290213020F8
:105F7000FCF7B2F8B9A290218820FCF7ADF801BD7A
:105F8000DFF8E406322101700021417000218170A8
:105F90000021C17000210171704780B5FFF790FFAB
:105FA000DFF8B82660215020FCF796F8DFF8B0261D
:105FB00090215020FCF790F8DFF8A826C02150204F
:105FC000FCF78AF861A2C0213020FCF785F8A3A273
:105FD000C0218820FCF780F801BDDFF88C06332152
:105FE000017000214170002181700021C1700021E9
:105FF0000171704780B54FF4784000901423EF2270
:1060000014210020FBF742FEDFF86026002100206B
:10601000FCF762F8FFF73EFF01BD80B5FFF7EAFF2E
:10602000DFF84C2650215020FCF756F8DFF84426C4
:1060300070215020FCF750F8DFF83C2690215020CA
:10604000FCF74AF8DFF83426B0215020FCF744F87A
:106050003EA250213020FCF73FF880A2502188203A
:10606000FCF73AF801BDDFF80006312101702E215E
:106070004170312181700021C17000210171704790
:1060800080B5FFF7B7FFDFF8E82550215020FCF777
:1060900023F8DFF8E02570215020FCF71DF8DFF829
:1060A000D82590215020FCF717F8DFF8D025B02133
:1060B0005020FCF711F825A270213020FCF70CF8D5
:1060C00066A270218820FCF707F801BDDFF898056B
:1060D000312101702E214170322181700021C17067
:1060E00000210171704780B5FFF784FFDFF880253C
:1060F00050215020FBF7F0FFDFF878257021502069
:10610000FBF7EAFFDFF8702590215020FBF7E4FF52
:10611000DFF86825B0215020FBF7DEFF0BA29021AD
:106120003020FBF7D9FF4DA290218820FBF7D4FF48
:1061300001BDDFF83405312101702E21417033217A
:1061400081700021C1700021017170472D2D3E002A
:1061500080B5FFF74FFFDFF8182550215020FBF7DF
:10616000BBFFDFF8102570215020FBF7B5FFDFF8EB
:10617000082590215020FBF7AFFFDFF80025B02164
:106180005020FBF7A9FF90A2B0213020FBF7A4FF1D
:1061900032A2B0218820FBF79FFF01BDDFF8C804C1
:1061A000312101702E214170342181700021C17094
:1061B00000210171704780B54FF47840009014239E
:1061C000EF2214210020FBF761FDDFF8B424002149
:1061D0000020FBF781FFFFF75DFE01BD80B5FFF7F3
:1061E000EAFFDFF8A02450215020FBF775FFDFF80D
:1061F000982470215020FBF76FFFDFF89024902146
:106200005020FBF769FFDFF88824B0215020FBF70E
:1062100063FFDFF88024D0215020FBF75DFFDFF81B
:106220007824F0215020FBF757FF67A2502130203F
:10623000FBF752FF09A250219820FBF74DFF01BD4B
:10624000DFF82404322101702E2141703121817048
:106250000021C17000210171704700003C2D2D000C
:1062600080B5FFF7A8FFDFF81C2450215020FBF772
:1062700033FFDFF8142470215020FBF72DFFDFF8E7
:106280000C2490215020FBF727FFDFF80424B021D5
:106290005020FBF721FFDFF8FC23D0215020FBF733
:1062A0001BFFDFF8F423F0215020FBF715FF46A277
:1062B00070213020FBF710FFC3A270219820FBF75C
:1062C0000BFF01BDDFF8A003322101702E214170C8
:1062D000322181700021C17000210171704780B5A9
:1062E000FFF769FFDFF89C2350215020FBF7F4FEF5
:1062F000DFF8942370215020FBF7EEFEDFF88C23AB
:1063000090215020FBF7E8FEDFF88423B0215020D5
:10631000FBF7E2FEDFF87C23D0215020FBF7DCFE08
:10632000DD4AF0215020FBF7D7FE27A29021302034
:10633000FBF7D2FEA4A290219820FBF7CDFE01BD71
:10634000C948322101702E21417033218170002112
:10635000C17000210171704780B5FFF72CFFC94A59
:1063600050215020FBF7B8FEC74A70215020FBF7A0
:10637000B3FEC64A90215020FBF7AEFEC44AB021BE
:106380005020FBF7A9FEC34AD0215020FBF7A4FE02
:10639000C14AF0215020FBF79FFE0BA2B021302014
:1063A000FBF79AFE88A2B0219820FBF795FE01BD6D
:1063B000AD48322101702E214170342181700021BD
:1063C000C1700021017170472D2D3E0080B5FFF78F
:1063D000F2FEAC4A50215020FBF77EFEAA4A702103
:1063E0005020FBF779FEA94A90215020FBF774FE5C
:1063F000A74AB0215020FBF76FFEA64AD0215020BB
:10640000FBF76AFEA44AF0215020FBF765FE8EA23E
:10641000D0213020FBF760FE6BA2D0219820FBF743
:106420005BFE01BD9048322101702E214170352163
:1064300081700021C17000210171704780B5FFF7A4
:10644000BAFE904A50215020FBF746FE8E4A70213A
:106450005020FBF741FE8D4A90215020FBF73CFE77
:106460008B4AB0215020FBF737FE8A4AD0215020BA
:10647000FBF732FE884AF0215020FBF72DFE72A276
:10648000F0213020FBF728FE4FA2F0219820FBF7E7
:1064900023FE01BD7448322101702E214170362146
:1064A00081700021C17000210171704780B54FF4E7
:1064B000784000901423EF2214210020FBF7E6FB24
:1064C00062A200210020FBF707FEFFF7E3FC01BDFD
:1064D00080B5FFF7EBFF01BD6348332101702E212A
:1064E0004170312181700021C1700021017170471C
:1064F00080B5FFF7DBFF01BD5B48332101702E2122
:106500004170322181700021C170002101717047FA
:1065100080B5FFF7CBFF01BD5348332101702E2119
:106520004170332181700021C170002101717047D9
:1065300080B54FF4784000901423EF2214210020FE
:10654000FBF7A4FBFFF7A6FC01BD80B5FFF7F0FF4A
:10655000524A00210020FBF7BFFD51480078012876
:1065600005D1504A20211820FBF7B6FD04E04E4A21
:1065700020211820FBF7B0FD4C4A30211820FBF7F2
:10658000ABFD05234A48B0F9002030215820FBF725
:10659000F8FD484A40211820FBF79EFD0523464898
:1065A000B0F9002040215820FBF7EBFD01BD2E483B
:1065B000312101702E214170312181702E21C17055
:1065C00031210171704700003C2D2D0080B5FFF78F
:1065D000AFFF284A00210020FBF77EFD374A30211B
:1065E0001820FBF779FD0523354802783021582023
:1065F000FBF7C7FD334A40211820FBF76DFD05234B
:106600003148027840215820FBF7BBFD2F4A50212A
:106610001820FBF761FD05232D4890ED000ABDEE23
:10662000C00A10EE102A50215820FBF7AAFD01BD28
:106630000D48312101702E214170322181702E21AF
:10664000C1703121017170472D2D3E0052756E00D1
:106650001CA80C104415022824A80C102CA80C10FF
:1066600034A80C103CA80C109407022844A80C1065
:106670004CA80C1054A80C105CA80C1064A80C10AA
:106680006CA80C1044A70C1050A70C105CA70C10A1
:1066900068A70C1074A80C1074A70C107CA80C1020
:1066A0008815022880A70C108CA70C1084A80C1049
:1066B000761502288CA80C107815022898A70C10C3
:1066C00089150228A4A70C108A150228B0A70C105F
:1066D0002C15022880B500F059FB002000F0A3FB28
:1066E00001280CD1DFF8B003DFF8B013D0F878251B
:1066F00092689047FBF710FA002000F098FB012009
:1067000000F091FB01280CD1DFF88C03DFF88C132B
:10671000D0F87825D2689047FBF7FEF9012000F009
:1067200086FB022000F07FFB01280CD1DFF8680314
:10673000DFF86813D0F8782552699047FBF7ECF939
:10674000022000F074FB032000F06DFB01280AD149
:10675000D148D249D0F8782512699047FBF7DCF987
:10676000032000F064FB01BD10B500F0BAFBCC4C77
:10677000207861280AD0622811D0632818D06428B4
:106780001FD0682826D069282ED030E0C248C349DF
:10679000D0F8782592689047FBF7BEF927E0BE480D
:1067A000BE49D0F87825D2689047FBF7B5F91EE0CE
:1067B000B948BA49D0F8782552699047FBF7ACF947
:1067C00015E0B548B549D0F8782512699047FBF730
:1067D000A3F90CE0B3490878002802D10120087021
:1067E00001E00020087002E00120AF49087000209D
:1067F0002070AC480078002804D1A84C606980471C
:10680000A069804710BD70B5A34C200000F00CF9C2
:10681000A24DA6486861A648A86192A6310028004A
:1068200000F08CFB01002000D4F878251268904716
:10683000A0486861A048A8618BA1280000F07EFBF9
:1068400001002000D4F87825126890479B486861C1
:106850009B48A86171A1280000F070FB0100200096
:10686000D4F8782512689047964868619648A861E0
:106870006BA1280000F062FB01002000D4F878250D
:1068800012689047914868619148A86165A1280005
:1068900000F054FB01002000D4F8782512689047DE
:1068A0008C4868618C48A86170A1280000F046FB04
:1068B00001002000D4F87825126890478748686165
:1068C0008748A8616AA1280000F038FB0100200079
:1068D000D4F8782512689047824868618248A86198
:1068E00064A1280000F02AFB01002000D4F87825DC
:1068F000126890477D4868617D48A8615EA12800C4
:1069000000F01CFB01002000D4F8782512689047A5
:10691000784868617848A86158A1280000F00EFB0B
:1069200001002000D4F87825126890477348686108
:106930007348A86152A1280000F000FB010020006C
:10694000D4F87825126890476E4868616E48A8614F
:106950004CA1280000F0F2FA01002000D4F87825BC
:1069600012689047694868616948A86146A1280093
:1069700000F0E4FA01002000D4F87825126890476E
:10698000644868616448A86140A1280000F0D6FA14
:1069900001002000D4F87825126890475F486861AC
:1069A0005F48A8613AA1280000F0C8FA0100200061
:1069B000D4F87825126890475A4868615A48A86107
:1069C00034A1280000F0BAFA01002000D4F878259C
:1069D00012689047554868615548A8615549280094
:1069E00000F0ACFA01002000D4F878251268904736
:1069F000514868615148A8615149280000F09EFA49
:106A000001002000D4F87825126890473200290050
:106A10002000D4F878355B68984770BD33000000DB
:106A2000312E3100312E320010B504004FF4B06227
:106A30000021200000F092F942480FF23D11016060
:106A40000FF2A52141600FF2D91141610FF28111BE
:106A500001610FF21D2181600FF25121C160C4F864
:106A6000780510BD3100000032000000312E3300E7
:106A7000312E3400322E3100322E3200322E3300CD
:106A8000322E3400322E3500322E3600332E3100B5
:106A9000332E3200332E330048080228081402280F
:106AA0008B1502288815022886150228E75E0C102F
:106AB000275F0C10415F0C10815F0C109B5F0C1066
:106AC000DB5F0C101B600C1067600C1081600C10F9
:106AD000CD600C10E7600C1033610C1051610C108C
:106AE0009D610C10DD610C1041620C1061620C1094
:106AF000C5620C10DF620C1041630C1059630C105E
:106B0000B1630C10CD630C1025640C103D640C10A7
:106B100095640C10D1640C10D9640C10F1640C1045
:106B2000F9640C1011650C1019650C104B650C10F4
:106B3000AF650C100CA80C10CD650C1031660C1054
:106B400014A80C106C1402280200002011780029EF
:106B500006D108E0D0EB4010117850FA81F0521CB9
:106B600011780029F6D180B2322190FBF1F201FBBD
:106B7000120080B27047000070B504000D00D4F818
:106B80007C05312801DB342020E02800FFF7DCFF02
:106B9000030006E09BB25B1C322093FBF0F100FB8C
:106BA00011331C26180080B27043205C0028F1D1FC
:106BB0001C2229009BB2734304EB030000F0D9F8B8
:106BC000D4F87C05401CC4F87C05012070BD000091
:106BD00030B585B004000D002800F7F79BFF0228B0
:106BE00001D2342019E02900684600F0A7F969466F
:106BF000491C08780028FBD1002001F8010C002076
:106C000001F8020C6A462900200000F06DF8C0B2BD
:106C1000342801D1342000E0012005B030BD00004F
:106C200030B585B004000D002800F7F773FF112878
:106C300001D3342019E02900684600F07FF9694645
:106C4000491C08780028FBD12E200870312048709C
:106C5000002088706A462900200000F045F8C0B284
:106C6000342801D1342000E0012005B030BD0000FF
:106C700030B585B004000D002900684600F05EF9CB
:106C80006946491C08780028FBD1491E0878401E37
:106C900008706A462900200000F026F8C0B23428A7
:106CA00001D1342000E0012005B030BD30B585B001
:106CB00004000D002900684600F040F96946491CAF
:106CC00008780028FBD1491E0878401C08706A46E5
:106CD0002900200000F008F8C0B2342801D1342087
:106CE00000E0012005B030BD2DE9F04704000D00A3
:106CF000160032273000FFF727FF81463000F7F7F4
:106D000009FF8046B8F1150F02DB5FF0140807E0B9
:106D100006E019F10109322099FBF0F100FB11990D
:106D20005FF01C0A424631000AFB09F0204400F0E3
:106D300011F9002803D03800471E0028E9D1002FA0
:106D400001D5342008E01C220AFB09F904EB0901F3
:106D5000280000F00EF80120BDE8F08710B4040010
:106D600001E02170641C13005A1E002BF9D110BCE5
:106D7000704710B4030004E00C781C70491C5B1CC5
:106D8000521E002AF8D110BC7047000010B5002038
:106D900000241FE000212200D2B2815413E03948C0
:106DA0002100C9B2415C0229F4D037492200D2B295
:106DB00051F822100A3940F2DE329142EAD2012122
:106DC0002200D2B2815400202F492200D2B241F8D1
:106DD0002200641C2000C0B2042823DA2B482100C2
:106DE000C9B2405CFCF7D1FA0128D8D0264821006E
:106DF000C9B250F82110491C2200D2B240F822102A
:106E00004FF47A71224A1268B1FBF2F12200D2B239
:106E100050F822008842DCD302201A492200D2B264
:106E20008854D6E710BD1749C0B2085C70470021EE
:106E3000144AC0B21154704770B50400002C01D040
:106E4000012000E000208C221249C0B2F9F7F3F9CA
:106E5000002000250EE00123012200210B482E0016
:106E6000F6B2805DFCF7A2FA002006492A00D2B2F1
:106E700088546D1C2800C0B20428ECDB0448046070
:106E800070BD00005C150228DC14022848A90C1013
:106E900058150228ACA10C100EB478B50400059862
:106EA000009006AD042105A800F06AF801260FE065
:106EB000E81D30F0070090ED000B10F10805B7EE6B
:106EC000C00B8DED000A0421684600F059F8761CCD
:106ED000A642EDD30421144800F052F871BC5DF8CD
:106EE00010FB38B5114C124D4021280000F07AF803
:106EF00020602068002815D028780E49087028786E
:106F000030380A2807D2280000F020FAB7EEC00B6C
:106F1000094880ED000A216800222800F9F71EFACE
:106F20000020206031BD000044A90C104C1502283F
:106F3000481302288B150228481502285FEA000C26
:106F400011F8012B00F8012B12B111F8012BF9E710
:106F5000604670478AB10B7890F800C09C4506D116
:106F600010F8013B4BB1491C521EF4D105E002D28E
:106F70004FF0FF307047012070470020704700003D
:106F800070B505000C00002D01D0012000E00020AC
:106F900062223749C0B2F9F74EF9002607E01E22F7
:106FA00029000120F9F7C9FD1E351E3C0026002CE2
:106FB0000CD0B620FCF7E9F9002809D11E2CEED23E
:106FC000220029000120F9F7B8FD0024200070BD3F
:106FD000761C300080B2642803DA0120FCF7DEFA68
:106FE000E5E7F3E738B504000D00002C01D00120DF
:106FF00000E00020B6221E49C0B2F9F71CF9009546
:1070000000236A4621001B48FAF7E1F8009832BDD8
:1070100010B5194C21000120F9F7ACFD002804D06F
:10702000012221001348FAF702F810BD10B5002420
:107030001249012000F08FF94023114A00210D4828
:10704000FAF795F9012301220021B620FCF7AEF9E9
:10705000012301225FF4E1310120F9F7B1FE0121A2
:107060000120F9F72EFE2000C0B210BD0000000084
:107070002C9F0C109C1402289415022811700C10DF
:10708000C813022838B52DED028B040082B00D46DE
:1070900000F0C18051EC100B31F0004108BF002816
:1070A00000F0B98051EC100B4A00521512F1010F9B
:1070B00002D1080300F0AF80002CB7EE008B4AD558
:1070C00064425749794401F5AC71082008E0E207B1
:1070D00044BF91ED001B28EE018B64080831401E6F
:1070E000002C18BF0028F2D16846F7F7AFFD0098D2
:1070F00080EE080BF7F72CFE51EC100B31F000413D
:1071000008BF002870D051EC100B4A00521512F144
:10711000010F01D1080367D0002C65D06846F7F74E
:1071200095FD00989FED7A2B20EE020BF7F710FEED
:1071300051EC100B31F0004108BF002854D051EC45
:10714000100B4A00521512F1010F01D108034BD068
:10715000641EE3D148E047DD31497944C23108205B
:10716000E20744BF91ED001B28EE018B641008314B
:10717000401E002C01DD0028F2D16846F7F766FDBD
:10718000009820EE080BF7F7E3FD51EC100B31F0FF
:10719000004108BF002827D051EC100B4A005215BF
:1071A00012F1010F01D108031ED0002C1CDD68462E
:1071B000F7F74CFD00989FED582B20EE020BF7F7E8
:1071C000C7FD51EC100B31F0004108BF00280BD077
:1071D00051EC100B4A00521512F1010F01D10803B6
:1071E00002D0641E002CE2DC51EC100B31F00041A7
:1071F00008BF002808D051EC100B4A00521512F1BC
:10720000010F08D1080306D1AFF300801DB1286833
:1072100040F00100286002B0BDEC028B31BD00BF20
:10722000683100002DE9F14185B0884616461D0001
:107230001CBF00202860059F05A800F0ADF8C41011
:1072400020F00800012804F0010425D1022000905C
:1072500001AB05994246384600F02EF910B99FED72
:10726000300B15E09DED020A0228B8EEC00B0FDBD3
:1072700003A9401E9FED2C1B51F8042BB0EE402BB0
:1072800000EE102AB8EEC00B401E02EE010BF3D147
:1072900001982946801927E0022828D1009001ABE7
:1072A00005994246384600F0DBF910B99FED1C0BFA
:1072B00015E09DED020A0228B8EEC00B0FDB03A912
:1072C000401E9FED1B1B51F8042BB0EE402B00EE2F
:1072D000102AB8EEC00B401E02EE010BF3D101984C
:1072E000F7F736FD29463046FFF7CCFE0AE00328C3
:1072F00008BF9FED110B05D004280CBF9FED100BAC
:107300009FED070B0CB1B1EE400B06B0BDE8F0816C
:10731000436FAC642806C80A3CBF737FDD4F157508
:1073200000000000000000000000000065CDCD411D
:10733000000000000000B041000000000000F07FED
:10734000FFFFFFFFFFFFFF7F00236BE7002200210D
:10735000FAE7000070470C4A10701078052809D130
:107360000800002803D10948094908600BE00848D3
:10737000016008E00800002803D1044805490860BE
:1073800001E00448016070479315022855730C1002
:10739000B4070228B0070228F0B40468234600228C
:1073A00000E05B1C1D78A5F10906052EF9D3202D00
:1073B000F7D02D2D0CBF08222B2D00D15B1C1D7882
:1073C00045F020066E2E26D15A7842F02002612A1E
:1073D00002BF9A7842F020026E2A02D02346002291
:1073E00045E0DB1C1C4604222578282D3FD114F8EB
:1073F000015FA5F161061A2EF9D3A5F141071A2FF5
:1074000024BF303D0A2DF2D325785F2DEFD0292DF2
:107410002DD1631C2BE0692E2CD15D7845F0200521
:107420006E2D02BF9D7845F02005662D02D02346C3
:1074300000221CE013F8034F44F0200442F0030242
:10744000692C02BF5C7844F020046E2C0FD19C782C
:1074500044F02004692C02BFDC7844F02004742C32
:1074600005D11C7944F02004792C08BF5B1DF9B1CB
:107470000B601DE0302D02BF597841F020017829C2
:1074800014D1991C0C782E2C08BF491C0978A1F145
:107490006104052C84BFA1F14105052D02D93039C5
:1074A0000A2903D29B1C42F0020201E042F00102D1
:1074B00003601046F0BC70472DE9F0478CB0002700
:1074C000149C04EBC404804691464FF0000E2D2C12
:1074D000C8BF2D2400201860586001E0491C01201D
:1074E0000A78302AFAD0002211E01868401C18608F
:1074F0000878302809D04FF0010E06E0A242F4DAF5
:10750000A6F130000DF80200521C491C01200E7833
:10751000A6F130050A2DF1D32E2E08BF491C72B9F1
:107520000D78302D0BD11868401E1860491C0120C1
:10753000F6E7302E18BF4FF0010E491C01200E78DF
:10754000A6F130050A2D0AD2A242F2DAA6F13000E5
:107550000DF80200521C1868401E1860EDE7BEF1DD
:10756000000F8C460DD00DF1FF310D5D6D1C0D55DA
:1075700007E00DF1FF34A15C49B91968491C196095
:10758000521E002AF5DC04BF8DF80070012200288D
:1075900058D04FF0090E92FBFEFEC2F109040EEB2B
:1075A000CE010C44092194FBF1F1002501EBC1014E
:1075B000611A18D0012716E053F8271001EB81015A
:1075C00006EB410143F827100BE0092194FBF1F190
:1075D00001EBC1011DF80560611AEDD17F1C43F874
:1075E0002760641C6D1C9542EFDB9CF8001041F095
:1075F0002001652926D161461CF8012F2B2A16BFD0
:107600002D2A1CF8016B2B2600220024DFF84CE009
:1076100009E0744504DA04EB840205EB4204303CD3
:107620000CF1010C01229CF80050A5F1300ABAF1CE
:107630000A0FEED32D2E08BF64421E68A4191C60E9
:1076400002B98C46B9F1000F03D000B9C446C9F89D
:1076500000C038460CB0BDE8F08700BF00E1F5057A
:107660002DE9F14F8CB09146DDF85880C8EBC80881
:107670004FF0000AB8F1230FC8BF4FF02308C3F83A
:1076800000A0C3F804A0002501E0491C01250878EA
:107690003028FAD069A201925FF000046DA2009236
:1076A0000DF1080B0E461F460EE03868401C38608E
:1076B00008E0A045F9DB019A0099801A085C0BF8F4
:1076C0000400641C761C012596F800105BA01622AD
:1076D000F7F73CFA0028ECD130463E4601782F46B9
:1076E0002E2908BF401C002C054616D128783028CA
:1076F00013D13168491E31606D1C0127F6E7A045A2
:1077000009DB019A0099801A085C0BF80400641CDC
:107710003168491E31606D1C012729785FF016021F
:1077200046A0F7F713FA0028E9D1A04517DA1BF8AD
:107730000810072906DD0DF1070111F80820521C79
:1077400001F8082044463268521C326007E00DF10F
:107750000702115D49B93268521C3260641E002C68
:10776000F5DC04BF8DF808A0012431688900002FE2
:10777000316055D0072394FBF3F3C4F1070BC3EB3F
:10778000C3035B44072193FBF1F10022C1EBC1016C
:10779000591A19D04FF0010A16E056F82A100BEBCF
:1077A000011046F82A000DE0072102A893FBF1F131
:1077B000C1EBC10110F802B0591AEED10AF1010A69
:1077C00046F82AB05B1C521CA242EDDB297841F03E
:1077D0002001702924D1294615F8012F2B2A16BF24
:1077E0002D2A15F8014B2B2400220023124808E013
:1077F000834204DA03EB83020CEB4203303B6D1C43
:10780000012295F800C0ACF1300EBEF10A0FEFD3A3
:107810002D2C08BF5B4234681B19336002B90D463A
:10782000B9F1000F03D007B90C9DC9F800505046BC
:107830000DB0BDE8F08F000000E1F50530313233C6
:107840003435363738396162636465664142434492
:1078500045460000000102030405060708090A0B5B
:107860000C0D0E0F0A0B0C0D0E0F00000000000097
:10787000000000000000000000000000000000F810
:1078800000000000000000333000000000100C0673
:10789000100C0600000000000000000040C078400E
:1078A000C0784000043F04043F040400007088FCDA
:1078B00008300000001820FF211E0000F008F00032
:1078C000E018000000211C031E211E0000F00888A3
:1078D000700000001E2123241927211010160E000D
:1078E000000000000000000000000000000000E0B8
:1078F00018040200000000071820400000020418CD
:10790000E00000000040201807000000404080F028
:10791000804040000202010F01020200000000F05E
:10792000000000000101011F010101000000000032
:107930000000000080B070000000000000000000A7
:107940000000000000010101010101010000000030
:1079500000000000003030000000000000000000C7
:1079600080601804006018060100000000E01008A4
:107970000810E000000F102020100F00001010F879
:10798000000000000020203F2020000000700808B8
:107990000888700000302824222130000030088838
:1079A000884830000018202020110E000000C02060
:1079B00010F8000000070424243F240000F8088881
:1079C000880808000019212020110E0000E010880E
:1079D00088180000000F112020110E000038080840
:1079E000C83808000000003F000000000070880850
:1079F00008887000001C222121221C0000E01008D1
:107A00000810E0000000312222110F00000000C029
:107A1000C0000000000000303000000000000080C6
:107A200000000000000080600000000000008040B6
:107A300020100800000102040810200040404040CF
:107A40004040400004040404040404000008102022
:107A50004080000000201008040201000070480867
:107A60000808F0000000003036010000C030C828CF
:107A7000E810E0000718272423140B000000C0388A
:107A8000E0000000203C23020227382008F8888804
:107A900088700000203F202020110E00C030080810
:107AA00008083800071820202010080008F80808E7
:107AB0000810E000203F202020100F0008F88888E0
:107AC000E8081000203F20202320180008F88888AC
:107AD000E8081000203F200003000000C030080824
:107AE0000838000007182020221E020008F80800AD
:107AF0000008F808203F210101213F20000808F874
:107B0000080800000020203F202000000000080896
:107B1000F8080800C08080807F00000008F888C056
:107B200028180800203F20012638200008F8080007
:107B300000000000203F20202020300008F8F8003E
:107B4000F8F80800203F003F003F200008F830C050
:107B50000008F808203F200007183F00E010080840
:107B60000810E0000F10202020100F0008F808086F
:107B70000808F000203F210101010000E010080882
:107B80000810E0000F18242438504F0008F88888A7
:107B900088887000203F2000030C30200070880887
:107BA000080838000038202121221C00180808F895
:107BB000080818000000203F2000000008F8080016
:107BC0000008F808001F202020201F0008788800E7
:107BD00000C83808000007380E010000F80800F857
:107BE0000008F800033C0700073C03000818688001
:107BF0008068180820302C03032C30200838C80077
:107C0000C83808000000203F2000000010080808C5
:107C1000C83808002038262120201800000000FE67
:107C2000020202000000007F40404000000C30C013
:107C300000000000000000010638C000000202023F
:107C4000FE000000004040407F00000000000402F1
:107C5000020204000000000000000000000000001C
:107C6000000000008080808080808080000202040C
:107C70000000000000000000000000000000808004
:107C8000808000000019242222223F2008F8008072
:107C900080000000003F112020110E000000008035
:107CA00080800000000E11202020110000000080C4
:107CB0008088F800000E112020103F2000008080F6
:107CC00080800000001F222222221300008080F00A
:107CD000888888180020203F202000000000808035
:107CE00080808000006B94949493600008F800807A
:107CF00080800000203F210000203F2000809898D5
:107D0000000000000020203F202000000000008034
:107D10009898000000C08080807F000008F8000074
:107D200080808000203F24022D302000000808F8C9
:107D3000000000000020203F202000008080808084
:107D400080808000203F20003F20003F8080008016
:107D500080800000203F210000203F200000808024
:107D600080800000001F202020201F0080800080D5
:107D70008000000080FFA12020110E000000008084
:107D800080808000000E112020A0FF808080800075
:107D90008080800020203F212000010000008080A2
:107DA000808080000033242424241900008080E097
:107DB000808000000000001F202000008080000064
:107DC00000808000001F202020103F208080800045
:107DD0000080808000010E30080601008080008055
:107DE000008080800F300C030C300F00008080007A
:107DF000808080000020312E0E31200080808000A5
:107E00000080808080818E70180601000080808054
:107E1000808080000021302C2221300000000000F2
:107E2000807C020200000000003F40400000000093
:107E3000FF00000000000000FF0000000002027CC4
:107E4000800000000040403F0000000000060101EB
:107E500002020404000000000000000010B5DFF87A
:107E600024450122B2EE043A0021DFED8D2A9FED78
:107E70008C2ADFED8C1A9FED8A1ADFED890A9FEDBF
:107E80008A0A200000F0BAFADFF8FC0490ED000A3C
:107E9000200000F0EFFA10BD2DE9F0412DED0C8B24
:107EA00082B09FED82CA9FED7E1A9FED7D1ADFF8AA
:107EB000DC4494ED011A70EEC10A9FED7D1AC0EE0C
:107EC00081CADFF8CC04B0F9000000EE900AF8EEA9
:107ED000E00ADFF8C00490ED011AC0EE810A9FEDC0
:107EE000751A80EE81DADFF8B054D5ED000A70EE35
:107EF000C0DADFF8A864DFF8A874DFF8A88498ED8A
:107F0000030A20EE0D0AD8ED020A00EEAC0AD8ED05
:107F1000010A00EEAD0AB7EEC09A98ED000AB7EE7E
:107F2000C0AA97ED000AB7EEC0BAB7EECC8A94EDBE
:107F3000010ADFED5F0A80EE200AB7EEC00A00F00A
:107F40000DFE08EE00BB96ED000AD5ED000A30EEFE
:107F5000200AB7EEC00A3BEE400B0AEE009BB7EEDC
:107F6000C98B98ED070A20EE0D0AD8ED060A00EE3F
:107F7000AC0AD8ED050A00EEAD0AB7EEC09A98ED4E
:107F8000040AB7EEC0AA97ED000AB7EEC0BAB7EE82
:107F9000CCCA94ED010ADFED460A80EE200AB7EE66
:107FA000C00A00F0DBFD0CEE00BB96ED000AD5ED3B
:107FB000000A30EE200AB7EEC00A3BEE400B0AEE94
:107FC000009BB7EEC90B38683060DFF8DC03DFF8E0
:107FD000DC13D1ED000A60EE880A90ED001A70EE15
:107FE000C10AFDEEE00A10EE901AADF80210DFF8BB
:107FF000C013D1ED000A90ED001A00EE801ABDEE1C
:10800000C10A10EE100AADF80000BDF80200DFF85A
:10801000A4130880BDF80000DFF89C1308806946AF
:108020000DF1020000F0CCF8DFF890030078002892
:108030002CD0DFF88C03007801282BD094ED010AB6
:10804000DFED360AB4EE600AF1EE10FA07D5BDF99D
:108050000010494209B2BDF9020000F0DAFD94EDCA
:10806000010ADFED560AB4EE600AF1EE10FA08DB01
:10807000BDF90010494209B2BDF9020000F0C9FD86
:1080800008E00021002000F0C4FD03E000210020F2
:1080900000F0BFFD02B0BDEC0C8BBDE8F08100002C
:1080A00000000000CDCCCC3C0AD7A33CBD98103DCD
:1080B000E12E6542E12E65C238B5B24CB34890ED71
:1080C000000A200000F0D9F9DFF8F80290ED000A6C
:1080D000200000F0D5F9200000F0B2FBDFF8E852F4
:1080E00095ED000AD4ED100A30EE200A85ED000A65
:1080F000B64CDFED880A94ED000A95ED001A30EEDB
:10810000410A00F0CAF8DFED830A94ED000A95ED0C
:10811000001A30EE010A00F0FFF831BD0100F04115
:10812000002805D002280BD006D303280CD00FE07E
:10813000A648A74901600BE0A448A649016007E0F2
:10814000A248A549016003E0A048A4490160FFE7F7
:10815000704770B59A48017801292DD1A0490A6865
:10816000521C0A600C229F4C9F4B0D682678564388
:108170001E4436F90A6CB5421ADA002000E0401CB1
:108180002578A84218DA0D6802FB00F69E5FB5421A
:10819000F5DB02FB00F51D44B5F902500E68B5424F
:1081A000EDDB02FB00F203EB02014968884703E0C4
:1081B000002202700020086070BD0000000048C26C
:1081C000B0F90020012A15DBB0F900208C3242F210
:1081D00011739A4202DB42F2107209E0B0F90020FA
:1081E0008C32824B9A4201DA804A01E002888C325A
:1081F00002801BE0B0F90020002A15D5B0F900205C
:10820000943A42F211739A4202DB42F2107209E090
:10821000B0F90020943A754B9A4201DA734A01E0B2
:108220000288943A028001E000220280B1F9000045
:10823000012815DBB1F900008C3042F21172904236
:1082400002DB42F2107009E0B1F900008C30674A9D
:10825000904201DA654801E008888C3008801BE014
:10826000B1F90000002815D5B1F900008C3842F2B0
:108270001172904202DB42F2107009E0B1F9000085
:108280008C385A4A904201DA584801E008888C3804
:10829000088001E000200880704780B569460DF134
:1082A0000200F1EE600AFCF71BFE42F21070BDF90D
:1082B0000010814203D0BDF90210814211D1BDF9F5
:1082C0000010814203D0BDF90210814201D101208A
:1082D00000E0002040F28D124549C0B2F7F7ABFF35
:1082E00017E0BDF9001001F5885169312C20F7F72E
:1082F000ECFC41F29D11BDF90200091A2F20F7F79D
:10830000E4FCBDF800003B490880BDF802003A4992
:10831000088001BD0000000080B569460DF1020033
:10832000F1EE600AFCF7DCFD42F21070BDF90010BE
:10833000814203D0BDF90210814211D1BDF9001074
:10834000814203D0BDF90210814201D1012000E039
:1083500000204FF4D4722649C0B2F7F76CFF0FE04B
:1083600041F20F11BDF90000091A5620F7F7ADFCD4
:10837000BDF9021001F58851B5315420F7F7A5FC7D
:1083800001BD00005011022804000228EC1402284C
:108390007C150228A807022820150228101502289B
:1083A0002415022888A50C100C15022894A80C107E
:1083B00098A80C107615022878150228881502282E
:1083C0008615022808000228141502280C0002282D
:1083D0009A991940000048410000F0400000904088
:1083E000181502284AEB0B10C8A40C10F0D8FFFF98
:1083F000D8A20C106C1502286E150228F8B50400DE
:108400000E0015004821002227003800F7F7A6FFCC
:108410000020206084ED050AC4ED070A84ED081AE7
:10842000C4ED091AB5EE402AF1EE10FA01DC9FED19
:10843000102A84ED0B2A0020A0600020A0620020FA
:10844000206384F83C6094F83C00002801D1DFED03
:10845000082AC4ED0E2A84F83D50B5EE403AF1EEFC
:1084600010FA01DCB1EE433A84ED113AF1BD00009F
:108470000000000080ED000A704780ED010A70479F
:1084800080ED090A704790ED000AD0ED010A30EE48
:10849000600A80ED020A8168816290ED030AF8EEBD
:1084A000000A90ED021A00EE201A90ED040A31EE57
:1084B000000A80ED0C0AC16801618168C16090ED1D
:1084C000020AD0ED030A30EE600AD0ED050A20EE74
:1084D000200AD0ED070A90ED0A1A60EE810A90EDAD
:1084E000091A00EE810AD0ED080A90ED0C1A60EE30
:1084F000810A90ED091AC0EE810A30EE200AD0ED13
:10850000110AF5EE400AF1EE10FA02DDD0ED110A83
:1085100003E0D0ED110AF1EE600A90ED101A31EE91
:10852000001AF4EE410AF1EE10FA0ED590ED110AA0
:10853000B5EE400AF1EE10FA02DD90ED110A32E0DC
:1085400090ED110AB1EE400A2DE0D0ED110AF5EEE2
:10855000400AF1EE10FA02DDD0ED110A03E0D0ED91
:10856000110AF1EE600A90ED101A31EE001AF1EEE8
:10857000600AB4EE601AF1EE10FA10D590ED110A0F
:10858000B5EE400AF1EE10FA02DD90ED110A03E0BB
:1085900090ED110AB1EE400AB1EE400A03E0D0EDD1
:1085A000100A30EE800A80ED100A90ED100A704734
:1085B0000000000010B5040094ED000AD4ED010A9B
:1085C00030EE600A84ED020A94ED0B0AB5EE400A23
:1085D000F1EE10FA62DD94ED0B0AB5EE400AF1EE11
:1085E00010FA02DD94ED0B0A03E094ED0B0AB1EEF4
:1085F000400AD4ED020A94ED091AD4ED0A1A40EEAD
:10860000811AB4EE610AF1EE10FA0ED594ED0B0A60
:10861000B5EE400AF1EE10FA02DD94ED0B0A3AE0F5
:1086200094ED0B0AB1EE400A35E094ED0B0AB5EE7D
:10863000400AF1EE10FA02DD94ED0B0A03E094ED2E
:108640000B0AB1EE400AD4ED020A94ED091AD4EDFA
:108650000A1A40EE811AB1EE400AF4EE401AF1EE29
:1086600010FA10D594ED0B0AB5EE400AF1EE10FAAF
:1086700002DD94ED0B0A03E094ED0B0AB1EE400A23
:10868000B1EE400A07E0D4ED020A94ED091A94ED28
:108690000A0A00EE810A84ED0A0A09E094ED020A52
:1086A000D4ED090A94ED0A1A00EE201A84ED0A1A94
:1086B00094F83C0000282CD094ED020AD4ED030A73
:1086C00030EE600AD4ED090A80EE200A84ED0C0A2F
:1086D00094ED090AD4ED0E0A20EE200AD4ED090A21
:1086E00094ED0E1AF7EE001A40EE811A80EE210A80
:1086F000F7EE000A70EEC00A94ED0C1A60EE810AE3
:1087000094ED0D1A41EE000AC4ED0C0A206B606373
:108710000BE094ED020AD4ED030A30EE600AD4EDCA
:10872000090A80EE200A84ED0C0AA068E06094ED4E
:10873000020ABDEEC00A10EE100A00F0CEFA00EEFA
:10874000100AD4ED050A94ED021A60EE810A94ED48
:10875000071AD4ED0A1A41EE210A94ED081AD4ED55
:108760000C1A41EE210A94ED061AD4ED021A21EEFC
:10877000211AB8EEC00A21EE000A9FED3A1A80EEE7
:10878000010A30EE800A84ED100A94ED110AB5EE6C
:10879000400AF1EE10FA4FDD94ED110AB5EE400AF1
:1087A000F1EE10FA02DD94ED110A03E094ED110AE6
:1087B000B1EE400AD4ED100AB4EE600AF1EE10FA00
:1087C0000ED594ED110AB5EE400AF1EE10FA02DD75
:1087D00094ED110A2EE094ED110AB1EE400A29E061
:1087E00094ED110AB5EE400AF1EE10FA02DD94EDB7
:1087F000110A03E094ED110AB1EE400AD4ED100A1B
:10880000B1EE400AF4EE400AF1EE10FA10D594ED04
:10881000110AB5EE400AF1EE10FA02DD94ED110AEC
:1088200003E094ED110AB1EE400AB1EE400A01E016
:1088300094ED100A84ED100A94ED100A10BD0000AA
:1088400080B59FED090A90F83D10002902D001295A
:1088500003D005E0FFF717FE02E0FFF7ABFEFFE7EE
:1088600001BD000000006143000000009FED8F2B60
:1088700020EE021B53EC112B1946F0B421F00044FA
:1088800057EC116B274647EC126B9FED8A4BB4EE09
:10889000442BF1EE10FA2DED068B2BD5B6EE002B06
:1088A00053EC122B01F00041194355EC124B0D46CD
:1088B00045EC124B32EE011BBDEEC11B11EE101A3E
:1088C000002900F09D80BAEEC21B9FED7C3B01EEBB
:1088D000030B9FED7C5B01EE050B9FED7C7B01EEB6
:1088E000070B9FED7C9B01EE090B9FED7C3B01EE9E
:1088F000030B85E055EC104B6B0043EAD4735A151B
:10890000DB1712F1010F14D14FF0FF30834208BF83
:10891000824208D12D0345EA14552403002D08BFD7
:10892000002C40F0BF80BDEC068B9FED6E0BF0BCC1
:10893000704724F0000235F0004308BF002A08D138
:10894000002800F0AF80BDEC068BB7EE000BF0BC4A
:108950007047B6EE002B53EC122B01F00041194387
:1089600055EC124B0D4645EC124B32EE011B53EC0D
:10897000112B5D0045EAD2755400002D08BF002C74
:1089800019D040F23341A1EB5551352904DB02F0F7
:10899000000203F000430CE0202903DD2039CB4026
:1089A0008B4000E001D1002203E00029C4BFCA408F
:1089B0008A4043EC112B53EC112B22F0000433F0CE
:1089C000004508BF002C17D09FED483B21EE032B3C
:1089D0009FED3A5B02EE050B9FED3A7B02EE070B33
:1089E0009FED3A9B02EE090B9FED3AAB02EE0A0BAC
:1089F0009FED3A5B02EE050BBDEEC11B11EE101AA6
:108A000053EC102B23F0004301F0030143EC112B36
:108A10009FED383B0818B4EE431BF1EE10FA04D575
:108A2000C1073BD5B7EE000B38E0C10720EE001BB5
:108A30001AD59FED322B9FED334B01EE024B9FED8C
:108A4000336B04EE016B9FED338B06EE018B9FEDD4
:108A5000332B08EE012B9FED334B02EE014BB7EEAB
:108A6000000B04EE010B19E09FED307B9FED314BC5
:108A700001EE074B9FED318B04EE018B9FED31AB87
:108A800008EE01AB9FED317B0AEE017B9FED314B90
:108A900020EE012B07EE014B02EE040B800748BFCE
:108AA000B1EE400BBDEC068BF0BC704783C8C96DBE
:108AB000305FE43F0000A0FFFFFFDF4100000050F7
:108AC000FB21B9C100000060B41011C000000020FB
:108AD00026A651BE000000005C14D3BC000000209C
:108AE0009A833BBBFFFFFFFFFFFFFF7F00000000FB
:108AF0000000303E000000000000403E09260A1041
:108B000039BA213E3BA861C6F97D92BE63AC309074
:108B10009F01FA3EF6FB51166CC156BFB102555586
:108B20005555A53FAEFFFFFFFFFFDFBFB08F2FC33F
:108B300010D8E53D8F0C73A1E1E55ABE4DADE44F71
:108B4000E31DC73E3EE3B519A0012ABFFAF010119C
:108B50001111813F425555555555C5BF002085E639
:108B60001CB569460220F8F705F8002850D09DF89A
:108B70000000A52805D14D48C179A52901D00021C3
:108B800081734A4B9DF80000997B1944C871987B0A
:108B9000401C9873987B07283ADBD879A5282FD1F9
:108BA0000020D873002106E0DA7B03EB0100C079D6
:108BB0008218DA73491C0629F6DBD87B597B884278
:108BC00015D1187A022809D1587A997A51EA0021E8
:108BD0001982D87A197B51EA0021598200209873B2
:108BE00007210022DC1D2000F7F7B8FB10E0002071
:108BF000987307210022DC1D2000F7F7AFFB07E088
:108C00000020987307210022DC1D2000F7F7A6FB47
:108C100013BD80B5254BA5221A7001225A7002009F
:108C200012B212129A70D870080000B200121871B5
:108C3000597100209871002104E09A79585C8218DB
:108C40009A71491C0629F8DB072219000220F7F760
:108C500074FF01BD80B51549A52008700220487039
:108C6000002088700020C870002008710020487122
:108C7000A720887107220220F7F75FFF01BD38B5F2
:108C800007210022094C25002800F7F767FB072180
:108C90000022E51D2800F7F761FB0020A0730020EB
:108CA000E073002060820020208231BDB4140228CD
:108CB00080B5022302225FF4E1210220F8F780F858
:108CC00001210220F7F7FDFFFFF7D9FF0021002067
:108CD000FFF79FFFFFF7BEFF01BD002848BF4042DE
:108CE00070470000022801D3012010E00B00DBB226
:108CF000042B01DB01200AE0DFF86C3303EB80007A
:108D0000C9B2405C824201D3012000E000207047DC
:108D1000F8B506000F0015001C00022E01D301203B
:108D20001DE02A003900C9B23000FFF7DBFF01283F
:108D300001D1012013E03800C0B2002812D1B4F5EF
:108D4000807F0DD2DFF824037603304400EB8500EA
:108D500010F58050016864F30F2101600020F2BD1E
:108D60000120FCE7FFB2012F11D1B4F5803F0CD2F6
:108D7000DFF8F8027603304400EB850010F5A050D0
:108D8000016864F317210160E8E70120E7E70120AB
:108D9000E5E700B20012C0B27047F8B505000E005A
:108DA0001700280000B2FFF7F4FF04002000C0B253
:108DB000022801D3012023E03A003100C9B220008B
:108DC000C0B2FFF78FFF012801D1012018E0A749A9
:108DD0002000C0B2400308442A00D2B200EB820057
:108DE000D0F8000CF6B266F3092067F30700E4B28E
:108DF00064032144EDB201EB8501C1F8000C0020B1
:108E0000F2BD70B504000D001600022C01D3012044
:108E10001CE032002900C9B22000FFF763FF0128DF
:108E200001D1012012E091496003085850F0004040
:108E300050F0407050F47F00EDB265F3092066F306
:108E400007006203885064030859002070BD80B594
:108E50000100C9B2032906DA8549C0B2C00108443D
:108E6000FAF793FE07E08349C0B2C0010844B0F5A9
:108E7000C070FAF78AFE01BD70B596B004000D000F
:108E80005021002202AE3000F7F768FA00262000D9
:108E9000C0B203286ADA002201212000C0B200F229
:108EA000711000B2FFF779FF2000C0B200F271101C
:108EB00000B2FFF76EFF092300220121C0B2FFF7C5
:108EC00027FF2000C0B200F2711000B2FFF761FF6F
:108ED00000220121C0B2FFF794FF2000C0B210F5BC
:108EE000D570ADF800000220ADF8020001208DF829
:108EF0000400032260482100C9B250F821106846DE
:108F0000F8F7AAFAED00029500208DF80C00002079
:108F10008DF80D0000208DF80E0000208DF8100057
:108F200003208DF84C000120149000208DF854008F
:108F300000208DF855004E4D02A92000C0B2C0019E
:108F40002844FAF753FD2000C0B2C0012844FAF7C4
:108F50000DFE2000C0B2C0012844F7F702FCE4B2C5
:108F6000E40105EB0400FAF70AFE7AE00022012191
:108F70002000C0B210F5B17000B2FFF70EFF200064
:108F8000C0B210F5B17000B2FFF703FF0923002251
:108F90000121C0B2FFF7BCFE2000C0B210F5B170D5
:108FA00000B2FFF7F6FE00220121C0B2FFF729FF51
:108FB0002000C0B200F29B10ADF800000220ADF816
:108FC000020001208DF8040003222B482100C9B2C1
:108FD00050F821106846F8F73FFAED00002005E050
:108FE000B5F5803F01D3761C6D08401C0828F7DBDF
:108FF00002958DF80C6000208DF80D0000208DF892
:109000000E0000208DF8100003208DF84C00012088
:10901000149000208DF8540000208DF85500154D57
:1090200002A92000C0B2C0012844B0F5C070FAF710
:10903000DDFC2000C0B2C0012844B0F5C070FAF7D2
:1090400095FD2000C0B2C0012844B0F5C070F7F70C
:1090500088FBE4B2E40105EB0400B0F5C070FAF758
:109060008EFD16B070BD000004A80C100000044076
:109070000000594000805840C4070228D0F8C80FAB
:109080007047C0F8C01FD0F8C00F7047D0F8880FE5
:109090007047C0F8801FD0F8800F704780B500205F
:1090A000FFF7D5FEFAF76EFFFBF7D0F95D48D0ED7C
:1090B000000A5D4890ED000AFEF7EEFE5B48B0F94D
:1090C000101049425A4A1180408A5A49088001BD0D
:1090D00080B50120FFF7BBFE01BD80B50220FFF780
:1090E000B6FEFDF7F7FA01BD80B50320FFF7AFFE2E
:1090F000FEF7E2FFFFF72DF8FDF736FB4B48B0F91E
:10910000101049424C4A1170418A4C4A1170B0F912
:109110001210B0F91000091A022091FBF0F000EED5
:10912000100AB8EEC00A464880ED000A01BD80B5BD
:109130000420FFF78CFE01BD80B50520FFF787FEF8
:1091400001BD80B50620FFF782FE01BD80B5072076
:10915000FFF77DFE01BD80B50820FFF778FE01BD59
:1091600080B50920FFF773FE01BD80B50A20FFF727
:109170006EFE01BD80B50B20FFF769FE01BD80B515
:109180000C20FFF764FE01BD80B50D20FFF75FFEE8
:1091900001BD80B50E20FFF75AFE00F0B3F801BD07
:1091A00080B50020F7F793FCFFF768FF400708D56C
:1091B0000020F7F78CFC0421FFF763FFF7F72BF88B
:1091C0000DE00020F7F783FCFFF760FF800506D570
:1091D0000020F7F77CFC4FF40071FFF75AFF01BD48
:1091E00080B50120F7F773FCFFF748FF400709D56A
:1091F0000120F7F76CFC0421FFF743FF11480068DA
:1092000080470DE00120F7F762FCFFF73FFF800584
:1092100006D50120F7F75BFC4FF40071FFF739FF2B
:1092200001BD00000000022808150228B41402281D
:109230007615022878150228891502288A15022831
:109240002C150228B007022880B50220F7F73FFC52
:10925000FFF714FF400708D50220F7F738FC042178
:10926000FFF70FFFFFF77CFC0DE00220F7F72FFC64
:10927000FFF70CFF800506D50220F7F728FC4FF416
:109280000071FFF706FF01BD80B50320F7F71FFC53
:10929000FFF7F4FE400706D50320F7F718FC04217A
:1092A000FFF7EFFE0DE00320F7F711FCFFF7EEFEEE
:1092B000800506D50320F7F70AFC4FF40071FFF78D
:1092C000E8FE01BD80B50420F7F701FCFFF7D6FEEC
:1092D000400708D50420F7F7FAFB0421FFF7D1FE79
:1092E000FFF73EFC0DE00420F7F7F1FBFFF7CEFEA1
:1092F000800506D50420F7F7EAFB4FF40071FFF76D
:10930000C8FE01BDF8B51948007800282DD000200E
:10931000174C08202060174D042028600820286082
:10932000042020600820206004202860002615E02A
:1093300008202860104F072000F022F83100C9B241
:1093400027F81100042000F01BF83100C9B207EB28
:109350004101A1F8000108202060761C3000C0B255
:109360008028E5DB012005490870F1BD9115022830
:109370000803314004033140C80D02289215022829
:1093800030B40100C9B249090200D2B2202392FBD5
:10939000F3F403FB1422154BC0B21B5C5B00D3F14A
:1093A0000403134C0800C0B254F820001500EDB2BD
:1093B000AD01284400F63C00056855F00105056044
:1093C0000800C0B254F82000D0F80002C00F0028F6
:1093D000F6D1C9B254F82100D2B292011044D0F8AB
:1093E000240880B2184180B230BC704700130228B4
:1093F000B80702280000000000000000002F000055
:1094000000000700070000147F147F1400242A7F47
:109410002A120062640813230036495522500000C6
:109420000503000000001C224100000041221C0036
:109430000014083E08140008083E0808000000A0B8
:109440006000000808080808000060600000402074
:1094500010080402003E5149453E0000427F400092
:10946000004261514946002141454B310018141218
:109470007F10002745454539003C4A4949300001E5
:109480007109050300364949493600064949291E34
:109490000000363600000000563600000008142296
:1094A0004100001414141414000041221408000296
:1094B0000151090600324959513E007C1211127CBB
:1094C000007F49494936003E41414122007F4141E8
:1094D000221C007F49494941007F09090901003EDA
:1094E0004149497A007F0808087F0000417F410018
:1094F000002040413F01007F08142241007F40408E
:109500004040007F020C027F007F0408107F003E75
:109510004141413E007F09090906003E4151215E5B
:10952000007F091929460046494949310001017F58
:109530000101003F4040403F001F2040201F003FEE
:109540004038403F006314081463000708700807A0
:1095500000615149454300007F4141000204081069
:109560002040000041417F0000040201020400404D
:109570004040404000000102040000205454547850
:10958000007F484444380038444444200038444470
:10959000487F00385454541800087E09010200180E
:1095A000A4A4A47C007F080404780000447D40004B
:1095B000004080847D00007F102844000000417F2F
:1095C0004000007C04180478007C0804047800380B
:1095D0004444443800FC242424180018242418FC93
:1095E000007C0804040800485454542000043F44FC
:1095F0004020003C4040207C001C2040201C003CBF
:109600004030403C004428102844001CA0A0A07C0E
:10961000004464544C4414141414141438B500F069
:1096200077F900F042F800F0C9F871490868800342
:1096300012D4BFF34F8FBFF36F8F00206D4A1060BD
:10964000BFF34F8FBFF36F8F086850F4003008608E
:10965000BFF34F8FBFF36F8F0868C00324D400207F
:10966000654A1060BFF34F8F64480268C2F34E33FF
:10967000C2F3C90443F6E07010EA431050EA847064
:109680005F4D28602000441E0028F3D11800431EBF
:109690000028EDD1BFF34F8F086850F48030086088
:1096A000BFF34F8FBFF36F8F31BD70B586B0684683
:1096B00054491822F5F786FA00200AE069460200AC
:1096C000D2B201EBC2014968491C11F0070F0DD15C
:1096D000401C0100C9B2032909D269460200D2B276
:1096E00011F8321011F0070FE8D0FEE7FEE7464C04
:1096F000207810F0070F00D0FEE7444D2868401C8A
:1097000010F0070F00D0FEE7002622E06846310087
:10971000C9B200EBC10041683000C0B252F830005D
:1097200000F043F814E000200028EFD02168491E23
:109730003000C0B252F8300000F037F8684631000F
:10974000C9B200EBC10041682868401C00F02DF848
:10975000761C3000C0B2032825D26A463000C0B261
:1097600052F83000002813D020683100C9B252F8F6
:10977000311088420AD368463100C9B200EBC100FB
:1097800040682168884201D30120CDE70020CBE763
:1097900068463100C9B200EBC100406821688842C8
:1097A000C1D30120C0E706B070BD0022002302E053
:1097B000C0E9002308308842FAD3704730B4144817
:1097C00080081449144A002308E01C00E4B252F84F
:1097D00024401D00EDB241F825405B1C1C00050033
:1097E000E4B2EDB2AC42F0D30C48016030BC70473B
:1097F00014ED00E050EF00E084ED00E080ED00E0CB
:1098000060EF00E094A60C10BC9D0C10C09D0C10E5
:1098100080000000001602280000081008ED00E09B
:1098200010B5002042490860BFF34F8F41480168DE
:10983000C1F34E32C1F3C90343F6E07010EA42109F
:1098400050EA83703C4C20601800431E0028F3D17E
:109850001000421E0028EDD1BFF34F8FBFF36F8F72
:10986000BFF34F8FBFF36F8F002034490860BFF301
:109870004F8FBFF36F8F00F001F810BD38B586B081
:1098800068462F491822F5F79DF96846FBF7A8FFAF
:10989000C0B200280DD02B4C18222B492000FCF719
:1098A0006BFA0020E0754E20284908600020FCF784
:1098B0009BFA274D2800FCF735FAC0B200280DD0DE
:1098C000204C182220492000FCF756FA0020E075B1
:1098D00050201E4908600020FCF786FA1D492868C0
:1098E00008600A681C4882181C48B2FBF0F01C4A49
:1098F00010601C48096801F2E7314FF47A72B1FB3D
:10990000F2F101600068C0031749086007B030BD7C
:1099100080B500F02DF815490A6852F470020A600B
:10992000BFF34F8FBFF36F8F00F026F801BD00002B
:1099300084ED00E080ED00E074EF00E050EF00E027
:10994000ACA60C103C140228B49E0C101C15022866
:1099500030150228341502283F420F0040420F0004
:109960003C150228381502284015022888ED00E031
:10997000EFF3108072B6704780F3108870470000D4
:10998000010009B2002908D4012210F01F018A4009
:109990004F4900B2400941F820207047FEE780B5EA
:1099A0004C4800684C4801680800C00F002805D0EA
:1099B0004A488905890D50F8210080470020FFF7AB
:1099C000DFFF01BD80B546480068464801680800D1
:1099D000C00F002805D041488905890D50F82100A5
:1099E00080470120FFF7CCFF01BD80B53E480068ED
:1099F0003E4801680800C00F002805D03748890597
:109A0000890D50F8210080470220FFF7B9FF01BD02
:109A100080B537480068374801680800C00F002843
:109A200005D02E488905890D50F821008047032074
:109A3000FFF7A6FF01BD80B52F4800682F480168D9
:109A40000800C00F002805D024488905890D50F86A
:109A5000210080470420FFF793FF01BD80B528480F
:109A60000068284801680800C00F002805D01B487E
:109A70008905890D50F8210080470520FFF780FFF8
:109A800001BD80B520480068204801680800C00F6B
:109A9000002805D011488905890D50F8210080471C
:109AA0000620FFF76DFF01BD80B519480068194811
:109AB00001680800C00F002805D008488905890DF5
:109AC00050F8210080470720FFF75AFF01BD000032
:109AD00080E200E09CA80C10000120401000022849
:109AE000A0A80C1004012040A4A80C1008012040DC
:109AF000A8A80C100C012040ACA80C1010012040AC
:109B0000B0A80C1014012040B4A80C10180120407B
:109B1000B8A80C101C01204038B514001D00C0B2BC
:109B2000012801D100F04DF8E4B2012C01D1FDF77C
:109B30007DFAEDB2012D01D1FBF74BF90498C0B2CB
:109B4000012801D100F062F80598C0B2012801D1C6
:109B5000FFF7AEF80698C0B2012801D1FEF77EF9F2
:109B60000798C0B2012801D1FAF72EF80898C0B2C0
:109B7000012802D10A20FDF75FF90998C0B2012837
:109B800018D14FF47A710020FFF776F941F288314D
:109B90000120FFF771F942F210710220FFF76CF912
:109BA00046F2A8110320FFF767F94CF25031042068
:109BB000FFF762F90A98C0B2012801D1FCF723FE31
:109BC00031BD80B500F012F8064A00210020F8F7F8
:109BD00083FA054A10210020F8F77EFAF7F79CFF78
:109BE00001BD000004A70C1014A70C1080B54FF69F
:109BF000FF710020F7F7FCFF0120F7F7F5FF0020C9
:109C0000F8F74EFB0020F7F7D0FF01BD80B541F219
:109C100069124FF496712C20F6F784F841F29D12E8
:109C20004FF496712F20F6F77DF841F20F124FF4A2
:109C300096715620F6F776F841F2B5124FF4967108
:109C40005420F6F76FF801BD80B588B0254800F0C4
:109C500053F8F6F74FFB01200690012005900120F4
:109C60000490012003900020029001200190012027
:109C700000900123012200210120FFF74DFF1A4827
:109C80001A491B4A127800EE102AB8EE400AB7EEC5
:109C9000C00A8DED060BB1F9122000EE102AB8EEC5
:109CA000C00AB7EEC00A8DED040BB1F9101049429D
:109CB00000EE101AB8EEC00AB7EEC00A8DED020B26
:109CC0000C4991ED000AB7EEC00A8DED000B90ED46
:109CD000000AB7EEC00A53EC102B41680620FDF7CE
:109CE000DBF8CCE780B2E60EEC140228B4140228AC
:109CF000881502282C15022880B505490860FFF751
:109D00008FFDF9F77AFC0020F7F77EFB01BD00001C
:109D10005015022872B61D4908684FEA102000F05D
:109D20000F000E2808BF1A490D2808BF1949072837
:109D300008BF1949082808BF1849086820F00B0017
:109D400008600868BFF34F8F154816490860BFF3D5
:109D50004F8F1549086840F00700086013490868EC
:109D600040F007000860BFF34F8FBFF36F8F0020F4
:109D70000021124AE2E802016A45FBD10C4FB847C4
:109D80000C4FB8470C4FB847FEE7000000002040DA
:109D90000C0020400C0420400C0820400C0C2040FB
:109DA0000000081008ED00E090EF00E094EF00E004
:109DB0001D960C10F9A40C1079A60C1000FF0728B2
:109DC000FFFF0728443A5C5A4E435359535C415FA6
:109DD00042616C616E6365645F776865656C5F6C3A
:109DE00065675F6361725C426C616C616E63655F45
:109DF000776865656C5F6C65675F466569735F76FC
:109E0000312E345C6C69627261726965735C736473
:109E10006B5C747669696268346D5C7372635C64F0
:109E20007269766572735C737973636C6B5C63796A
:109E30005F737973636C6B2E68000000443A5C5A60
:109E40004E435359535C415F42616C616E6365647C
:109E50005F776865656C5F6C65675F6361725C42C4
:109E60006C616C616E63655F776865656C5F6C657E
:109E7000675F466569735F76312E345C6C69627228
:109E800061726965735C73646B5C7476696962683E
:109E9000346D5C7372635C647269766572735C7353
:109EA0007973636C6B5C63795F737973636C6B2E2E
:109EB00063000000443A5C5A4E435359535C415F7F
:109EC00042616C616E6365645F776865656C5F6C49
:109ED00065675F6361725C426C616C616E63655F54
:109EE000776865656C5F6C65675F466569735F760B
:109EF000312E345C6C69627261726965735C736483
:109F00006B5C747669696268346D5C7372635C73F0
:109F1000797374656D5C73797374656D5F7476695C
:109F2000696268346D5F636D372E6300443A5C5A32
:109F30004E435359535C415F42616C616E6365648B
:109F40005F776865656C5F6C65675F6361725C42D3
:109F50006C616C616E63655F776865656C5F6C658D
:109F6000675F466569735F76312E345C6C69627237
:109F700061726965735C7A665F6465766963655C66
:109F80007A665F6465766963655F776972656C653B
:109F900073735F756172742E63000000443A5C5AFB
:109FA0004E435359535C415F42616C616E6365641B
:109FB0005F776865656C5F6C65675F6361725C4263
:109FC0006C616C616E63655F776865656C5F6C651D
:109FD000675F466569735F76312E345C6C696272C7
:109FE00061726965735C7A665F636F6D6D6F6E5CDD
:109FF0007A665F636F6D6D6F6E5F66756E637469B1
:10A000006F6E2E6300000000443A5C5A4E43535971
:10A01000535C415F42616C616E6365645F77686544
:10A02000656C5F6C65675F6361725C426C616C61FB
:10A030006E63655F776865656C5F6C65675F4665D5
:10A0400069735F76312E345C6C6962726172696526
:10A05000735C7A665F6465766963655C7A665F6483
:10A0600065766963655F696D7536363072612E633A
:10A0700000000000443A5C5A4E435359535C415F20
:10A0800042616C616E6365645F776865656C5F6C87
:10A0900065675F6361725C426C616C616E63655F92
:10A0A000776865656C5F6C65675F466569735F7649
:10A0B000312E345C6C69627261726965735C7A66B8
:10A0C0005F636F6D6D6F6E5C7A665F636F6D6D6FF2
:10A0D0006E5F6669666F2E6300000000443A5C5A4A
:10A0E0004E435359535C415F42616C616E636564DA
:10A0F0005F776865656C5F6C65675F6361725C4222
:10A100006C616C616E63655F776865656C5F6C65DB
:10A11000675F466569735F76312E345C6C69627285
:10A1200061726965735C7A665F6465766963655CB4
:10A130007A665F6465766963655F69707332303033
:10A140002E630000443A5C5A4E435359535C415FBE
:10A1500042616C616E6365645F776865656C5F6CB6
:10A1600065675F6361725C426C616C616E63655FC1
:10A17000776865656C5F6C65675F466569735F7678
:10A18000312E345C6C69627261726965735C7A66E7
:10A190005F6472697665725C7A665F64726976651F
:10A1A000725F756172742E6300000000443A5C5A5D
:10A1B0004E435359535C415F42616C616E63656409
:10A1C0005F776865656C5F6C65675F6361725C4251
:10A1D0006C616C616E63655F776865656C5F6C650B
:10A1E000675F466569735F76312E345C6C696272B5
:10A1F00061726965735C7A665F6465766963655CE4
:10A200007A665F6465766963655F6B65792E630066
:10A21000443A5C5A4E435359535C415F42616C610E
:10A220006E6365645F776865656C5F6C65675F63C7
:10A2300061725C426C616C616E63655F77686565D5
:10A240006C5F6C65675F466569735F76312E345C61
:10A250006C69627261726965735C7A665F64726967
:10A260007665725C7A665F6472697665725F707734
:10A270006D2E6300443A5C5A4E435359535C415F20
:10A2800042616C616E6365645F776865656C5F6C85
:10A2900065675F6361725C426C616C616E63655F90
:10A2A000776865656C5F6C65675F466569735F7647
:10A2B000312E345C6C69627261726965735C7A66B6
:10A2C0005F6472697665725C7A665F6472697665EE
:10A2D000725F7370692E6300443A5C5A4E4353595F
:10A2E000535C415F42616C616E6365645F77686572
:10A2F000656C5F6C65675F6361725C426C616C6129
:10A300006E63655F776865656C5F6C65675F466502
:10A3100069735F76312E345C70726F6A6563745C4A
:10A32000636F64655C636F6E74726F6C2E630000A4
:10A33000443A5C5A4E435359535C415F42616C61ED
:10A340006E6365645F776865656C5F6C65675F63A6
:10A3500061725C426C616C616E63655F77686565B4
:10A360006C5F6C65675F466569735F76312E345C40
:10A3700070726F6A6563745C636F64655C6D617451
:10A380007269782E63000000000000000000244085
:10A390000000000000005940000000000088C34099
:10A3A0000000000084D797410080E03779C3414323
:10A3B000176E05B5B5B89346F5F93FE9034F384D2B
:10A3C000321D30F94877825A3CBF737FDD4F1575D7
:10A3D0004260E53B000000000000000000000000BB
:10A3E000000000004260E53B0000000000000000AB
:10A3F00000000000000000004260E53B000000009B
:10A400000000000000000000000000004260E53B8A
:10A41000002474490000000000000000000000005B
:10A42000000000000024744900000000000000004B
:10A43000000000000000000000247449000000003B
:10A44000000000000000000000000000002474492B
:10A450000000803F0000000000000000000000003D
:10A46000000000000000803F00000000000000002D
:10A4700000000000000000000000803F000000001D
:10A480000000000000000000000000000000803F0D
:10A4900030B4002512E050F8042BD30744BF4A44DF
:10A4A000521E091F042942F8045BFAD213468C0796
:10A4B00044BF15809B1CC90748BF1D7050F8041B82
:10A4C0000029E8D130BC70470000050021810C1044
:10A4D000ECA70C1005000F0021810C10F4A70C1044
:10A4E0000F00140021810C10FCA70C10140019009F
:10A4F00021810C10ECA70C1010B5074979441831D4
:10A50000064C7C44163404E00A68081D1144884750
:10A510000146A142F8D110BD500000006C000000BF
:10A520000050C347000000000000000000000000D1
:10A530000050C347000000000000000000000000C1
:10A540000050C3474EF68851CEF20001086840F42F
:10A5500070000860BFF34F8FBFF36F8F4FF0017033
:10A56000E1EE100A7047000029FFFFFF500D0000C8
:10A570004808022800000000BF44FFFF0C04000050
:10A580006402000000000228B29D6FBD52B81EBFD9
:10A590006C09C9BF6744E9BDB29D6FBD52B81EBF0B
:10A5A0006C09C9BF6744E9BD04207146084202D066
:10A5B000EFF3098001E0EFF3088000B50149884717
:10A5C00000BD0000ED5D0C10000000000000000068
:10A5D000801C800803D0401C801EFCD100BF704747
:10A5E000EFF3108072B6704780F310887047000058
:10A5F00000F00EF8002801D0FFF77EFFAFF30080D7
:10A600000020AFF30080FFF71FFB00F003F800000D
:10A610000020704700F000B807463846F4F766FDA2
:10A62000FBE700000D0A66696C65202573206C69E4
:10A630006E652025643A2025732E0D0A0000000067
:10A64000696D7536363072612073656C662063689B
:10A6500065636B206572726F722E00000420714674
:10A66000084201D0EFF30980EFF3088000B50149FB
:10A67000884700BDE1A70C100548014603B46846B1
:10A6800080F30988AFF30080FFF75CFFFFF7B0FFAE
:10A69000A5EDF5FE00000228FFFF072800000020BE
:10A6A000FF3F002000000000FF3F000000127A0082
:10A6B000000000000024F400008000000080000082
:10A6C000008000000D0A66696C65202573206C69A6
:10A6D0006E652025642E0D0A00000000696D753638
:10A6E0003630726120696E6974206572726F722EE5
:10A6F000000000000000803F00000000000000009B
:10A70000000000006D7439763033785F696E6974CB
:10A710002E2E2E00696E69742073756363657373E2
:10A720002E2E2E0066696C653A206D646B2F2573A2
:10A7300000000000417373657274206572726F725D
:10A740000000000020496D616765202000000000C6
:10A750005370656564504944000000004469725FAD
:10A760005F5049440000000020537065656420205C
:10A7700000000000435F466C617368200000000029
:10A780004D6F746F723A4F6E000000004D6F746F22
:10A79000723A4F66660000004C5F53706565643A1C
:10A7A00000000000525F53706565643A00000000CD
:10A7B0004361725F53706565643A000066696C6559
:10A7C0003A202573000000006C696E653A2025640C
:10A7D000000000004C6F67206D6573736167650052
:10A7E000816911F8021CC9B201607047E694B6E8AD
:10A7F00085BF0000E8B5B7E8B7B30000E7BC93E554
:10A8000086B200000301000010110010312E312E1D
:10A8100031000000312E322E310000004650533AF4
:10A82000000000004D65756E200000002054657327
:10A830007400000020446562756700002052756E48
:10A840002000000054657374200000004D6F746F89
:10A8500072000000456E636F64650000496D6167BA
:10A86000650000004779726F000000004465627562
:10A8700067000000575F466C617368004D6F746F2E
:10A88000722000004C5F50574D3A0000525F505705
:10A890004D3A000000A09B4500A09B450000000031
:10A8A00000000000000000000000000000000000A8
:10A8B0000000000000000000000000000000000098
:10A8C0000000000000000000000000000000000088
:10A8D0000000000000000000000000000000000078
:10A8E0000000000000000000000000000000000068
:10A8F0000000000000000000000000000000000058
:10A900000000000000000000000000000000000047
:10A910000000000000000000000000000000000037
:10A92000000000000000000000000000000068417E
:10A930009A9919400000C8410000C8C1CDCCCC3D57
:10A94000CDCCCC3D0000807FA3A2A1A0FFF7FEBF2D
:10A95000FFF72ABEFFF728BEFFF726BEFFF7FEBFB0
:10A96000FFF7FEBFFFF7FEBFFFF7FEBFFFF7FEBF1B
:10A97000FFF7FEBFFFF7FEBFFFF7FEBFFFF7FEBF0B
:10A98000FFF7FEBFFFF7FEBFF012FF0AD709C13184
:10A9900008FCBFCDCCCC3C000090409D990C10042D
:10A9A000F1FF04F1FF04F1FF04F1FF04F1FF04F1F2
:10A9B00077045007100002280AD7233C0001400A00
:10A9C000CDCC1C4100007A440000C8420420087A23
:10A9D000449A99993E6F12833A041C02CDCC4C3EA6
:10A9E000280720073D0000803F0681B5BF082104ED
:10A9F0007001E0BE4E0C410421013007803F228EE1
:10AA0000EDBFF85373143005BE30E9BF8D285D0CDF
:10AA1000100159866830200C0000CCEE493DBC96F0
:10AA2000103DF5B91A3E1821642190F3033100015D
:10AA3000200880453333834155730C10042DAC0737
:10AA4000130010041E20B4071002900C10D1041241
:10AA5000DB0412E90410032F910C10390412430493
:10AA6000124D04125704126104126B041275041281
:10AA70007F0412890412930410050000674000004F
:10AA8000680412690410016640A11412E10413491C
:10AA90009224110412C50410010000601C12650408
:10AAA00012640412630400106240F000400100F8D8
:10AAB000FFFF77010101B4586306000000000000A9
:10AAC0000000000000000000000000000000000086
:10AAD0000000000000000000000000000000000076
:10AAE0000000000000000000000000000000000066
:10AAF0000000000000000000000000000000000056
:10AB00000000000000000000000000000000000045
:10AB10000000000000000000000000000000000035
:10AB20000000000000000000000000000000000025
:10AB30000000000000000000000000000000000015
:10AB40000000000000000000000000000000000005
:0CAB5000000000000000000000000000F9
:04000005100CA679BC
:00000001FF
